((a;zaab,((a;zaab
((aadat,((aadat
((aafiyat,((aafiyat
((aajiz,((aajiz|((aajiz-e
((aalam,((aalam-e|yak-((aalam-o-((aalam|((aalam
((aalam-aaraa))ii,((aalam-aaraa))ii
((aalam-taab,((aalam-taab
((aalii,((aalii
((aalii-guhar,((aalii-guhar
((aam,((aam
((aar,((aar-e
((aari.z,((aari.z|((aari.z-e
((aarif,((aarif
((aashiq,((aashiq-e|((aashiq|sho;x-o-((aashiq-e
((aashiqii,((aashiqii
((aba;s,((aba;s
((adaalat,((adaalat-e
((adaavat,((adaavat|((adaavat-e
((adam,vujuud-o-((adam|((adam
((aduu,((aduu
((ahd,((ahd|((ahd-e
((aib,((aib
((aish,((aish-o-jaah|((aish-e|((aish
((aish-o-jaah,((aish-o-jaah
((ajab,((ajab
((ajz,((ajz-e|((ajz
((aks,((aks|((aks-e
((al;ii-al-ra;gm,((al;ii-al-ra;gm-e
((alaavah,((alaavah
((alam,((alam
((alii,((alii
((aliih,((aliih
((amaarii,((amaarii
((amal,((amal
((anaa.sir,((anaa.sir
((anbar-baar,((anbar-baar-e
((anbarii;n,((anbarii;n
((andaliib,((andaliib
((anqaa,((anqaa
((aqd,((aqd-e
((aqiidah,((aqiidah
((aql,((aql-o-dil-o-jaa;n|((aql
((aql-o-dil-o-jaa;n,((aql-o-dil-o-jaa;n
((ar.sah,((ar.sah|((ar.se|((ar.sah-e
((ar.z,((ar.z|((ar.z-e
((araq,((araq|((araq-e
((arbadah-juu,((arbadah-juu
((arbadah-maidaa;n,((arbadah-maidaa;n
((arsh,((arsh
((ataab,((ataab|qahr-o-((ataab
((ayaar,((ayaar-e
((aziiz,((aziiz
((azm,((azm-e
((i:tr,((i:tr-e
((i:tr-saa,((i:tr-saa-e
((ibaadat,((ibaadat
((ibaarat,((ibaarat
((ibrat,((ibrat-e|((ibrat
((ibrat-nigaah,((ibrat-nigaah
((iid,((iid-e|((iid
((iimaa,((iimaa-e
((iis;aa,((iis;aa
((ilaaj,((ilaaj
((inaan-giir,((inaa;n-giir|((inaa;n-giir-e
((inaan-guse;xtah,((inaa;n-guse;xtah
((inaayat,((inaayat
((ishq,((ishq-e|((ishq-o-naa-guziir-e|((ishq-o-mazduurii-e|((ishq
((ishq-o-mazduurii,((ishq-o-mazduurii-e
((ishq-o-naa-guziir,((ishq-o-naa-guziir-e
((ishrat,((ishrat|((ishrat-e
((ishrat-gah,((ishrat-gah-e
((ishvah,;gamzah-o-((ishvah-o-adaa
((itaab,((itaab
((iyaadat,((iyaadat
((izz,((izz-o-naaz
((izz-o-naaz,((izz-o-naaz
((u;zr,((u;zr-e|((u;zr
((u;zr-;xvaah,((u;zr-;xvaah-e|((u;zr-;xvaah
((uhdah,((uhde
((umr,((umr|((umr-o-asad|((umr-e
((umr-o-asad,((umr-o-asad
((unvaa;n,((unvaa;n
((unvaan,((unvaan-e
((uqdah,((uqde|((uqdah-e
((uquubat,((uquubat
((uryaa;n,((uryaa;n
((uryaanii,((uryaanii
((ushshaaq,((ushshaaq
((uyuub,((uyuub-e
.sa;hraa,.sa;hraa-e|.sa;hraa
.sa;hraa-dast-gaah,.sa;hraa-dast-gaah-o-qa:trah
.sa;hraa-dast-gaah-o-qa:trah,.sa;hraa-dast-gaah-o-qa:trah
.sa;hraa-gard,.sa;hraa-gard
.sa;hraa-navard,.sa;hraa-navard
.saa((iqah,.saa((iqah-o-shu((lah-o-siimaab
.saa((iqah-o-shu((lah-o-siimaab,.saa((iqah-o-shu((lah-o-siimaab
.saa;hib,.saa;hib
.saaf,.saaf
.sabaa,.sabaa
.sabr,shikeb-o-.sabr-e|.sabr-e
.sabr-:talab,.sabr-:talab
.sabr-aazmaa,.sabr-aazmaa
.sad,.sad
.sad-daanah,.sad-daanah
.sad-guunah,.sad-guunah
.sad-hazaar,.sad-hazaar
.sad-jalvah,.sad-jalvah-e
.sad-na:zar,.sad-na:zar
.sad-rang,.sad-rang
.sadaa,.sadaa|.sadaa-e
.sadaf,.sadaf-e
.sadmah,.sadmah-e
.saf,.saf-e
.safaa,.safaa-e
.sahbaa,.sahbaa|.sahbaa-e
.said,.said-e|.said
.saiqal,.saiqal-e|.saiqal
.saiyaad,.saiyaad
.salaa,.salaa|.salaa-e
.sanam-kadah,.sanam-kadah
.sanobar,sarv-o-.sanobar
.sar.sar,.sar.sar|.sar.sar-e
.sarf,.sarf-e
.sarfah,.sarfah
.sariir,.sariir-e
.sayyaad,.sayyaad
.si;h;hat,.si;h;hat
.sifaat,.sifaat
.sile,.sile
.sirf,.sirf
.su;hbat,.su;hbat|.su;hbat-e
.sub;h,.sub;h-e|.sub;h-o-mihr|.sub;h
.sub;h-dam,.sub;h-dam
.sub;h-o-mihr,.sub;h-o-mihr
.sul;h,.sul;h
.suur,.suur
.suurat,.suurat-e|.suurat
.suurat-;xaanah,.suurat-;xaanah-e
.suurate;n,.suurate;n
.suvar,.suvar
.zaamin,.zaamin-e|.zaamin
.zab:t,.zab:t|.zab:t-e|tamkiin-o-.zab:t
.zarar,.zarar
.zaruur,.zaruur
.zauq,.zauq-e
.zid,.zid
.zu((f,.zu((f|.zu((f-e
:ta((n,:ta((n-e
:ta((nah,:ta((nah-e|:ta((nah
:ta((no;n,:ta((no;n
:taa((at,:taa((at|:taa((at-o-zuhd
:taa((at-o-zuhd,:taa((at-o-zuhd
:taa))uus,:taa))uus
:taala((,:taala((-e
:taali((,:taali((-e
:taalib,:taalib-e
:taaq,:taaq-e
:taaqat,:taaqat-e|:taaqat
:taaqat-rubaa,:taaqat-rubaa
:tab((,:tab((-e
:tab((a,:tab((a
:tabii((at,:tabii((at-e|:tabii((at
:tabii((ato;n,:tabii((ato;n
:tabii((ii,:tabii((ii
:tahuur,:tahuur
:talab,:talab
:talabgaar,:talabgaar-e
:tama((,:tama((-e
:tannaaz,:tannaaz
:tara;h,:tara;h
:taraavat,:taraavat|:taraavat-e
:tarab,:tarab
:tarab-inshaa,:tarab-inshaa-e
:taraf,:taraf
:tarf,:tarf-e
:tarz,:tarz-e|:tarz-o-ravish
:tarz-o-ravish,:tarz-o-ravish
:tauf,najaf-o-:tauf-e|:tauf-e
:tauq,:tauq-e|:tauq
:tavaaf,:tavaaf-e
:tay,:tay
:tayuur,:tayuur
:tiflaa;n,:tiflaa;n
:tiflaan,:tiflaan-e
:tilism,:tilism|:tilism-e
:tu((mah,:tu((mah
:turfah,:turfah
:turrah,:turrah-e|:turrah'haa-e|:turrah
:tuu:tii,:tuu:tii-e|:tuu:tii
:tuufaa;n,:tuufaa;n
:tuufaan,:tuufaan-e
:tuufaan-gaah,:tuufaa;n-gaah-e
:tuufaanii,:tuufaanii-e
:tuul,:tuul
:tuulaanii,:tuulaanii
:tuumaar,:tuumaar-e
:tuur,:tuur
:zaahir,:zaahir
:zaahira:n,:zaahira:n
:zaalim,:zaalim
:zann,:zann|:zan
:zarf,:zarf-e|:zarf
:zuhuur,:zuhuur
:zuhuurii,:zuhuurii
:zulm,:zulm
:zulmat-gustarii,:zulmat-gustarii
:zulmat-kadah,:zulmat-kade
;daalnaa,;daal|;daalaa|;daale;nge|;daaliye
;daraanaa,;daraataa
;darnaa,;dare|;dartaa|;dar
;darnaae,;darte
;dhaa;npnaa,;dhaa;npaa
;dhuu;n;dhnaa,;dhuu;n;dhaa|;dhuu;n;dhe
;dhuu;n;dnaa,;dhuu;n;de|;dhuu;n;dtaa
;dubo,;dubo
;duboyaa,;duboyaa
;duubnaa,;duubii
;ga.zab,;ga.zab|qahr-o-;ga.zab
;gaafil,;gaafil
;gaalib,;gaalib|;gaalib-e
;gaaliyah-mo,;gaaliyah-mo
;gaarat,;gaarat
;gaarat-gar,;gaarat-gar-e
;gaarat-garii,;gaarat-garii
;gaazah,;gaazah
;gaflat,;gaflat-e|;gaflat
;gaflat-shi((aarii,;gaflat-shi((aarii
;gaib,;gaib-e|;gaib
;gair,;gair-e|;gair
;gala:t,;gala:t
;gala:t-andaaz,;gala:t-andaaz
;gala:t-bardaar,;gala:t-bardaar
;gala:tii,;gala:tiihaa-e|;gala:tii
;gam,;gam|;gamhaa-e|;gam-o-shaadii|;gam-e
;gam-;xaanah,;gam-;xaane
;gam-;xvaar,;gam-;xvaar-e|;gam-;xvaar
;gam-;xvaaragii,;gam-;xvaaragii
;gam-;xvaarii,;gam-;xvaarii
;gam-gusaar,;gam-gusaar
;gam-gusaarii,;gam-gusaarii
;gam-kadah,;gam-kadah
;gam-naak,;gam-naak
;gam-o-shaadii,;gam-o-shaadii
;gammaazii,;gammaazii
;gamzah,;gamzah-o-((ishvah-o-adaa|;gamze|naaz-o-;gamzah|;gamzah-e|;gamzah
;gamzah-o-((ishvah-o-adaa,;gamzah-o-((ishvah-o-adaa
;ganiimat,;ganiimat
;gara.z,;gara.z
;gariib,;gariib
;gariib-navaaz,;gariib-navaaz
;gariibaa;n,;gariibaa;n
;gariibii,;gariibii
;garq,;garq-e
;garqah,;garqah-e
;garrah,;garrah-e
;gash,;gash
;gayuur,;gayuur
;gazaal,;gazaal
;gazal,;gazal
;gazal-;xvaa;n,;gazal-;xvaa;n
;gazal-;xvaanii,;gazal-;xvaanii
;gazal-saraa,;gazal-saraa
;gubaar,;gubaar-e|;gubaar
;gulaam,;gulaam-e
;gunchah,;gunche|;gunchah|;gunchah-e
;gurbat,;gurbat
;guruur,;guruur-e|;guruur
;gusl,;gusl-e
;ha.zrat,;ha.zrat|;ha.zrat-e
;ha:z:z,;ha:z:z-e
;ha;zar,;ha;zar
;haa))il,;haa))il
;haa.sil,;haa.sil|;haa.sil-e
;haajaat,;haajaat
;haajat,;haajat-e|;haajat
;haajat-mand,;haajat-mand
;haal,;haal-e|;haal
;haalaa;nkih,;haalaa;nkih
;haalat,;haalat
;habaab,;habaab-e
;had,;had
;hadii;s,;hadii;s-e
;haif,;haif
;hairaa;n,;hairaa;n
;hairaanii,;hairaanii
;hairat,;hairat-e|;hairat
;hairat-kadah,;hairat-kadah-e
;haj,;haj
;hall,;hall-e
;halqah,;halqah'haa-e|;halqah|;halqe|;halqah-e
;hammaam,;hammaam
;hamzah,;hamzah
;haq,be-gunah-kush-o-;haq|;haq|;haq-e
;haq-shinaas,;haq-shinaas
;haqiiqat,;haqiiqat-e|;haqiiqat
;haqq,;haqq-e
;haraam,;haraam
;harakat,;harakat
;haram,;haram
;harf,;harf-e|;harf
;harii.s,;harii.s-e
;hariif,;hariif|;hariif-e
;hasad,;hasad
;hasb,;hasb-e
;hashr,;hashr
;hasrat,;hasrataa|;hasrat|;hasrat-e
;hasrat-parast,;hasrat-parast|;hasrat-parast-e
;hasrat-sanj,;hasrat-sanj
;hasrat-zadah,;hasrat-zadah
;hasuud,;hasuud
;hau.salah,;hau.salah
;hau.slah,;hau.slah|;hau.sle
;havaadi;s,;havaadi;s
;hayaa,;hayaa
;hayaat,;hayaat-e|;hayaat-o-band-e
;hayaat-o-band,;hayaat-o-band-e
;hazii;n,;hazii;n
;hiilah,;hiile
;hijaab,;hijaab-e|;hijaab-o-vidaa((-e|;hijaab
;hijaab-o-vidaa((,;hijaab-o-vidaa((-e
;hijr,;hijr
;hijraa;n,;hijraa;n
;hikaayaat,;hikaayaat-e
;hikaayat,;hikaayat-e
;hikmat,;hikmat
;hinaa,;hinaa|;hinaa-e
;hinaa))ii,;hinaa))ii
;hisaab,;hisaab
;hu.zuur,;hu.zuur|;hu.zuur-e
;hubaab,qa:trah-o-mauj-o-;hubaab
;hujjat,;hujjat
;hujrah,;hujrah
;hukm,;hukm
;husain,;husain
;husn,;husn|;husn-e
;husn-parastii,;husn-parastii
;huur,;huur|;huure;n
;huuraan,;huuraan-e
;saabit,;saabit
;saanii,;saanii
;sabaat,;sabaat
;savaab,;savaab|;savaab-e
;taalnaa,;taale;nge
;tapaknaa,;tapaktaa|;tapaktii
;tapkaanaa,;tapkaane
;tapknaa,;tapkaa|;tapke
;te;rhaa,;te;rhaa
;thaanii,;thaanii
;thahrnaa,;thahraa|;thahre;n
;than;daa,;than;daa
;tuk;raa,;tuk;raa
;tuu;tnaa,;tuu;te|;tuu;t
;xa:t,;xa:t-e|;xa:t
;xa:t:t,;xa:t:t-e|;xa:t:t-o-;xaal
;xa:t:t-o-;xaal,;xa:t:t-o-;xaal
;xa:taa,;xa:taa
;xa:tar,;xa:tar
;xaa.s,;xaa.s
;xaa:tir,;xaa:tir-e|;xaa:tir
;xaa;n,;xaa;n
;xaak,;xaak|;xaak-e
;xaak-andaaz,;xaak-andaaz
;xaakistar,;xaakistar-o-bulbul
;xaakistar-nishiinii,;xaakistar-nishiinii
;xaakistar-o-bulbul,;xaakistar-o-bulbul
;xaal,;xaal-e|;xa:t:t-o-;xaal
;xaalii,;xaalii
;xaaliq,;xaaliq-e
;xaam,;xaam
;xaamah,;xaamah-e|;xaamah
;xaamah-farsaa,;xaamah-farsaa
;xaamosh,;xaamosh
;xaamoshii,;xaamushii|;xaamoshii
;xaan-maan,;xaan-maa;n
;xaan-maan-;xaraab,;xaan-maa;n-;xaraab
;xaanah,;xaanah-e
;xaanah-;xaraabii,;xaanah-;xaraabii
;xaanah-aaraa))ii,;xaanah-aaraa))ii
;xaanah-viiraan-saaz,;xaanah-viiraa;n-saaz
;xaanah-viiraan-saazii,;xaanah-viiraa;n-saazii-e
;xaanah-viiraanii,;xaanah-viiraanii
;xaanah-zaad,;xaanah-zaad-e
;xaanaqaah,;xaanaqaah
;xaar,;xaar-e|;xaar
;xaar-;xaar,;xaar-;xaar-e
;xaaraa,;xaaraa
;xaashaak,;xas-o-;xaashaak-e|;xas-o-;xaashaak|;xaashaak
;xaatim,;xaatim-e
;xaatir,;xaatir-e
;xabar,;xabar
;xafaa,;xafaa
;xafaa))ii,;xafaa))ii
;xafaqaanii,;xafaqaanii
;xair,;xair
;xair-baad,;xair-baad
;xajaalat,;xajaalat
;xajlat,;xajlat-e
;xalal,;xalal
;xalish,;xalish|;xalish-e
;xalq,;xalq
;xalvat,;xalvat|;xalvat-e|;xalvat-o-jalvat
;xalvat-o-jalvat,;xalvat-o-jalvat
;xam,;xam-e|pur-pech-o-;xam|pech-o-;xam|;xam
;xamosh,;xamosh
;xamoshii,;xamoshii
;xamoshiyo;n,;xamoshiyo;n
;xamyaazah,;xamyaazah
;xandah,;xandah|;xandah-e|;xandah'haa-e
;xanjar,;xanjar|dashnah-o-;xanjar|dast-o-;xanjar-e
;xanjar-aazmaa,;xanjar-aazmaa
;xaraab,;xaraab-e|;xaraab
;xaraabaat,;xaraabaat
;xaraabii,;xaraabii
;xaraash,;xaraash-e
;xariidaar,;xariidaar-e|;xariidaar
;xarj,jam((-o-;xarj|jam((-o-;xarj-e
;xarosh,josh-o-;xarosh
;xas,;xas-o-;xaashaak-e|;xas-o-;xaashaak|;xas-e|;xas
;xas-o-;xaashaak,;xas-o-;xaashaak-e|;xas-o-;xaashaak
;xastagii,;xastagii
;xastah,;xastah-e|;xastah
;xastah-jaa;n,;xastah-jaa;n
;xastah-tan,;xastah-tan
;xatm,;xatm
;xauf,;xauf|;xauf-e
;xayaal,;xayaal-e|;xayaal|na:z:zaarah-o-;xayaal
;xayaalii,;xayaalii
;xemah,;xeme
;xi.zr,;xi.zr
;xi:t:tah,;xi:t:tah-e
;xiraam,;xiraam|;xiraam-e
;xirad,;xirad
;xirman,;xirman-e|;xirman
;xirqah,;xirqah-o-sajjaadah
;xirqah-o-sajjaadah,;xirqah-o-sajjaadah
;xisht,sang-o-;xisht
;xissat,;xissat
;xiyaabaa;n,;xiyaabaa;n
;xizaa;n,;xizaa;n
;xizaanii,;xizaanii-e
;xo,;xo
;xudaa,;xudaa
;xudaa))ii,;xudaa))ii
;xudaa-parast,;xudaa-parast
;xudaa-saaz,;xudaa-saaz
;xudaavand,;xudaavand-e
;xuftah,;xuftah
;xuld,;xuld
;xum,;xum|;xum-e
;xum-kadah,;xum-kadah
;xumaar,;xumaar|;xumaar-e
;xushk,;xushk
;xusrau,;xusrau
;xusrav,;xusrav-e
;xuu,;xuu|;xuu-e
;xuu-gar,;xuu-gar
;xuu-kardah,;xuu-kardah-e
;xuu;n,;xuu;n
;xuub,;xuub|;xuubaa;n
;xuub-ruuyo;n,;xuub-ruuyo;n
;xuubaan,;xuubaan-e
;xuubii,;xuubii-e|chaman-o-;xuubii-e
;xuun,;xuun-e
;xuun-;galtiidah,;xuu;n-;galtiidah-e
;xuun-;galtiidan,;xuu;n-;galtiidan-e
;xuun-baar,;xuu;n-baar-e|;xuu;n-baar
;xuun-bahaa,;xuu;n-bahaa
;xuun-chakaa;n,;xuu;n-chakaa;n
;xuun-fishaa;n,;xuu;n-fishaa;n
;xuun-gashtah,;xuu;n-gashtah
;xuun-naab,;xuu;n-naab
;xuun-naabah,;xuu;n-naabah
;xuun-naabah-fishaan,;xuu;n-naabah-fishaa;n
;xuun-naabah-fishaanii,;xuu;n-naabah-fishaanii
;xuun-naabah-mashrab,;xuu;n-naabah-mashrab
;xuun-rez,;xuu;n-rez
;xuun-shudah,;xuu;n-shudah-e
;xuuniin-navaa,;xuunii;n-navaa-e
;xvaab,;xvaab-e|;xvaab
;xvaab-naak,;xvaab-naak
;xvaahish,;xvaahish
;xvaahishe,;xvaahishe;n
;xvaarii,;xvaarii
;xvaastah,;xvaastah
;xvud,;xvud
;xvud-aaraa,;xvud-aaraa|;xvud-biin-o-;xvud-aaraa
;xvud-aaraa))ii,;xvud-aaraa))ii
;xvud-bii;n,aazaadah-o-;xvud-bii;n
;xvud-biin,;xvud-biin-o-;xvud-aaraa
;xvud-biin-o-;xvud-aaraa,;xvud-biin-o-;xvud-aaraa
;xvud-daarii,;xvud-daarii-e
;xvud-raftah,;xvud-raftah-e
;xvudaa,;xvudaa
;xvur,;xvur
;xvurshed,;xvurshed
;xvurshiid,;xvurshiid|;xvurshiid-o-maah|;xvurshiid-e
;xvurshiid-jamaal,;xvurshiid-jamaal
;xvurshiid-o-maah,;xvurshiid-o-maah
;xvush,;xvush|;xvush-o-naa-;xvush
;xvush-;haal,;xvush-;haal
;xvush-navaayaan,;xvush-navaayaan-e
;xvush-o-naa-;xvush,;xvush-o-naa-;xvush
;xvushaa,;xvushaa
;xvushaamad-:talabo;n,;xvushaamad-:talabo;n
;xvushii,;xvushii
;xvushtar,;xvushtar
;zaahir,;zaahir
;zaat,;zaat
;zahn,;zahn
;zaliil,;zaliil
;zaraa,;zaraa
;zarii((ah,;zarii((ah-e
;zarrah,;zarrah|;zarrah-e
;zarre,;zarre
;zauq,;zauq|saaqii-o-;zauq-e|;zauq-e
;zauq-fizaa,;zauq-fizaa
;zikr,;zikr
;zillat,;zillat
;zimmah,;zimmah
a((.zaa,a((.zaa
a((:zam,a((:zam
a((maar,a((maar
a.sl,a.sl|a.sl-e
a.snaam,a.snaam-e
a:tfaal,a:tfaal
a;gyaar,a;gyaar
a;hbaab,a;hbaab
a;hmaqo;n,a;hmaqo;n
a;hraam,a;hraam
a;hvaal,a;hvaal|a;hvaal-e
a;ndherii,a;ndherii
a;sar,a;sar-e|a;sar
a;xtar,a;xtar
a;xtar-shumaarii,a;xtar-shumaarii
aa))iin,aa))iin-e|shar((-o-aa))iin
aa))iinah,aa))iine|aa))iinah-e|aa))iinah
aa))iinah-;xaanah,aa))iinah-;xaane
aa))iinah-daarii,aa))iinah-daarii
aa))inah,aa))ine|aa))inah-e|aa))inah
aa))inah-;xaanah,aa))inah-;xaane
aa))inah-daar,aa))inah-daar
aa))inah-daarii,aa))inah-daarii-e
aa))inah-pardaaz,aa))inah-pardaaz
aa))inah-siimaa,aa))inah-siimaa
aa))iyo,aa))iyo
aa))o,aa))o
aa;gosh,aa;gosh-e
aa;gosh-kushaa,aa;gosh-kushaa
aa;gosh-kushaa))ii,aa;gosh-kushaa))ii
aa;nkh,aa;nkhe;n|aa;nkh
aa;nkho;n,aa;nkho;n
aa;nsuu,aa;nsuu
aa;xir,aa;xir
aa;zar-fishaa;n,aa;zar-fishaa;n
aab,aab-o-havaa|aab-o-gil|aab-e|aab|aab-o-havaa-e
aab-daar,aab-daar
aab-giinah,aab-giinah
aab-juu,aab-juu
aab-o-gil,aab-o-gil
aab-o-havaa,aab-o-havaa|aab-o-havaa-e
aab-ruu,aab-ruu
aabaad,aabaad-e|aabaad
aabaadii,aabaadii
aabilah-paa,aabilah-paa
aabilo;n,aabilo;n
aablah,aablah
aabruu,aabruu-e|aabruu
aadam,aadam
aadmii,aadmii
aafaaq,aafaaq
aafat,aafat|aafat-e
aafiriinish,aafiriinish
aaftaab,aaftaab-e|aaftaab
aaftaab-parast,aaftaab-parast
aag,aag
aagahii,iimaan-o-aagahii|aagahii
aage,aage
aah,faryaad-o-aah-o-zaarii|aahe;n|aah|aah-o-fi;gaa;n|aah-o-faryaad|aah-e
aah-o-faryaad,aah-o-faryaad
aah-o-fi;gaa;n,aah-o-fi;gaa;n
aahan,aahan
aahang,aahang-e
aahuu,aahuu|aahuu-e
aaj,aaj
aalaat,aalaat-e
aaluudah,aaluudah
aamad,aamad-e|aamad
aamad-aamad,aamad-aamad-e
aan,aan
aanaa,aa|aataa|aa))uu;n|aatii|aa))e;n|aa))e;nge|aa))e|aanaa|aayaa|aa))ii|aate|aane|aaye
aap,aap
aaraa))ish,aaraa))ish|aaraa))ish-e
aaraam,aaraam
aaramiidagii,aaramiidagii
aare,aare
aarzuu,aarzuu-e|aarzuu
aarzuu),aarzuu))e;n
aarzuu-;xiraamii,aarzuu-;xiraamii
aas,aas
aasaa))ish,aasaa))ish
aasaan,aasaa;n
aashiyaan,aashiyaa;n|aashiyaan
aashnaa,aashnaa|aashnaa-e
aashnaa))ii,aashnaa))ii
aashob,aashob-e
aashtii,aashtii-e
aashuftagii,aashuftagii
aashuftah-bayaanii,aashuftah-bayaanii
aashuftah-navaa,aashuftah-navaa
aashuftah-sar,aashuftah-sar
aashuftah-saro;n,aashuftah-saro;n
aasmaan,aasmaa;n|aasmaan
aasmaanii,aasmaanii
aastaan,aastaan-e|aastaa;n
aastiin,aastii;n
aatish,aatish|aatish-e
aatish-afshaanii,aatish-afshaanii
aatish-baar,aatish-baar
aatish-diidah,aatish-diidah
aatish-kadah,aatish-kadah
aatish-nafas,aatish-nafas
aatish-parast,aatish-parast
aatish-zadah,aatish-zadah
aatishiin,aatishii;n
aavaaragii,aavaaragii|aavaaragiihaa-e
aavaarah,aavaarah
aavaaz,aavaaz
aavnaa,aave|aave;n|aave;nge
aazaad,aazaad
aazaadah,aazaadah-o-;xvud-bii;n
aazaadah-o-;xvud-bii;n,aazaadah-o-;xvud-bii;n
aazaadii,aazaadii-e|aazaadii
aazaado;n,aazaado;n
aazaar,aazaar-e|aazaar
aazmaa))ish,aazmaa))ish
aazmaanaa,aazmaanaa|aazmaa))e|aazmaane
aazurdagii,aazurdagii-e
aazurdah,aazurdah
ab,ab
abhii,abhii
abjad,abjad
abnaa,abnaa-e
abr,abr-o-baad|abr|abr-o-shab-e|abr-e
abr-o-baad,abr-o-baad
abr-o-shab,abr-o-shab-e
abruu,abruu
achchhaa,achchhaa|achchhe
achchho;n,achchho;n
adaa,;gamzah-o-((ishvah-o-adaa|adaa|andaaz-o-adaa|adaa-e|naaz-o-adaa
adab,adab
af((ii,af((ii
afgaar,afgaar
afsaanah,afsaanah
afshardah,afshardah-e
afshurdan,afshurdan
afsos,afsos
afsurdagii,afsurdagii|afsurdagii-e
afsurdah,afsurdah
afsuun,afsuun-e
afsuus,afsuus
afzaa))ish,afzaa))ish-e
agar,agar
agarchih,agarchih
aglaa,agle
aham,aham
ahl,ahl-e
aisaa,aisaa|aisii|aise
ajzaa,ajzaa-e|ajzaa
ak;sar,ak;sar
akbar,akbar
al-amaan,al-amaa;n
al-l;aah,al-l;aah
alam,alam-e|alam|dard-o-alam
alif,alif
almaas,almaas
amaa;n,amaa;n
amn,amn
anaa-al-ba;hr,anaa-al-ba;hr
andaaz,andaaz-o-adaa|andaaz-e|andaaz
andaaz-o-adaa,andaaz-o-adaa
andaazah,andaaze|andaazah-e
andar,andar
andeshah,andeshah'haa-e|andeshah|andeshe
andher,andher
andoh,andoh-e
andoh-rubaa,andoh-rubaa
angabiin,mai-o-angabii;n
angez,angez
angusht,angusht-e|angusht
anguur,anguur
anjaam,anjaam-e
anjum,anjum-e
anjuman,anjuman-e|anjuman
apnaa,apnii|apnaa|apnaa-saa|apne
arbaab,arbaab-e
armaan,armaan
armu;gaa;n,armu;gaa;n
arzaa;n,arzaa;n
arzaanii,arzaanii|arzaanii-e
asaamii,asaamii
asad,asad-e|((umr-o-asad|asad
asad-ul-l;aah,asad-ul-l;aah
asbaab,asbaab-e
ash((aar,ash((aar
ashk,ashk|ashk-e
ashk-baarii,ashk-baarii
ashyaa,ashyaa
asiir,asiir
asiirii,asiirii
asiiro;n,asiiro;n
au.zaa((,au.zaa((-e
auj,auj|auj-e
aur,aur
auraaq,auraaq-e
aurang,aurang-e
auro;n,auro;n
ay,ay
ayaa;g,ayaa;g
ayyaam,ayyaam-e
az,az
az-baskih,az-baskih
az-dast-raftah,az-dast-raftah
azal,azal
ba((d,ba((d-e|ba((d
ba((iid,ba((iid
ba:t,ba:t-e
ba;gair,ba;gair-e|ba;gair
ba;gal,ba;gal
ba;hr,ba;hr-e|ba;hr
ba;ndhnaa,ba;ndhe|ba;ndhaa
ba;rhnaa,ba;rh
ba;xsh,ba;xsh
ba;xshnaa,ba;xshe
ba;xt,ba;xt-e
ba;xyah,ba;xyah|ba;xye|ba;xyah-e
baa,baa
baa((i;s,baa((i;s|baa((i;s-e
baa))i;s,baa))i;s
baa-ham-digar,baa-ham-digar
baa-vujuud,baa-vujuud-e
baa:til,baa:til
baa:tin,baa:tin
baa;g,baa;g-e|baa;g
baa;g-baan,baa;g-baan-o-kaf-e|baa;g-baan
baa;g-baan-o-kaf,baa;g-baan-o-kaf-e
baa;g-baanii,baa;g-baanii-e
baa;ndhaa,baa;ndhiye
baa;ndhnaa,baa;ndhe|baa;ndh|baa;ndhaa|baa;ndhte
baa;ng,baa;ng-e
baa;xtan,baa;xtan
baab,baab|baab-e
baad,baad-o-bah|baad|abr-o-baad|baad-e
baad-o-bah,baad-o-bah
baad-pemaa))ii,baad-pemaa))ii
baadah,baadah-e|baadah-o-saa;gar|baadah
baadah-;xvaar,baadah-;xvaar
baadah-aashaamii,baadah-aashaamii
baadah-noshii,baadah-noshii-e|baadah-noshii
baadah-o-saa;gar,baadah-o-saa;gar
baadbaan,baadbaan-e
baadshaah,baadshaah
baag,baag
baahar,baahar
baajaa,baajaa
baal,baal-e|baal-o-par
baal-kushaa,baal-kushaa
baal-o-par,baal-o-par
baalii,be-par-o-baalii
baaliin,baalii;n|baaliin-e
baalish,baalish-e|baalish
baam,baam
baanii,baanii
baaqii,baaqii
baar,baar-haa|baar|kaar-o-baar|baar-e|kaar-o-baar-e
baarbud,baarbud-e
baare,baare
baarish,baarish
baat,baat|baate;n
baato;n,baato;n
baavar,baavar
baavujuud,baavujuud-e
baaz,baaz
baaz-gasht,baaz-gasht
baazaar,baazaar-e|baazaar
baaziichah,baaziichah-e
baazuu,dast-o-baazuu|baazuu
bachchaa,bachcho;n
bachnaa,bachte|bache;n
bad,bad
bad-((ahdii,bad-((ahdii
bad-;xuu,bad-;xuu|bad-;xuuyaa;n
bad-;xvaah,bad-;xvaah
bad-aamozii,bad-aamozii-e
bad-gumaan,bad-gumaa;n
bad-gumaanii,bad-gumaanii|bad-gumaanii-e
bad-mast,bad-mast
bad-mastii,bad-mastii-e
bad-naam,bad-naam
bad-tar,bad-tar
badaa,tasliim-o-badaa
badalnaa,badalne
badan,badan
badii,badii
badlaa,badlaa|badle
badr,badr
bah,baad-o-bah|bah
bah-;zarrah,bah-;zarrah
bahaa,bahaa-e
bahaa))ii,bahaa))ii
bahaadur,bahaadur-e
bahaanah,bahaanah-e|bahaane
bahaar,bahaar-e|bahaar
bahaarii,bahaarii
baham,baham
bahman,fariiduun-o-jam-o-kai;xusrav-o-daaraab-o-bahman
bahnaa,bahne
bahr,bahr-e
bahraa,bahraa
bahtar,bahtar
bahut,bahut
bai.zah,bai.zah-e
bai.zah-aasaa,bai.zah-aasaa
bai;thnaa,bai;th|bai;thiye|bai;the|bai;thaa|bai;thnaa|bai;the;n
baidaa,baidaa-e
bairuun,bairuun-e
bajaa,bajaa|bajaa-e
baknaa,bak
bal;gamii,bal;gamii
balaa,balaa-e|balaa))e;n|balaa))o;n|balaa
ban'naa,baniye|banii|banegii|ban'ne|bane;nge|bane|banaa|ban|bante|bantii
banaa))o,banaa))o
banaanaa,banaa))e|banaayaa
banaat-ul-na((sh,banaat-ul-na((sh-e
band,band|band-o-bast|band-e|;hayaat-o-band-e
band-o-bast,band-o-bast
bandagii,bandagii-e|bandagii
bandah-parvar,bandah-parvar
baqaa,baqaa
bar,bar
bar-:taraf,bar-:taraf
bar-;xvurdaar,bar-;xvurdaar-e
bar-ham,bar-ham
bar-paa,bar-paa
bar-ruu,bar-ruu-e
bar-sabiil,bar-sabiil-e
baraa,baraa-e
baraa))e,baraa))e
baraabar,baraabar
baraat,baraat-e
barahman,barahman
barahnagii,barahnagii
baras,baras|barso;n
barasnaa,barastii
bard,bard-e
barg,barg-e|sar-o-barg-e
barhaman,shai;x-o-barhaman
bariin,barii;n
barjaa-maa;ndah,barjaa-maa;ndah
barq,barq|barq-e
barq-;xiraam,barq-;xiraam
barsaat,barsaat
barsh-kaal,barsh-kaal
barshkaal,barshkaal-e
bas,bas
bashar,bashar
baskih,baskih
bast,kushaad-o-bast-e|band-o-bast
bastii,bastiyo;n
bataa))o,bataa))o
bataanaa,bataa|bataa))uu;n
batlaa))o,batlaa))o
batlaanaa,batlaa))e;n|batlaa
bayaabaan,bayaabaa;n
bayaabaan-navard,bayaabaa;n-navard-e|bayaabaa;n-navard
bayaan,bayaan|bayaa;n|bayaan-e
bazm,bazm|bazm-e
bazm-aaraa))ii,bazm-aaraa))iyaa;n
be-((ishq,be-((ishq
be-.sadaa,be-.sadaa
be-.sarfah,be-.sarfah
be-:talab,be-:talab
be-;haa.sil,be-;haa.sil
be-;hau.salagii,ma((shuuqii-o-be-;hau.salagii
be-;hau.slagii,be-;hau.slagii
be-;hijaab,be-;hijaab-e|be-;hijaab
be-;hijaabii,be-;hijaabiyaa;n
be-;his,be-;his
be-;xabar,be-;xabar
be-;xarosh,be-;xarosh
be-;xuun,be-;xuun-e
be-;xvaab,be-;xvaab
be-;xvaabii,be-;xvaabii
be-;xvud,be-;xvudo;n
be-;xvudii,be-;xvudii|be-;xvudii-e|be-;xvudii-o-hushyaarii
be-;xvudii-o-hushyaarii,be-;xvudii-o-hushyaarii
be-a;sar,be-a;sar
be-aabruu,be-aabruu
be-adab,be-adabo;n
be-ayyaam,be-ayyaam-e
be-baak,be-baak
be-bahrah,be-bahrah
be-bunyaad,be-bunyaad
be-chain,be-chain
be-daad,be-daad|be-daad-e
be-daad-fan,be-daad-fan
be-daad-gar,bedaad-gar
be-dar,be-dar-o-diivaar|be-dar
be-dar-o-diivaar,be-dar-o-diivaar
be-dard,bedard
be-darvaazah,be-darvaazah
be-dast,be-dast-o-paa|be-dast-o-paa))ii
be-dast-o-paa,be-dast-o-paa
be-dast-o-paa))ii,be-dast-o-paa))ii
be-davaa,be-davaa
be-dil,bedil
be-dilii,be-dilii
be-dimaa;g,be-dimaa;g
be-dimaa;gii,be-dimaa;gii
be-gah,gah-o-be-gah
be-girah,be-girah
be-gunah,be-gunah
be-gunah-kush,be-gunah-kush-o-;haq
be-gunah-kush-o-;haq,be-gunah-kush-o-;haq
be-havaa,be-havaa-e
be-i((tidaalii,be-i((tidaaliyo;n
be-i;xtiyaar,be-i;xtiyaar|be-i;xtiyaar-e
be-iltifaatii,be-iltifaatii
be-jaa,be-jaa
be-jurm,be-jurm
be-ka;saafat,be-ka;saafat
be-kaar,bekaar
be-kaarii,be-kaarii-e
be-kafan,be-kafan
be-karaan,be-karaa;n
be-mai,be-mai
be-mazaa,be-mazaa
be-mihr,be-mihr
be-mihrii,be-mihrii-e
be-minnat,be-minnat-e
be-mu;haabaa,be-mu;haabaa
be-mudda((aa,be-mudda((aa
be-nang,be-nang-o-naam
be-nang-o-naam,be-nang-o-naam
be-niyaazii,be-niyaazii
be-panaah,be-panaah
be-par,be-par-o-baalii
be-par-o-baalii,be-par-o-baalii
be-pardah,be-pardah
be-partav,be-partav-e
be-parvaa,be-parvaa
be-qaraar,be-qaraar
be-qaraarii,be-qaraarii|beqaraarii
be-rab:tii,be-rab:tii-e
be-raunaqii,be-raunaqii-e|be-raunaqii
be-sabab,be-sabab
be-sar-o-paa,be-sar-o-paa
be-savaal,be-savaal
be-shaanah,be-shaanah-e
be-sham((a,be-sham((a
be-sharaab,be-sharaab-o-dil-e
be-sharaab-o-dil,be-sharaab-o-dil-e
be-shiiraazah,be-shiiraazah
be-taab,betaabii|betaab
be-taabii,be-taabii
be-takalluf,be-takalluf
be-vafaa,be-vafaa|bevafaa
be-vafaa))ii,be-vafaa))ii
be-zaar,be-zaar
be-zabaan,be-zabaano;n|be-zabaa;n
be-zabaanii,be-zabaanii
bebaakii,bebaakii-o-gustaa;xii
bebaakii-o-gustaa;xii,bebaakii-o-gustaa;xii
bed,bed
bedaad,bedaad-e|bedaad
bedaar,bedaar-e
begaanagii,begaanagii|begaanagii-e
begaanah,begaanah-e
bekasii,bekasii-e|bekasii-haa-e|bekasii
berab:tii,berab:tii-e
besh,besh
bhaa))ii,bhaa))ii
bhaagnaa,bhaage;nge|bhaagaa|bhaagne|bhaage
bhalaa,bhalaa|bhale
bhar,bhar
bharam,bharam
bharnaa,bhare|bharne|bharuu;n|bhar
bhed,bhed
bhes,bhes
bhii,bhii
bho;n,bho;n
bhuukaa,bhuuke
bhuulnaa,bhuulaa|bhuul|bhuule
bichhaanaa,bichhaa))e
biga;rnaa,biga;rnaa|biga;r|biga;rtaa
bihisht,bihisht
bihisht-shamaa))il,bihisht-shamaa))il
biim,biim-e|biim
biimaar,biimaar|biimaar-e
biimaar-daar,biimaar-daar
biimaarii,biimaarii-e
biinaa,biinaa
biinaa))ii,biinaa))ii
biinish,biinish
bijlii,bijlii
bikharnaa,bikhar
biknaa,bik
bin,bin
binaa,binaa-e
bisaa:t,bisaa:t|bisaa:t-e
bismil,bismil
bistar,bistar-e|bistar
bo,bo
bodaa,bodaa
bojh,bojh
bolaa,bolaa
bole,bole
boriyaa,boriyaa
bos,bos-e
bosah,bosah
bose,bose
bote,bote
bove,bove
bu((d,bu((d
bujhaanaa,bujhaa))e
bujhnaa,bujhaa|bujhtii|bujhte
bulaanaa,bulaataa|bulaa))e|bulaa
bulandii,bulandii
bulbul,bulbule;n|bulbul|;xaakistar-o-bulbul|bulbul-e
bun,bun-e
buraa,burii|buraa
buraa))ii,buraa))ii
burdah,burdah
burdan,burdan-e
burrish,burrish-e
bustaanii,bustaanii
but,buto;n|but|but-e|butaa;n
but-;xaanah,but-;xaane|but-;xaanah
but-kadah,but-kade
but-shikanii,but-shikanii
buu,buu-e|buu
buu-turaab,buu-turaab
buu-ul-havas,buu-ul-havas
buu;nd,buu;nd
buud,buud|buud-e
buzurg,buzurg
cha;rh,cha;rh
cha;rhnaa,cha;rhii
cha;taknaa,cha;taknaa
chaah,chaah
chaahe,chaahe
chaahiye,chaahiye
chaahnaa,chaahe;n|chaahaa|chaahuu;n|chaahne|chaahte|chaahtaa
chaahne-vaalaa,chaahne-vaalaa
chaaho,chaaho
chaak,chaak|chaak-e
chaal,chaal
chaalaak,chaalaak
chaar,chaar
chaar-duham,chaar-duham
chaar-mauj,chaar-mauj
chaarah,chaarah-e
chaarah-gar,chaarah-gar
chaarah-juu))ii,chaarah-juu))ii
chaarah-saaz,chaarah-saaz
chaarah-saazii,chaarah-saazii-e
chahrah,chahre|chahrah
chain,chain
chakiidan,chakiidan
chakkar,chakkar
chalnaa,chalii|chaltii|chal|chalne|chale;n|chalaa|chaltaa|chale
chaman,chaman|chaman-o-;xuubii-e
chaman-:taraazii,chaman-:taraazii-e
chaman-o-;xuubii,chaman-o-;xuubii-e
chand,chand
chande,chande
chang,chang|chang-o-rabaab
chang-o-rabaab,chang-o-rabaab
char;x,char;x-e|char;x
charchaa,charchaa
chashm,payaam-o-chashm|dil-o-chashm-e|chashm|chashm-o-gosh|chashm-e|chashm-o-chiraa;g-e|chashmhaa-e
chashm-numaa))ii,chashm-numaa))ii
chashm-o-chiraa;g,chashm-o-chiraa;g-e
chashm-o-gosh,chashm-o-gosh
chashmak,chashmak'haa-e
chhallaa,chhalle
chhe;rnaa,chhe;re;nge|chhe;r|chhe;riye|chhe;ruu;n|chhe;re
chhi;raknaa,chhi;rke;n|chhi;rke|chhi;rkaa
chhidnaa,chhide
chho;re;nge,chho;re;nge
chho;rnaa,chho;re|chho;r|chho;re;n|chho;ro|chho;raa|chho;ruu;ngaa|chho;rii
chhu;tnaa,chhu;taa|chhu;tii|chhu;t
chhupaanaa,chhupaane|chhupaanaa|chhupaa))e
chhupnaa,chhupnaa
chhurii,chhurii
chhuu;tnaa,chhuu;tuu;n|chhuu;taa
chii;xnaa,chii;xuu;n
chiin,chiin-e
chiirnaa,chiir
chiiz,chiiz
chipaknaa,chipak
chiraa;g,chashm-o-chiraa;g-e|chiraa;g-e|chiraa;g
chiraa;ga,chiraa;gaa;n
chiraa;gaan,chiraa;gaan-e
chor,chor
chorii,chorii
chubho,chubho
chuknaa,chuke|chukii;n
chun'naa,chuntaa
chupnaa,chupke|chup
churaanaa,churaanaa
da((v;aa,da((v;aa|da((v;aa-e
da((vaa,muqaabil-o-da((vaa-e|da((vaa-e|majbuurii-o-da((vaa-e
da((vah,da((ve
da((vat,da((vat-e
daa))im,daa))im
daa))im-ul-;habs,daa))im-ul-;habs
daa;g,daa;go;n|daa;g-e|daa;g
daa;g-saamaan,daa;g-saamaa;n
daa;nt,daa;nto;n
daabnaa,daab|daabte
daad,daad|daad-o-sitad
daad-;xvaah,daad-;xvaah
daad-o-sitad,daad-o-sitad
daadah,daadah
daam,daam|daam-e
daam-gaah,daam-gaah
daamaan,daamaan-e
daaman,daaman-o-taar-e|jeb-o-daaman|daaman|daamaa;n
daaman-afshaanii,daaman-afshaanii
daaman-o-taar,daaman-o-taar-e
daanaa,daanaa
daanah,daanah
daar,daar-o-rasan
daar-o-rasan,daar-o-rasan
daaraab,fariiduun-o-jam-o-kai;xusrav-o-daaraab-o-bahman
daastaan,daastaan-e
dabistaan,dabistaa;n
dabnaa,dab|dabaa|dabii
daf((,daf((-e
dafiinah,dafiinah
dafn,dafn
daftar,daftar-e|daftar
dahaan,dahaa;n|dahaan-e
dahan,dahan|dahan-e|kaam-o-dahan
dahr,dahr
dai,dai
dair,dair
daliil,daliil|daliil-e
dallaal,dallaal-e
dam,dam-e|dam
dandaan,lab-o-dandaa;n|dandaa;n
dandaan-numaa,dandaa;n-numaa
dar,dar-o-diivaar|dar-o-diivaar-e|dar|dar-e|diivaar-o-dar
dar-;xvar,dar-;xvar
dar-;xvur,dar-;xvur-e
dar-havaa,dar-havaa-e
dar-kaar,dar-kaar
dar-maa;ndagii,dar-maa;ndagii
dar-o-diivaar,dar-o-diivaar-e|dar-o-diivaar
dar-pa,dar-pa-e
dar-pardah,dar-pardah
dar-qafaa,dar-qafaa-e
dar-tishnagii-murdah,dar-tishnagii-murdagaa;n
dara;xshaan,dara;xshaa;n
daraaz,daraaz
daraaz-dastii,daraaz-dastii-e
daraazii,daraazii
darbaan,darbaa;n
darbaanii,darbaanii
dard,ham-:tar;hii-o-dard-e|dard-e|dard-o-alam|dard
dard-mand,dard-mand
dard-o-alam,dard-o-alam
dare;g,dare;g
dare;gaa,dare;gaa
darmaa;ndagii,darmaa;ndagii
darmiyaan,darmiyaa;n
dars,dars-e
daruun,daruu;n
darvaazah,darvaazah
darvesh,darvesh
daryaa,daryaa-e|daryaa
daryaa-aashnaa,daryaa-aashnaa
dashnah,dashnah-o-;xanjar|dashnah|dashnah-e|dashne
dashnah-o-;xanjar,dashnah-o-;xanjar
dasht,dasht-e|dasht
dasht-navardii,dasht-navardii
dast,dil-o-dast-e|dast-o-baazuu|dast|dast-o-;xanjar-e|dast-o-paa|dast-e
dast-gaah,dast-gaah-e
dast-gardaan,dast-gardaa;n
dast-giirii,dast-giirii
dast-o-;xanjar,dast-o-;xanjar-e
dast-o-baazuu,dast-o-baazuu
dast-o-paa,dast-o-paa
dastaar,dastaar
dau;raanaa,dau;raa))e
dau;rnaa,dau;rte|dau;re
daulat,daulat-o-dii;n
daulat-o-dii;n,daulat-o-dii;n
daur,daur-e|daur
davaa,davaa
davaam,davaam
dekhnaa,dekhii|dekhuu;n|dekhe|dekhaa|dekhiye|dekhne|dekhte|dekhtaa|dekh|dekhe;n|dekhnaa
dekho,dekho
denaa,detaa|diye|de;nge|dii|diije|dete|de;n|de|diijiye|diyaa|denii|duu;n|dene|denaa
dhabbah,dhabbe
dhamkii,dhamkii
dharnaa,dharaa
dhaul-dhappaa,dhaul-dhappaa
dho,dho
dho))e,dho))e
dhokaa,dhokaa
dhoke,dhoke
dhotaa,dhotaa
dhuvaan,dhuvaa;n
dihqaan,dihqaa;n
dii,fardaa-o-dii
diid,diid
diidaar,diidaar-e|diidaar
diidaar-jo,diidaar-jo
diidah,mudda((ii-o-diidah|dil-o-diidah|diidah|diidah-o-dil|diidah-e
diidah-o-dil,diidah-o-dil
diigar,digar|diigar
diijiyo,diijiyo
diin,dil-o-dii;n|daulat-o-dii;n|diin-o-dil
diin-daar,dii;n-daar
diin-o-dil,diin-o-dil
diivaan,diivaan-e
diivaanagii,diivaanagii|diivaanagii-e
diivaanah,diivaanah
diivaar,diivaar|diivaar-e|be-dar-o-diivaar|diivaar-o-dar|dar-o-diivaar-e|dar-o-diivaar
diivaar-juu,diivaar-juu
diivaar-o-dar,diivaar-o-dar
diivaaro,diivaaro;n
dijlah,dijlah
dikhaa))ii,dikhaa))ii
dikhaanaa,dikhaa|dikhaataa|dikhaa))e;n|dikhaa))uu;ngaa
dikhlaana,dikhlaa))e;n
dikhlaanaa,dikhlaa
dikhlaavnaa,dikhlaave
dil,dil|dil-o-dast-e|dil-o-chashm-e|dil-o-mizhgaa;n|dil-e|diidah-o-dil|dil-o-jigar|diin-o-dil|dil-o-dil|((aql-o-dil-o-jaa;n|be-sharaab-o-dil-e|dil-o-diidah|dil-o-dii;n|dil-o-jaa;n|dil'haa-e
dil-aashuftagaan,dil-aashuftagaa;n
dil-aazaar,dil-aazaar
dil-aazurdagaan,dil-aazurdagaa;n
dil-barii,dil-barii
dil-bastagii,dil-bastagii
dil-daar,dil-daar
dil-farebii,dil-farebii-e
dil-furoz,dil-furoz
dil-jam((ii,dil-jam((ii
dil-kash,dil-kash
dil-kushaa,dil-kushaa
dil-lagii,dillagii|dil-lagii
dil-o-chashm,dil-o-chashm-e
dil-o-dast,dil-o-dast-e
dil-o-dii;n,dil-o-dii;n
dil-o-diidah,dil-o-diidah
dil-o-dil,dil-o-dil
dil-o-jaa;n,dil-o-jaa;n
dil-o-jigar,dil-o-jigar
dil-o-mizhgaa;n,dil-o-mizhgaa;n
dil-pa;ziir,dil-pa;ziir
dil-sitaan,dil-sitaa;n
dil-sitaanii,dil-sitaanii
dilaanaa,dilaa
dilbar,dilbar
dilbaraan,dilbaraa;n
dildaar,dildaar
dillii,dillii
dimaa;g,dimaa;g|dimaa;g-e
din,din|dino;n
diyaar,diyaar-e
do,do
do-((aalam,do-((aalam
do-((aalam-dasht,do-((aalam-dasht
do-dam,do-dam
do-niim,do-niim
dono;n,dono;n
dosh,dosh
doshiinah,doshiinah
dost,dost
dost-daar,dost-daar-e
dost-daarii,dost-daarii
dostii,dostii
doza;x,doza;x
du((aa,du((aa|du((aa))e;n
dukaan,dukaan-e
dukh,dukh
dukhnaa,dukhte
dunyaa,dunyaa
durd,durd-e
durdii-kash,durdii-kash-e
durust,durust
dushman,dushman|dushman-e
dushmanii,dushmanii
dushnaam,dushnaam
dushvaar,dushvaar
dushvaar-pasand,dushvaar-pasand
dushvaarii,dushvaarii-e
duu))ii,duu))ii
duud,duud|duud-e
duunaa,duunaa
duur,duur
duur-daraaz,duur-daraaz
duurii,duurii-e
ek,ek
ek-saa,ek-saa
fa.sl,saa;xtah-o-fa.sl-e|fa.sl|fa.sl-e
fa.zaa,fa.zaa-e
faa))idah,faa))idah
faanuus,faanuus
faaqah-mastii,faaqah-mastii
faari;g,faari;g
faarsii,faarsii
fai.z,fai.z|fai.z-e
falak,falak-e|falak
fanaa,fanaa
fanaa-ta((liim,fanaa-ta((liim-e
faqa:t,faqa:t
faqiir,faqiiro;n
far.z,far.z
faraa;g,faraa;g
faraa;gat,faraa;gat
faraaham,faraaham
faraaz,nasheb-o-faraaz
fard,fard|fard-e
fardaa,fardaa-o-dii
fardaa-o-dii,fardaa-o-dii
fareb,fareb|fareb-e
farhaad,farhaad
fariiduun,fariiduun-o-jam-o-kai;xusrav-o-daaraab-o-bahman
fariiduun-o-jam-o-kai;xusrav-o-daaraab-o-bahman,fariiduun-o-jam-o-kai;xusrav-o-daaraab-o-bahman
farishtah,farishto;n|farishtah
farmaa))o,farmaa))o
farmaan-ravaa,farmaa;n-ravaa-e
farmaanaa,farmaatii
farmaavnaa,farmaave;nge
faro,faro
farq,farq|farq-e
farqat,farqat
farsh,farsh|farsh-e
faryaad,aah-o-faryaad|faryaad-e|faryaad-o-aah-o-zaarii|faryaad
faryaad-o-aah-o-zaarii,faryaad-o-aah-o-zaarii
faryaadii,faryaadii|faryaadii-e
fasaad,fitnah-o-fasaad
fasaan,fasaa;n
fasaanah-;xvaanii,fasaanah-;xvaanii-e
fashaar,fashaar-e
fat;h,fat;h
fatiilah,fatiilah
faujdaarii,faujdaarii
faut,faut-e
fi;gaa;n,aah-o-fi;gaa;n
fi;gaan,fi;gaa;n
fidaa,fidaa
figaar,figaar
fikr,fikr-e|fikr
firaaq,firaaq|firaaq-e
firdaus,firdaus-e
fishaar,fishaar-e
fitnah,fitnah-e|fitno;n|fitne|fitnah-o-fasaad|fitnah
fitnah-;xuu,fitnah-;xuu
fitnah-o-fasaad,fitnah-o-fasaad
fitraak,fitraak
fu.zuul,fu.zuul-o-jur))at-e
fu.zuul-o-jur))at,fu.zuul-o-jur))at-e
fur.sat,fur.sat|fur.sat-e
furo;g,furo;g-e|furo;g
furozaan,furozaa;n
furqat,furqat
furuu((,furuu((
fusurdagii,fusurdagii
fusuun,fusuun-e
fusuun-gar,fusuu;n-gar
ga;nvaanaa,ga;nvaa
gaa;rho,gaa;rho
gaalii,gaaliyo;n|gaaliyaa;n
gadaa,gadaa-e|gadaa
gadaa))ii,gadaa))ii
gah,gah-o-be-gah
gah-o-be-gah,gah-o-be-gah
gahvaarah-junbaanii,gahvaarah-junbaanii
galii,galyo;n|galii
ganj,ganj'haa-e
ganjifah-baaz,ganjifah-baaz-e
ganjiinah,ganjiinah-e
gar,gar
garchih,garchih
gard,gard|gard-e
gardan,gardan|gardan-e
gardish,gardish-e|gardish
garduun,garduu;n
garebaan,garebaa;n
garebaanii,garebaanii
garm,garm|garm-e
garm-baazaar,garm-baazaar-e
garmii,garmii|garmii-e
gau;n,gau;n
gauhar,gauhar|la((l-o-zumurrud-o-zar-o-gauhar|gauhar-e
gauhar-farosh,gauhar-farosh
gavaah,gavaah|gavaah-e
gavaaraa,gavaaraa
gaz,gaz
gesuu,qad-o-gesuu
ghaas,ghaas
ghabraana,ghabraave;nge
ghabraanaa,ghabraa))e;n|ghabraa))egaa|ghabraa
ghar,ghar
ghisnaa,ghistaa|ghisegaa|ghisne|ghiste
giiraa))ii,giiraa))ii
giitii,giitii
gil,aab-o-gil
gilaa,gilaa
gilah,gilah
giraan,giraa;n
giraan-baarii,giraa;n-baarii-e
giraan-jaanii,giraa;n-jaanii
giraan-maayagii,giraa;n-maayagii-e
giraan-maayah,giraa;n-maayah
giraan-nishiin,giraa;n-nishii;n
giraanii,giraanii
girah,girah-e|girah
girah-kushaa,girah-kushaa
gird-baad,gird-baad-e
girdaab,girdaab
giriftaar,giriftaar-e|giriftaar
giriftaarii,giriftaarii|giriftaarii-e
girnaa,girnii|girii|gir|girtaa|giraa
giryah,girye|giryah-e|giryah-o-lab|giryah
giryah-o-lab,giryah-o-lab
giyaah,giyaah
go,go
gomago,gomago
gor,gor-e|gor
gosh,gosh|gosh-e|chashm-o-gosh
goshah,goshah-e
goshe,goshe
gosht,gosht
goyaa,goyaa
gudaa;xtah,gudaa;xtah
guftaar,guftaar-e|guftaar
guftago,guftago
guftaguu,guftaguu
guftah,guftah-e
guftguu,guftguu
guhar,la((l-o-guhar|guhar|guharhaa-e
guhar-baar,guhar-baar
gul,sabzah-o-gul|gul'haa-e|laalah-o-gul-o-nasrii;n|gul-o-laalah|gul|laalah-o-gul|gulhaa-e|gul-e
gul-afshaanii,gul-afshaanii-e
gul-baaz,gul-baaz
gul-chiin,gul-chiin|gul-chii;n|gul-chiin-e
gul-dastah,gul-dastah-e
gul-faam,gul-faam-e
gul-farosh,gul-farosh|gul-farosh-e
gul-fishaanii,gul-fishaanii|gul-fishaaniihaa-e
gul-katar,gul-katar
gul-o-laalah,gul-o-laalah
gul;xan,gul;xan
gulbaa;ng,gulbaa;ng-e
guldastah,guldastah
gulfaam,gulfaam
gulistaan,gulistaan-e|gulistaa;n
gulshan,gulshan
gulsitaan,gulsitaa;n
guluu,guluu
gulzaar,gulzaar
gum,gum
gum-gashtah,gum-gashtah
gumaan,gumaan|gumaan-e|gumaa;n
gunaah,gunah|gunaaho;n|gunaah
gunaahgaar,gunaahgaar
gunbad,gunbad-e
gunjaa))ish,gunjaa))ish-e|gunjaa))ish
gurez-paa,gurez-paa
gurezaan,gurezaa;n
gustaa;x,gustaa;x
gustaa;xii,gustaa;xii|bebaakii-o-gustaa;xii|gustaa;xii-e
guunah,guunah
guzaaraa,guzaaraa
guzar,guzar
guzar-gaah,guzar-gaah-e
guzarnaa,guzarnaa|guzartaa|guzraa|guzre|guzartii|guzrii|guzarte|guzar
guzashtah,guzashtah
ha;nsnaa,ha;nsii|ha;ns
haa))e,haa))e
haa;n,haa;n
haath,haatho;n|haath
haay,haay
hadaf,hadaf-e
hadyah,hadyah
haft,haft
haihaat,haihaat
hajr,hajr
hal-min-maziid,hal-min-maziid
halaak,halaak|halaak-e
ham,hame;n|ham
ham-:tar;hii,ham-:tar;hii-o-dard-e
ham-:tar;hii-o-dard,ham-:tar;hii-o-dard-e
ham-aa;goshii,ham-aa;goshii
ham-dam,hamdam
ham-damii,ham-damii
ham-diigar,ham-diigar
ham-mashrab,ham-peshah-o-ham-mashrab-o-ham-raaz
ham-naamii,ham-naamii-e
ham-nafas,ham-nafaso;n
ham-nishiin,ham-nishii;n
ham-peshah,ham-peshah-o-ham-mashrab-o-ham-raaz
ham-peshah-o-ham-mashrab-o-ham-raaz,ham-peshah-o-ham-mashrab-o-ham-raaz
ham-raah,ham-rahaa;n
ham-raaz,ham-peshah-o-ham-mashrab-o-ham-raaz
ham-saa,ham-saa
ham-saayah,ham-saayah|ham-saaye
ham-safar,ham-safar
ham-su;xan,ham-su;xan
ham-zabaan,ham-zabaa;n
hamaaraa,hamaaraa|hamaare|hamaarii
hamah,hamah
hameshah,hameshah
hamvaar,hamvaar
hangaam,hangaam-e
hangaamah,hangaamah-e|hangaame|hangaamah
hangaamah-aaraa,hangaamah-aaraa
hanuuz,hanuuz
har,har
har-chand,har-chand
harzah,harzah
hastii,hastii-e|hastii
hath-ka;n;daa,hathka;n;de
haul,haul-e
havaa,aab-o-havaa|havaa|havaa-e|aab-o-havaa-e
havaa-;xvaah,havaa-;xvaah
havaa-;xvaahii,havaa-;xvaahii
havas,havas-e|havas
hay,hay
hayuul;aa,hayuul;aa
hazaar,hazaar
hazaaro,hazaaro;n
hech-madaanii,hech-madaanii
hii,hii
hijr,hijr-e|hijr
hijraan,hijraa;n
hilaal,hilaal
hilnaa,hilte
himmat,himmat-e|himmat
hinduustaan,hinduustaan
ho,ho
ho;ngii,ho;ngii
hogaa,hogaa
hogii,hogii
honaa,thii|hai|thii;n|honaa|huujiye|hu))e|hu))o;n|hu))ii|ho;n|thaa|the|hai;n|hu;n|hu))aa
honaaa,huu;n
hone,hone
hosh,tamkiin-o-hosh|hosh
hoshyaarii,hoshyaarii
hotaa,hotaa
hote,hote
hotii,hotii
hove,hove
hujuum,hujuum-e
humaa,humaa
hunar,hunar
hushyaar,hushyaar
hushyaarii,be-;xvudii-o-hushyaarii
huujiyo,huujiyo
huujo,huujo
i((jaaz,i((jaaz-e
i((tibaar,i((tibaar|i((tibaar-e
i((tidaal,i((tidaal
i((timaad,i((timaad|i((timaad-e
i((tiqaad,i((tiqaad
i.z:tiraab,i.z:tiraab-e|i.z:tiraab
i:zhaar,i:zhaar
i;hsaan,i;hsaa;n
i;htiyaa:t,i;htiyaa:t
i;sbaat,i;sbaat
i;xfaa,i;xfaa-e
i;xlaa.s,i;xlaa.s
i;xtilaa:t,i;xtilaa:t
i;xtiraa((,i;xtiraa((-e
i;xtiyaar,i;xtiyaar
ibn,ibn-e
ibraam,ibraam
idhar,idhar
idraak,idraak|idraak-e
ihtizaaz,ihtizaaz
iijaad,iijaad
iimaan,iimaa;n|iimaan|iimaan-o-aagahii
iimaan-o-aagahii,iimaan-o-aagahii
iin,ii;n
ijaabat,ijaabat
ijaaraa,ijaaraa
ijaazat,ijaazat-e|ijaazat
ik,ik
ikraam,ikraam
il;aahii,il;aahii
iltifaat,iltifaat|iltifaat-e
iltihaab,iltihaab
iltijaa,iltijaa
imkaan,imkaa;n
imti;haan,imti;haa;n
imtiyaaz,imtiyaaz-e
in,in
in.saaf,in.saaf
infa((aal,infa((aal
infi((aal,infi((aal
inkaar,inkaar
insaan,insaa;n|insaan
inti.zaar,inti.zaar
inti:zaam,inti:zaam
inti:zaar,inti:zaar|inti:zaar-e
inti;xaab,inti;xaab
intiqaam,intiqaam
iqaamat,iqaamat
iqbaal,iqbaal-e
iqliim,iqliim-e|iqliim
iram,iram
ishaaraa,ishaaraa
ishaarah,ishaare|ishaarah
ishaarat,ishaarat
ishtiyaaq-angez,ishtiyaaq-angez
isti;gnaa,isti;gnaa-e|isti;gnaa
itnaa,itne|itnaa
itne,itnii
itraanaa,itraataa|itraa))e
ittifaaqii,ittifaaqii
ja;zb,ja;zb-e
ja;zbah,ja;zbah-e
jaa,jaa-e|jaa
jaa))iyo,jaa))iyo
jaa))o,jaa))o
jaa))oge,jaa))oge
jaa;n,((aql-o-dil-o-jaa;n
jaadaad,jaadaad-e
jaadah,jaadah-e|jaadah
jaagiir,jaagiir-e
jaagnaa,jaage
jaah,((aish-o-jaah
jaam,jaam-e|jaam-o-subuu|jaam
jaam-o-subuu,jaam-o-subuu
jaamah,jaamah-e
jaan,jaan-e|jaanaa;n|dil-o-jaa;n|jaa;n|jaan
jaan'naa,jaanuu;n|jaaniye|jaane;n|jaantaa|jaante|jaane|jaanegaa
jaan-daadah,jaa;n-daadah-e
jaan-fizaa,jaa;n-fizaa
jaan-gudaaz,jaa;n-gudaaz
jaan-gudaazii,jaa;n-gudaazii-e
jaan-gusil,jaa;n-gusil
jaan-kaahii,jaa;n-kaahii-e
jaan-sipaarii,jaa;n-sipaarii
jaan-sitaan,jaa;n-sitaa;n
jaan-sitaan-tar,jaa;n-sitaa;n-tar
jaanaa,jaate|jaave;nge|ga))e|jaataa|gaye|jaave|ga))ii|jaanaa|jaa))iye|jaane|ga))ii;n|jaa))e;n|jaatii|jaa))egii|jaa))e;nge|gayaa|jaa))egaa|jaa))e|jaa))uu;n|jaave;n
jaano,jaano
jaarii,jaarii
jaaved,jaaved
jaavidaan,jaavidaa;n
jaavidaanii,jaavidaanii-e
jab,jab
jabiin,jabii;n|jabiin-e
jafaa,jafaa|jafaa))e;n
jagah,jagah
jahaan,jahaan|jahaan-e|jahaa;n
jahaan-taab,jahaa;n-taab
jaise,jaise
jalaanaa,jalaane
jallaad,jallaad
jalnaa,jalii|jaltii|jalaa|jal|jale|jalte|jaltaa
jalvah,jalvah-e|jalvah'haa-e|jalvah|jalve
jalvah-farmaa))ii,jalvah-farmaa))ii
jalvah-gaah,jalvah-gaah
jalvah-gar,jalvah-gar
jalvah-garii,jalvah-garii
jalvah-numaa,jalvah-numaa
jalvah-rezii,jalvah-rezii-e
jalvah-zaar,jalvah-zaar-e
jalvat,;xalvat-o-jalvat
jam,jam|fariiduun-o-jam-o-kai;xusrav-o-daaraab-o-bahman
jam((,jam((-o-;xarj|jam((-o-;xarj-e
jam((-o-;xarj,jam((-o-;xarj|jam((-o-;xarj-e
jam((a,jam((a
jam((iyyat,jam((iyyat-e
jamaal,jamaal|jamaal-e
jamshed,jamshed
janaab,janaab
janaazah,janaaze|janaazah
jangal,jangal
jannat,jannat-e|jannat
jaraa;hat,jaraa;hat|jaraa;hat-e
jastah,jastah
jauhar,jauhar-e|jauhar
jaulaan,jaulaa;n|jaulaan-e
jaur,jaur
javaab,savaal-o-javaab|javaab
javaahir,javaahir|javaahir-e
javaan,javaa;n
javaan-marg,javaa;n-marg
javaanii,javaanii
javvaalah,javvaalah
jazaa,jazaa
jeb,jeb|jeb-o-daaman|jeb-e
jeb-o-daaman,jeb-o-daaman
jhaa;rnaa,jhaa;rii
jhaga;rnaa,jhaga;rte
jhuknaa,jhukaa|jhukne
jhuu;t,jhuu;t
jigar,dil-o-jigar|jigar-e|jigar
jigar-;xaraash,jigar-;xaraash
jigar-daarii,jigar-daarii
jigar-tishnah,jigar-tishnah-e
jihat,jihat
jii,jii
jiinaa,jiite|jiitaa|jiye|jiine
jin,jin
jinnat,jinnat
jins,jins-e
jis,jis
jise,jise
jism,jism
jitnaa,jitnaa|jitne
jitnii,jitnii
jo,jo
jor,sitam-o-jor-e
josh,josh|josh-e|josh-o-;xarosh
josh-o-;xarosh,josh-o-;xarosh
joshish,joshish-e
judaa,judaa
judaa))ii,judaa))ii
junbish,junbish|junbish-e
junuun,junuu;n|junuun-e
junuun-((alaamat,junuu;n-((alaamat
junuun-jaulaan,junuu;n-jaulaa;n
jur))at,jur))at-e|fu.zuul-o-jur))at-e
jur))at-aazmaa,jur))at-aazmaa
jurm,jurm
just-juu,just-juu
justajuu,justajuu
juu,juu-e
juu))ibaar,juu))ibaar-e
juuyaa,juuyaa-e|juuyaa
juz,juz
juzv,juzv-e|juzv
ka((bah,ka((bah|ka((be
ka))ii,ka))ii
ka;raa,ka;rii
ka;srat,ka;srat-e
ka;srat-aaraa))ii,ka;srat-aaraa))ii-e
ka;tnaa,ka;tne|ka;t|ka;ttii|ka;te
kaa,kaa|ke
kaa))ii,kaa))ii
kaa))inaat,kaa))inaat
kaa;ga.z,kaa;ga.z
kaa;ga;z,kaa;ga;z-e|kaa;ga;z
kaa;ga;zii,kaa;ga;zii
kaa;n;taa,kaa;n;to;n
kaa;tnaa,kaa;te
kaaf,kaaf-e
kaafii,kaafii
kaafir,kaafar|kaafir
kaakul,kaakul-e|kaakul
kaalbud,kaalbud-e
kaam,kaam|kaam-e|kaam-o-dahan
kaam-o-dahan,kaam-o-dahan
kaamil,naaqi.s-o-kaamil
kaamyaab,kaamyaab
kaan,kaan|kaa;n
kaar,kaar-o-baar|kaar|kaar-o-baar-e
kaar-farmaa,kaar-farmaa
kaar-gaah,kaar-gaah-e
kaar-gar,kaar-gar
kaar-o-baar,kaar-o-baar|kaar-o-baar-e
kaarii,kaarii
kaasah,kaasah-e|kaasah
kaash,kaash-ke|kaash
kaashaanah,kaashaane
kaav-kaav,kaav-kaav-e
kaavish,kaavish-e|kaavish'haa-e|kaavish
kab,kab
kabaab,kabaab-e
kabhii,kabhii
kaf,baa;g-baan-o-kaf-e|kaf-e
kafan,kafan|te;g-o-kafan
kafiil,kafiil-e
kah,kah
kahaa;n,kahaa;n
kahaanii,kahaanii
kahaar,kahaaro;n
kahii;n,kahii;n
kahnaa,kahne|kahye|kahte|kahe;nge|kahtii|kahve|kahve;n|kahe;n|kahnaa|kahaa|kahtaa|kahuu;n|kahe|kahiye
kaho,kaho
kahyo,kahyo
kai;xusrav,fariiduun-o-jam-o-kai;xusrav-o-daaraab-o-bahman
kaifiiyat,kaifiiyat-e
kaifiyyat,kaifiyyat-e
kaimuus,kaimuus
kaisaa,kaise|kaisii|kaisaa
kal,kal
kalaam,kalaam
kalejaa,kalejaa
kaliisaa,kaliisaa
kam,kam-tar|kam
kam-aazaar,kam-aazaar
kam;xvaab,kam;xvaab
kamaal,kamaal-e|kamaal
kamaan,kamaan|kamaa;n
kamand,kamand-e
kamar,kamar
kamiin,kamiin-e|kamii;n
kan((aan,kan((aa;n
kandhaa,kandhaa
kap;rah,kap;re
karam,karam
kardah,kardah
karishmah,karishmah
karnaa,kiyaa|karuu;n|kartii|karte|karne|karuu;ngaa|kiije|kiye|kare;n|kare;nge|kar|kartaa|kare|karnaa|kiijiye
karo,karo
karo;r,karo;ro;n
karoge,karoge
kasb,kasb-e
kashaakash,kashaakash|kashaakash'haa-e|kashaakash-e
kashash,kashash-e
kashmakash,kashmakash-e|kashmakash
kasnaa,kas
kau;sar,kau;sar
kaukabah,kaukabah-e
kaun,kaun
kaun-saa,kaun-se
kavaakib-sipah,kavaakib-sipah-o-mihr-((alam
kavaakib-sipah-o-mihr-((alam,kavaakib-sipah-o-mihr-((alam
kesh,kesh
kha;raa,kha;re
kha;taknaa,kha;tke|kha;tkaa
khaa))iyo,khaa))iyo
khaanaa,khaa))iye|khaa))e;n|khaate|khaane|khaa|khaave;nge|khaa))e|khaayaa|khaa))ii|khaa))uu;n|khaanaa
khai;nchnaa,khai;nchtaa|khai;nche
khapaanaa,khapaataa
kharaa,khare
khe;nchnaa,khe;nche|khe;nch|khe;nchuu;n|khe;nchuu;ngaa|khe;nchiye|khe;nchaa|khe;nchtaa|khe;nchii
khe;ncho,khe;ncho
khel,khel
khet,khet
khi;nchnaa,khi;nchtaa|khi;nch
khilnaa,khilne|khil
kho,kho
kho))e,kho))e
khod,khod
khodnaa,khodne|khode;n
kholnaa,kholnaa|khol|kholte
khonaa,khoyaa
khujaanaa,khujaataa
khulnaa,khul|khule|khulaa|khulne|khulnaa|khulegaa|khulii|khultaa
kidhar,kidhar
kih,kih
kii,kii
kinaar,kinaar-e
kinaarah,kinaare|kinaarah
kirishmah,kirishmah
kis,kis
kise,kise
kisht,kisht-e|kisht
kishtii,kishtii-e
kishvar,kishvar-e
kisii,kisii
kisliye,kisliye
kisuu,kisuu
kisvat,kisvat-e
kitnaa,kitnaa|kitne
ko,ko
ko))ii,ko))ii
ko;nd,ko;nd
koh,koh|koh-e
kohkan,kohkan|qais-o-kohkan
korii,korii-e
kos,koso;n
koshish,koshish
kotaahii,kotaahii-e
kuchh,kuchh
kufr,kufr
kuhan,kuhan
kujaa,kujaa
kul,kul
kulah,kulah
kulfat,kulfat-e
kungur,kungur-e
kunisht,kunisht
kunj,kunj-e
kurednaa,kuredte
kushaad,kushaad-e|kushaad-o-bast-e
kushaad-o-bast,kushaad-o-bast-e
kushaadah,kushaadah
kushaayish,kushaayish
kushtah,kushtah-e|kushtah
kushuudah,kushuudah
kuu,kuu-e
kuuchah,kuuchah-e|kuuche
kuudakii,kuudakii
kuuzah,shiishah-o-qada;h-o-kuuzah-o-sabuu
kyaa,kyaa
kyuu;n,kyuu;n
kyuu;nkar,kyuu;nkar
kyuu;nkih,kyuu;nkih
la((l,la((l-o-guhar|la((l-o-zumurrud-o-zar-o-gauhar|la((l-e
la((l-o-guhar,la((l-o-guhar
la((l-o-zumurrud-o-zar-o-gauhar,la((l-o-zumurrud-o-zar-o-gauhar
la))iim,la))iim
la:taafat,la:taafat
la:tmah,la:tmah-e
la;h:zah,la;h:zah
la;raa))ii,la;raa))ii
la;rakpan,la;rakpan
la;rkaa,la;rko;n
la;rnaa,la;rte|la;riye|la;r|la;rtaa
la;xt,la;xt-e
la;xt-la;xt,la;xt-la;xt
la;z;zat,la;z;zat'haa-e|la;z;zat|la;z;zat-e
la;z;zat-yaab,la;z;zat-yaab
laa))iq,laa))iq-e
laa;gar,laa;gar
laaf,laaf-e
laag,laag
laakh,laakho;n|laakh
laal,laal
laalah,laale|laalah-o-gul|gul-o-laalah|laalah-o-gul-o-nasrii;n|laalah
laalah-kaarii,laalah-kaarii
laalah-o-gul,laalah-o-gul
laalah-o-gul-o-nasriin,laalah-o-gul-o-nasrii;n
laalah-zaar,laalah-zaar
laam,laam
laanaa,laanaa|laa))e|laatii|laa))uu;n|laa|laa))ii|laataa|laate
laash,laash-e
laavnaa,laave;nge|laave|laavegii
laazim,laazim
lab,labo;n|lab-o-dandaa;n|lab-e|lab|giryah-o-lab
lab-o-dandaa;n,lab-o-dandaa;n
lab-tishnah,lab-tishnah-e
laf:z,laf:z
lagaa))o,lagaa))o
lagaanaa,lagaa))e|lagaayaa|lagaa
lagaava;t,lagaava;t
lagaavnaa,lagaave
lagan,lagan
lagnaa,lagtii|lage|lagne|lag|lagii
lahnaa,lahnaa
lahuu,lahuu
lai,lai
lail;aa,lail;aa
lakad-kob,lakad-kob-e
lakhna))uu,lakhna))uu
lakiir,lakiire;n
laraznaa,laraztaa|larze
laraznnaa,larazne
lashkar,lashkar
lat,lat
lau;h,lau;h-e
lekin,lekin
lenaa,le;n|le|lete|lene|letaa|lii|luu;n|liyaa|le;nge|leve
libaas,libaas-e|libaas
liijo,liijo
likhnaa,likhe;nge|likhe|likhaa|likkhaa|likh|likhte|likhtaa|likhiye|likhuu;n
likhvaanaa,likhvaa))e
lipa;tnaa,lipa;tnaa|lip;taa
liyaalii,liyaalii
liye,liye
lo,lo
log,logo;n|log
lu:tf,lu:tf|lu:tf-e
lu;taanaa,lu;taataa
lu;ttnaa,lu;ttaa
ma((;zuur,ma((;zuur
ma((aa.sii,ma((aa.sii
ma((aanii,ma((aanii
ma((aash,ma((aash-e
ma((dan,ma((dan
ma((luum,ma((luum
ma((muure,ma((muure
ma((nii,ma((nii
ma((ri.z,ma((ri.z-e
ma((shuuq,ma((shuuq|ma((shuuq-e
ma((shuuq-farebii,ma((shuuq-farebii
ma((shuuqii,ma((shuuqii-o-be-;hau.salagii
ma((shuuqii-o-be-;hau.salagii,ma((shuuqii-o-be-;hau.salagii
ma((zuulii,ma((zuulii-e
ma-aal,ma-aal
ma.sla;hat,ma.sla;hat
ma.zaamiin,ma.zaamii;n
ma.zmuun,ma.zmuu;n
ma:tlab,ma:tlab-e|ma:tlab
ma:tlaq,ma:tlaq
ma:tluub,ma:tluub
ma;gfarat,ma;gfarat
ma;hfil,ma;hfile;n|ma;hfil
ma;hmil,ma;hmil
ma;hram,ma;hram
ma;hramii,ma;hramii-e
ma;hruum,ma;hruum-e|ma;hruum
ma;hruumii,ma;hruumii-e
ma;hshar,ma;hshar-e|ma;hshar
ma;hsharistaan,ma;hsharistaan-e
ma;hv,ma;hv|ma;hv-e
ma;zkuur,ma;zkuur
maa,maa
maa))idah,maa))idah-e
maa;ndagii,maa;ndagii
maa;ngnaa,maa;ng|maa;ngaa|maa;nge
maafaat,maafaat
maah,maah-e|mihr-o-maah|shab-o-roz-o-maah-o-saal|maah|;xvurshiid-o-maah
maah-ru;x,mah-ru;xo;n
maajraa,maajraa
maal,maal
maan,maan
maan'naa,maanuu;n|maanaa|maane
maana((,maana((|maana((-e
maanaa,maare
maanii,maanii
maanind,maanind-e|maanind
maarnaa,maariye|maar|maaraa
maatam,maatam|maatam-e
maatam-;xaanah,maatam-;xaanah
mabaadaa,mabaadaa
mad;h,mad;h|mad;h-e
madaar,madaar
madfan,madfan
madrasah,madrasah
magar,magar
magas,magas
mah,mah-e|mihr-o-mah|mah
mah-:tal((at,mah-:tal((ato;n
mahiinah,mahiine
mahjuur,mahjuur-e
mahshar,mahshar
mahtaab,mahtaab
mai,mai-o-na;gmah|mai|mai-o-angabii;n|mai-e|mai-o-saa;gar
mai-;xaanah,mai-;xaane|mai-;xaanah-e|mai-;xaanah
mai-kadah,mai-kadah-e|mai-kadah
mai-kash,mai-kash
mai-kashii,mai-kashii
mai-o-angabiin,mai-o-angabii;n
mai-o-na;gmah,mai-o-na;gmah
mai-o-saa;gar,mai-o-saa;gar
mai-parast,mai-parastaa;n
mai-parastii,mai-parastii
mai;n,mujhii|mujh|mujhe|mai;n
majaal,majaal-e
majbuur,majbuur
majbuurii,majbuurii-o-da((vaa-e
majbuurii-o-da((vaa,majbuurii-o-da((vaa-e
majlis,majlis
majlis-furoz,majlis-furoz-e
majmuu((ah,majmuu((ah-e
majnuun,majnuun-e|majnuu;n
majruu;h,majruu;h-e
makaan,makaa;n|makaan
makiin,makii;n
maktab,maktab|maktab-e
maktuub,maktuub
mala;x,mala;x
malaamat,malaamat
malak-ul-maut,malak-ul-maut
malnaa,malnaa
man((,man((-e
man.sab,man.sab-e
man.suur,man.suur
man:zar,man:zar
man:zuur,man:zuur
mansuub,mansuub
manzil,manzil
maq.sad,maq.sad|maq.sad-e
maq:ta((,maq:ta((-e
maqaam,maqaam-e|maqaam
maqbuul,maqbuul
maqdam,maqdam-e
maqduur,maqduur
maqtal,maqtal
mar;guub,mar;guub-e
mar;habaa,mar;habaa
mar;siyah,mar;siyah
mara.z,mara.z
mard,mard
mard-afgan,mard-afgan-e
mardaanah,mardaanah
mardumak,mardumak-e
marg,marg-e|marg
marham,marham
marhuun,marhuun-e
marii.z,marii.z-e
marjaan,marjaa;n
marnaa,mare|mar|marnaa|marne|martaa|marte
martabah,martabah
maryam,maryam
masaa))il,masaa))il-e
mash;guul,mash;guul-e
mashhad,mashhad-e
mashhuud,shuhuud-o-shaahid-o-mashhuud
mashhuur,mashhuur
mashq,mashq-e
masii;haa,masii;haa
masjid,masjid
masjuud,masjuud
mast,mast|mast-e
mastaanah,mastaanah
mastii,ravish-o-mastii-e|mastii
mat,mat
mataa((,mataa((-e
mauj,mauj-e|qa:trah-o-mauj-o-;hubaab|mauj
mauj-zan,mauj-zan
maujah,maujah-e
maujuud,maujuud
mauquuf,mauquuf
mausam,mausam|mausam-e
maut,maut
mazaa,mazaa
mazaar,mazaar
mazah,maze|mazah
mazduur,mazduur
mazduurii,((ishq-o-mazduurii-e
me;n,me;n
meraa,mire|mirii|merii|meraa|mere|miraa
mi.sr,mi.sr
mi;saal,mi;saal
mi;sl,mi;sl-e
mi;taanaa,mi;taataa
mi;tnaa,mi;ttaa|mi;taa|mi;t|mi;te|mi;tnaa
mihmaan,mihmaa;n
mihr,mihr|mihr-o-vafaa|mihr-o-maah|mihr-e|mihr-o-mah|.sub;h-o-mihr
mihr-((alam,kavaakib-sipah-o-mihr-((alam
mihr-aasaa,mihr-aasaa
mihr-baan,mihr-baa;n
mihr-giyaa,mihr-giyaa
mihr-o-maah,mihr-o-maah
mihr-o-mah,mihr-o-mah
mihr-o-vafaa,mihr-o-vafaa
mihr-vash,mihr-vash
mihrbaan,mihrbaa;n
mihrbaanii,mihrbaaniihaa-e
miinaa,miinaa|miinaa-e|saa;gar-o-miinaa
miinaa))ii,miinaa))ii
miir,miir
miirzaa,miirzaa
millat,millate;n|millat-o-mulk
millat-o-mulk,millat-o-mulk
milnaa,mile|mil|milii|mile;n|milegaa|milne|miltaa|milnaa|mile;nge|milaa|miltii
min-jumlah,min-jumlah-e
minnat,minnat|minnat-e
minnat-kash,minnat-kash-e
miqdaar,miqdaar-e
mizaaj,mizaaj
mizhah,mizhah-e|mizhah'haa-e|mizhah
mizhgaan,dil-o-mizhgaa;n|mizhgaa;n|mizhgaan-e
mizhgaanii,mizhgaanii
mor,mor
motii,motii
mu((aaf,mu((aaf
mu((aamalah,mu((aamalah
mu((aamilah,mu((aamilah
mu((ayyan,mu((ayyan
mu((iin,mu((iin-e
mu((taqid,mu((taqid-e
mu.saa;hib,mu.saa;hib
mu.savvarii,mu.savvarii
mu.savvir,mu.savvir
mu.siibat,mu.siibat|mu.siibat-e
mu.z:tarib,mu.z:tarib
mu.zma;hil,mu.zma;hil
mu.zmar,mu.zmar
mu:trib,mu:trib|mu:trib-e
mu;gannii,mu;gannii-e
mu;gtanam,mu;gtanam
mu;haabaa,mu;haabaa
mu;haal,mu;haal
mu;habbat,mu;habbat
mu;hii:t,mu;hii:t-e
mu;htaaj,mu;htaaj-e
mu;ndnaa,mu;nd
mu;nh,mu;nh
mu;xaalif,mu;xaalif
mu;xta.sar,mu;xta.sar
mubaarak,mubaarak
mubaddal,mubaddal
mubtalaa,mubtalaa-e
mudaam,mudaam
mudda((;aa,mudda((;aa
mudda((aa,mudda((aa-e|mudda((aa
mudda((aa-:talabii,mudda((aa-:talabii
mudda((ii,mudda((ii|mudda((ii-o-diidah
mudda((ii-o-diidah,mudda((ii-o-diidah
muddat,muddat
muflis,muflisaa;n
muft,muft-e|muft
muhr,muhr|muhr-e
mukaafaat,mukaafaat
mukarrar,mukarrar
mukaukab,mukaukab
mulaaqaat,mulaaqaat
mulk,millat-o-mulk
mun;ha.sir,mun;ha.sir
mun;harif,mun;harif
munaajaat,munaajaat
munfa((il,munfa((il
munkar,munkar-e
munkir,munkir
muqaabil,muqaabil-o-da((vaa-e|muqaabil
muqaabil-o-da((vaa,muqaabil-o-da((vaa-e
muqaddamah,muqaddamah
muqaddar,muqaddar
muqarrar,muqarrar
mur;g,mur;g-e|mur;g
muraad,muraad
murdah,murdah
murdan,murdan
musalmaan,musalmaa;n
musarrat,musarrat-e
mushaahadah,mushaahadah|mushaahadah-e
mushk-buu,mushk-buu
mushkiin,mushkii;n
mushkil,mushkil-e|mushkile;n|mushkil
mushkil-pasand,mushkil-pasand
musht,musht-e
mushtaaq,mushtaaq-e|mushtaaq
mushtamil,mushtamil
mutaqaabil,mutaqaabil
muu,muu|muu-e
muunis,muunis
muva;h;hid,muva;h;hid
muvaa;xa;zah,muvaa;xa;zah-e
muyassar,muyassar
muzhdah,muzhdah-e|muzhdah
na((l-bahaa,na((l-bahaa
na((sh,na((sh
na-shuniidan,na-shuniidan
na.sii;hat-niyosh,na.sii;hat-niyosh
na.siib,na.siibo;n|na.siib
na.siir,na.siir-e
na:z:zaaragii,na:z:zaaragii
na:z:zaarah,na:z:zaarah-e|na:z:zaare|na:z:zaarah|na:z:zaarah-o-;xayaal
na:z:zaarah-o-;xayaal,na:z:zaarah-o-;xayaal
na:zaarah,na:zaarah-e|na:zaarah
na:zaarah-soz,na:zaarah-soz
na:zar,na:zar'haa-e|na:zar
na:zar-gaah,na:zar-gaah-e
na;gmah,mai-o-na;gmah|na;gmah|na;gmah-e|na;gmah'haa-e
na;gmah-sanj,na;gmah-sanj
na;gmah-saraa,na;gmah-saraa
na;xchiir,na;xchiir
na;xshab,na;xshab
na;xvat,na;xvat
na;zr,na;zr|na;zr-e
naa-((aaqibat-andesh,naa-((aaqibat-andesh
naa-;haq,naa-;haq
naa-;xudaa,naa-;xudaa
naa-;xvush,naa-;xvush|;xvush-o-naa-;xvush
naa-chaar,naa-chaar
naa-daan,naa-daa;n
naa-guziir,((ishq-o-naa-guziir-e
naa-in.saaf,naa-in.saaf
naa-kaam,naa-kaam
naa-kaamii,naa-kaamii-e|naa-kaamii
naa-kardah,naa-kardah
naa-mihrbaan,naa-mihrbaan|naa-mihrbaa;n
naa-muraad,naa-muraad
naa-rasaa,naa-rasaa
naa-rasaa))ii,naa-rasaa))ii
naa-saaz,naa-saaz
naa-saaz-gaarii,naa-saaz-gaarii
naa-saazii,naa-saazii-e
naa-sazaa,naa-sazaa
naa-shiguftah,naa-shiguftah
naa-shinaas,naa-shinaas
naa-tamaamii,naa-tamaamii|naa-tamaamii-e
naa-tavaanii,naa-tavaanii-e|naa-tavaanii
naa-umiidii,naa-umiidii
naa-ummiidvaarii,naa-ummiidvaarii
naa-yaab,naa-yaab
naa-yaaft,naa-yaaft
naa.si;h,naa.si;h
naa.siyah-farsaa,naa.siyah-farsaa
naa.siyah-saa,naa.siyah-saa
naa;xun,naa;xun
naab,naab
naachaar,naachaar
naachnaa,naachte
naadaan,naadaa;n
naaf,naaf-e
naafah,naafah
naagahaan,naagahaa;n
naagahaanii,naagahaanii
naak,naak
naalah,naalah|naale|naalah-e|naalo;n|naalaa;n|naalah'haa-e
naalah-farsaa,naalah-farsaa
naalah-farsaa))ii,naalah-farsaa))ii
naam,naam|be-nang-o-naam|naam-e
naamah,naamah-e|naamah
naamah-bar,naamah-bar
naamuus,naamuus-e|naamuus
naaqi.s,naaqi.s-o-kaamil
naaqi.s-o-kaamil,naaqi.s-o-kaamil
naar,naar
naasi;x,naasi;x
naasuur,naasuur
naavuk,naavuk-e
naavuk-figan,naavuk-figan
naay,naay-o-nosh
naay-o-nosh,naay-o-nosh
naayaab,naayaab
naaz,((izz-o-naaz|naaz-e|naaz-o-;gamzah|naaz-o-adaa|naazaa;n|naaz
naaz-o-;gamzah,naaz-o-;gamzah
naaz-o-adaa,naaz-o-adaa
naazish,naazish-e
naazuk,naazuk
naazuk-badan,naazuk-badan
naazukii,naazukii
nab.z,nab.z-e
nabaatii,nabaatii
nabard,nabard-e|nabard
nabard-peshah,nabard-peshah
nadaamat,nadaamat
nadiim,nadiim|nadiim-e
nafas,nafas-e|nafas
nafas-parvar,nafas-parvar
nafii,nafii
nafrat,nafrat
nagiin,nagiin-e
nah,nah
nahii,nahii
nahii;n,nahii;n
nai,nai
nairang,nairang-e|nairang
naisitaan,naisitaa;n
najaf,najaf-o-:tauf-e
najaf-o-:tauf,najaf-o-:tauf-e
nak'hat,nak'hat-e
nakiir,nakiire;n
nam,nam-e
namak,namak
namak-daan,namak-daa;n
namak-paash,namak-paash-e
namruud,namruud
namuud,namuud
nang,nang-e
naqaab,naqaab|naqaab-e
naqd,naqd-e|naqd|nisyah-o-naqd-e
naqqaash,naqqaash-e
naqsh,naqsh-e|naqsh-o-nigaar-e|naqsh
naqsh-o-nigaar,naqsh-o-nigaar-e
naqshaa,naqshaa
naqshah,naqshah
nargis,nargis
nashaa:t,nashaa:t|nashaa:t-e
nashaa:t-aahang,nashaa:t-aahang
nasheb,nasheb-o-faraaz
nasheb-o-faraaz,nasheb-o-faraaz
nashshah,nashshah-e|nashshah|nashshe|nashshah'haa
nashtar,nashtar
nashv,nashv-o-numaa
nashv-o-numaa,nashv-o-numaa
nasiim,nasiim-e|nasiim
nasriin,laalah-o-gul-o-nasrii;n
nau,nau
nau-;xez,nau-;xez
nau-aamoz,nau-aamoz-e
nau-bahaar,nau-bahaar-e
nau;hah,nau;hah-e
nau;hah-;xvaan,nau;hah-;xvaa;n
nau;hah-gar,nau;hah-gar
naukar,naukar
naumed,naumed|naumiid
naumiidii,naumiidii|naumiidii-e
navaa,navaahaa-e|navaa-e
navaa-pardaaz,navaa-pardaaz
navaa-sanj,navaa-sanj-e
navaa-sanjaan,navaa-sanjaan-e
navaazish,navaazish'haa-e|navaazish
naved,naved-e
naviid,naviid
nayaa,na))e
nayastaan,nayastaa;n
nayyar,nayyar
naz((,naz((a|naz((
nazaakat,nazaakat
nazdiik,nazdiik
ne,ne
nek,nek
nekii,nekii
nesh,nesh
neshtar,neshtar
ni((mat,ni((mat
ni;saar,ni;saar
nigaah,nigaah-e|nigaahe;n|nigaah
nigaar,naqsh-o-nigaar-e|nigaar
nigah,nigah-e|nigah
nihaal,nihaal
nihaalii,nihaalii
nihaan,nihaa;n
nihaanii,nihaanii
nihang,nihang
nii;nd,nii;nd
niilii-faam,niilii-faam
niim-;gamzah,niim-;gamzah
niim-baaz,niim-baaz
niim-jaan,niim-jaa;n
niim-kash,niim-kash
niim-roz,niim-roz
niim-shabii,niim-shabii
niind,niind
niiruu,niiruu-e
nijaat,nijaat
nikaalnaa,nikaale|nikaalaa
nikalnaa,nikalnaa|nikalne|niklaa|nikaltii|nikle|nikalte
nikammaa,nikammaa
niko-naamii,niko-naamii-e
nikohish,nikohish
nisbat,nisbat
nishaa:t,nishaa:t-e
nishaan,nishaan-e|nishaa;n|nishaan
nishaanii,nishaanii
nisyaan,nisyaa;n
nisyah,nisyah-o-naqd-e
nisyah-o-naqd,nisyah-o-naqd-e
niyaam,niyaam-e
niyaaz,niyaaz|niyaaz-e
nok,nok
nosh,naay-o-nosh
nu:tq,nu:tq
nujuum,nujuum
nuktah-chiin,nuktah-chii;n
nuktah-daan,nuktah-daa;n
nuktah-saraa,nuktah-saraa
numaa,nashv-o-numaa
numaayaa;n,numaayaa;n
numuu,numuu
numuud,numuud-e
nuq.saan,nuq.saa;n
nuqsaan,nuqsaa;n
nus;xah,nus;xah-e|nus;xah'haa-e
nuur,nuur-e|nuur
nuur-ul-((ain,nuur-ul-((ain-e
nuzuul,nuzuul
o,o
ok,ok
pa,pa-e
pa)),pa))-e
pa))e,pa))e
pa))e-ham,pa))e-ham
pa;rhnaa,pa;rhye|pa;rh
pa;rnaa,pa;rii|pa;rtii|pa;ruu;n|pa;rye|pa;raa|pa;rii;n|pa;re
paa,paa-e|paa|be-sar-o-paa|be-dast-o-paa|dast-o-paa
paa))idaarii,paa))idaarii
paa))ii,be-dast-o-paa))ii
paa-andaaz,paa-andaaz
paa-bastagii,paa-bastagii-e
paa-buus,paa-buus
paa;nv,paa;nv
paaband,paaband-e
paadaash,paadaash-e
paak,paak
paanaa,paave|paayaa|paate|paane|paa))ii|paataa|paa))uu;n|paa))e;n|paanaa|paa))e
paanii,paanii
paar,paar
paarah,paarah-e|paarah'haa-e
paarsaa))ii,paarsaa))ii
paas,paas|paas-e
paasbaan,paasbaa;n|paas-baa;n
paasbaanii,paasbaanii
paashnah,paashnah
paasu;x,paasu;x-e
pach,pach
pah,pah
pahchaan'naa,pahchaantaa
pahle,pahle
pahluu,pahluu-e|pahluu
pahu;nchaanaa,pahu;nchaa))e;n
pahu;nchnaa,pahu;nchaa|pahu;nch|pahu;nche|pahu;nchte
pai,pai|rag-o-pai
pai-ravii,pai-ravii
pai;gaam,pai;gaam-e|pai;gaam
pai;gaarah-juu,pai;gaarah-juu
paidaa,paidaa
paidaa))ii,paidaa))ii
paikaan,paikaa;n|paikaan|paikaan-e
paikar,paikar-e
paimaan,paimaan-e
paimaanah,paimaanah-e
pairaahan,pairahan|pairaahan
paivand,paivand
paivastah,paivastah
pak;rnaa,pak;re
paka;rnaa,pak;raa
palak,palko;n
palang,palang
pand,pand-e
par,par|baal-o-par|par-e
par-afshaan,par-afshaa;n
par-fishaanii,par-fishaanii|par-fishaanii-e
parastaarii,parastaarii-e
parastish,parastish
pardaa,pardaa
pardaaz,pardaaz
pardah,pardah|parde|pardah-e
pardah-daar,pardah-daar-e
pardah-daarii,pardah-daarii|pardah-daarii-e
pardah-sanj,pardah-sanj-e
pare,pare
pareshaan,pareshaa;n
pareshaanii,pareshaanii|pareshaaniyaa;n|pareshaanii-e
parhez,parhez
parii,parii
parii-chahrah,parii-chahrah
parii-paikar,parii-paikar
parii-ru;x,parii-ru;x
parii-vash,parii-vash
pariizaad,pariizaado;n
parnii,parniyaa;n
partav,partav|partav-e
parvaa,parvaa
parvaanah,parvaanah
parvaaz,parvaaz-e|parvaaz
parvarish,parvarish
pas,pas
pasand,pasand
pashemaan,pashemaa;n
pastii,pastii
pataa,pataa
patah,pate
patthar,patthar
payaam,payaam-o-chashm|payaam-e
payaam-o-chashm,payaam-o-chashm
pech,pech-o-taab|pech-o-;xam|pech-o-taab-e
pech-o-;xam,pech-o-;xam
pech-o-taab,pech-o-taab|pech-o-taab-e
pesh,pesh-e|peshtar
pesh-dastii,pesh-dastii
peshah,peshe
pha;nsaanaa,pha;nsaayaa
phande,phande
phir,phir
phirnaa,phire;n|phiruu;n|phiraa|phire|phirne|phirtii|phirtaa
phiro,phiro
pho;r,pho;r
pho;rnaa,pho;rnaa
phuu;nknaa,phuu;nkaa
phuul,phuul
pighalnaa,pighlaa
pih,pih
pii;tnaa,pii;tne|pii;tuu;n
piichhe,piichhe
piinaa,piyaa|piitaa|piyuu;n|pii|piite|piye|piine
piinas,piinas
piir,piir|piir-e
piir-zan,piir-zan
piirii,piirii
pilaanaa,pilaa
pindaar,pindaar
pinhaan,pinhaa;n
pinhaanii,pinhaanii
pirone,pirone
piyaalah,piyaalah-o-saa;gar|piyaalah
piyaalah-o-saa;gar,piyaalah-o-saa;gar
piyo,piyo
punbah,punbah-e|punbah
punbah-aagiin,punbah-aagii;n
pur,pur
pur-((arbadah,pur-((arbadah
pur-;xaar,pur-;xaar
pur-;xuun,pur-;xuu;n
pur-gul,pur-gul
pur-pech,pur-pech-o-;xam
pur-pech-o-;xam,pur-pech-o-;xam
pur-shikan,pur-shikan
pur-shor,pur-shor
purkaar,purkaar
purkaarii,saadagii-o-purkaarii
pursish,pursish'haa-e|pursish|pursish-e
purzah,purze
pusht,pusht-e
pusht-;xaar,pusht-;xaar
pusht-garmii,pusht-garmii-e
puuchhmaa,puuchhtaa
puuchhnaa,puuchhaa|puuchhe;n|puuchhe|puuchhnaa|puuchh|puuchhii|puuchhne|puuchhuu;n|puuchhte
puuchho,puuchho
puujnaa,puujnaa|puujtaa
pyaas,pyaas
qa.suur,qa.suur
qa.zaa,qa.zaa
qa:t,qa:t
qa:t((,qa:t((-e
qa:t((a,qa:t((a
qa:trah,.sa;hraa-dast-gaah-o-qa:trah|qa:trah-e|qa:trah|qa:trah-o-mauj-o-;hubaab|qa:tre
qa:trah-o-mauj-o-;hubaab,qa:trah-o-mauj-o-;hubaab
qa;h:t,qa;h:t-e
qaa))il,qaa))il
qaa.sid,qaa.sid
qaa:ta((,qaa:ta((-e
qaabil,qaabil
qaamat,qaamat
qaatil,qaatil
qabaa,qabaa|qabaa-e
qabuul,qabuul
qad,qad-e|qad|qad-o-ru;x|qad-o-gesuu
qad-o-gesuu,qad-o-gesuu
qad-o-ru;x,qad-o-ru;x
qada;h,qada;h|shiishah-o-qada;h-o-kuuzah-o-sabuu
qada;h-;xvaar,qada;h-;xvaar
qadam,qadam
qadam-bos,qadam-bos
qadar,qadar
qadd,qadd-e
qadiim,qadiim
qadr,qadr|qadr-e
qafaa,qafaa-e
qafas,qafas|qafas-e
qahr,qahr|qahr-o-((ataab|qahr-o-;ga.zab
qahr-o-((ataab,qahr-o-((ataab
qahr-o-;ga.zab,qahr-o-;ga.zab
qai,qai
qaid,qaid-e|qaid
qais,qais|qais-o-kohkan
qais-o-kohkan,qais-o-kohkan
qalam,qalam-e|qalam
qanaa((at,qanaa((at
qar.z,qar.z
qaraar,qaraar
qariib,qariib
qasam,qasam
qatl,qatl
qatl-gah,qatl-gah|qatl-gah-e
qaul,qaul-e
qi.s.sah,qi.s.sah
qiblah,qible|qiblah-e|qiblah
qiblah-numaa,qiblah-numaa
qiimat,qiimat|qiimat-e
qimaar-;xaanah,qimaar-;xaanah-e
qismat,qismat
qiyaamat,qiyaamat
qiyaas,qiyaas
qudrat,qudrat|qudrat-e
qufl,qufl-e
qulzum,qulzum-e
qulzum-aashaamii,qulzum-aashaamii
qumrii,qumrii
quv;aa,quv;aa
quyuud,rusuum-o-quyuud
ra((naa))ii,ra((naa))ii-e
ra((uunat,ra((uunat
ra.zaamand,ra.zaamand
ra;hm,ra;hm
ra;hmat,ra;hmat
ra;xsh,ra;xsh-e
ra;xshindah,ra;xshindah
raa.zii,raa.zii
raa;hat,raa;hat
raa;hat-:talabii,raa;hat-:talabii
raag,raag
raah,raah-e|raah-o-rasm-e|raah|rasm-o-raah
raah-guzaar,rah-guzaar
raah-guzar,raah-guzar
raah-numaa,rah-numaa
raah-o-rasm,raah-o-rasm-e
raah-zan,raah-zan
raahbar,raahbar
raahrau,rahrau
raakh,raakh
raas,raas
raat,raat|raate;n
raaz,raaz'haa-e|raaz|raaz-e
raaz-daan,raaz-daa;n
rab,rab
rab:t,rab:t-e|rab:t
rabaab,chang-o-rabaab
radd,radd-e
radiif,radiif-e
raft,raft
raftaar,raftaar-e|raftaar
raftah,raftah|raftah-e
rafuu,rafuu-e|rafuu
rag,rago;n|rag|rag-o-pai|rag-e
rag-o-pai,rag-o-pai
rah,rasm-o-rah-e|rah-o-sitam-e|rah-e|rah|rah-o-rasm-e
rah-guzar,rah-guzar|rah-guzar-e
rah-o-rasm,rah-o-rasm-e
rah-o-sitam,rah-o-sitam-e
rahbar,rahbar-e
rahguzaar,rahguzaar|rahguzaar-e
rahguzar,rahguzar
rahii,rahii
rahiin,rahiin-e
rahn,rahn-e
rahnaa,rahegaa|rahe|rahnaa|rahve|rahaa|rahuu;n|rahte|rahye|rahne|rahe;n|rahtii
raho,raho
rahyo,rahyo
rahzan,rahzan|rahzan-e
rahzanii,rahzanii
rakaab,rakaab
rakhnaa,rakhtaa|rakhe|rakh|rakhne|rakhaa|rakhtii|rakhte|rakhuu;n|rakhye
rakhyo,rakhyo
ram,ram
rang,rang|rang-o-saaz'haa|rang-e
rang-o-saaz,rang-o-saaz'haa
rangaarang,rangaarang
rangiin,rangii;n
rangiin-navaa))ii,rangii;n-navaa))ii
ranj,ranj-e|ranj
ranj-aashnaa,ranj-aashnaa
ranjish,ranjish-e|ranjishe;n
ranjuur,ranjuur
ranjuurii,ranjuurii
rantaa,rahtaa
raq.s,raq.s-e
raqam,raqam
raqiib,raqiib-e|raqiibo;n|raqiib
rasaa,rasaa
rasaa))ii,rasaa))ii
rasan,daar-o-rasan
rashk,rashk|rashk-e
rasm,rasm-o-rah-e|raah-o-rasm-e|rasm-o-raah|rah-o-rasm-e
rasm-o-raah,rasm-o-raah
rasm-o-rah,rasm-o-rah-e
rast;xez-andaazah,rast;xez-andaazah
rastaa,rastaa
rau,rau
rau;ndnaa,rau;ndii
raunaq,raunaq-e|raunaq
raushan,raushan
rauzan,rauzan-e|rauzan
ravaa,ravaa
ravaan,ravaa;n
ravaanah,ravaanah
ravaanii,ravaanii-e|ravaanii
ravish,ravish-o-mastii-e|ravish-e|:tarz-o-ravish
ravish-o-mastii,ravish-o-mastii-e
re,re
re;xtah,re;xte|re;xtah
resh,resh-e
reshagii,reshagii
reshah,reshah-e|reshah
reshah-davaanii,reshah-davaanii
rezah,rezah-e
rezish,rezish-e
ri.zvaan,ri.zvaa;n
rihaa,rihaa
rihaa))ii,rihaa))ii
rind,rindaa;n|rind-e
rindaan,rindaan-e
rindaanah,rindaanah
rishtah,rishtah-e|rishtah
riyaa))ii,riyaa))ii
rizq,rizq-e|rizq
ro,ro
rok,rok
rokaa,rokaa
roke,roke
ronaa,ro))e;n|ro))e;nge|ro))uu;n|ro))iye|ronaa
rone,rone
rotaa,rotaa
rote,rote
roz,shab-o-roz|roz|shab-o-roz-o-maah-o-saal|roz-e
rozgaar,rozgaar
ru;x,ru;x|qad-o-ru;x|ru;x-e
ru;x.sat,ru;x.sat-e|ru;x.sat
ru;xsaar,ru;xsaar|ru;xsaar-e
ruknaa,rukne|ruk|ruktaa|ruktii
rusuum,rusuum-o-quyuud|rusuum
rusuum-o-quyuud,rusuum-o-quyuud
rusvaa,rusvaa-e|rusvaa
rusvaa))ii,rusvaa))ii|rusvaa))ii-e
rutbah,rutbe
ruu,ruu-e|ruu
ruu-kash,ruu-kash-e
ruu-kashii,ruu-kashii
ruu-shinaas,ruu-shinaas-e
ruu-siyaah,ruu-siyaah
ruu;h,ruu;h|ruu;h-e
ruu;h-ul-qudus,ruu;h-ul-qudus
ruubakaarii,ruubakaarii
ruubaruu,ruubaruu
ruubkaar,ruubkaar
ruudaad,ruudaad-e
sa((ii,sa((ii-e
sa((y,sa((y
sa:t;h,sa:t;h-e
sa:tvat,sa:tvat|sa:tvat-e
sa;har,sa;har
sa;harii,sa;harii
sa;nbhalnaa,sa;nbhalne
sa;xt,sa;xt
sa;xt-jaanii,sa;xt-jaaniihaa-e
sa;xtii-kashaan,sa;xtii-kashaan-e
saa,saa
saa))il,saa))il
saa;gar,mai-o-saa;gar|piyaalah-o-saa;gar|saa;gar|saa;gar-o-miinaa|baadah-o-saa;gar|saa;gar-e
saa;gar-o-miinaa,saa;gar-o-miinaa
saa;hil,saa;hil|saa;hil-e
saa;xtah,saa;xtah-o-fa.sl-e
saa;xtah-o-fa.sl,saa;xtah-o-fa.sl-e
saadagii,saadagii-o-purkaarii|saadagii|saadagiihaa-e
saadagii-aamoz,saadagii-aamoz-e
saadagii-o-purkaarii,saadagii-o-purkaarii
saadah,saadah
saadah-dil,saadah-dil
saadah-dilii,saadah-dilii
saakinaan,saakinaan-e
saal,saal|shab-o-roz-o-maah-o-saal
saamaan,saamaan|saamaa;n|sar-o-saamaa;n|saamaan-e
saamaan-:taraaz,saamaa;n-:taraaz-e
saamne,saamne
saaqii,saaqii|saaqii-e|saaqii-o-;zauq-e
saaqii-garii,saaqii-garii
saaqii-o-;zauq,saaqii-o-;zauq-e
saat,saat
saath,saath
saayah,saayah|saayah-e|saaye|saa))e
saaz,saaz-e|rang-o-saaz'haa|saaz
sab,sab
sabab,sabab
sabad,sabad-e
sabaq,sabaq-e|sabaq
sabuu,shiishah-o-qada;h-o-kuuzah-o-sabuu
sabz,sabz-e|sabz
sabzah,sabzah-o-gul|sabzah|sabze|sabzah-e
sabzah-o-gul,sabzah-o-gul
sabzah-zaar,sabzah-zaar
sach,sach
saf;hah,saf;hah-e
safaal,safaal
safar,safar|safar-e
safedii,safedii
safiinah,safiinah
sahii,sahii
sahl,sahl
sai;nka;r,sai;nk;ro;n
sail,sail-e
sailaab,sailaab|sailaab-e
sair,sair-e|sair|sair-o-tamaashaa
sair-o-tamaashaa,sair-o-tamaashaa
saiyaarah,saiyaarah
sajjaadah,;xirqah-o-sajjaadah
saknaa,sake|saktaa|sakaa|saktii|sakte
sako,sako
sakuun,sakuu;n
salaam,salaam
salaamat,salaamat
sam,sam
samaa((,samaa((
samaa))ii,samaa))ii
samajhnaa,samajhnii|samajhtaa|samajhye|samajh|samajhte
samajhyo,samajhyo
samand,samand-e
samandar,samandar
samjhaavnaa,samjhaave;nge
samjhnaa,samjhuu;ngaa|samjhe;n|samjhuu;n|samjhe;nge|samjhe|samjhaa|samjho
sanam-parast,sanam-parasto;n
sang,sang|sang-o-;xisht|sang-e
sang-aamadah,sang-aamadah
sang-dil,sang-dil
sang-o-;xisht,sang-o-;xisht
sangiin,sangii;n
sanjaab,sanjaab
sar,sar|be-sar-o-paa|sar-o-barg-e|sar-o-saamaa;n|sar-e
sar-angusht,sar-angusht-e
sar-ba-sar,sar-ba-sar
sar-bar,sar-bar
sar-chashmah,sar-chashmah-e
sar-garm,sar-garm-e|sar-garm
sar-gashtagii,sar-gashtagii
sar-giraan,sar-giraa;n
sar-giraanii,sar-giraanii
sar-kash,sar-kash
sar-manzil,sar-manzil-e
sar-mastiii,sar-mastiyaa;n
sar-naamah,sar-naame
sar-navisht,sar-navisht
sar-niguun,sar-niguu;n
sar-niguunii,sar-niguunii
sar-o-barg,sar-o-barg-e
sar-o-paa,be-sar-o-paa
sar-o-saamaan,sar-o-saamaa;n
sar-panjah,sar-panjah-e
sar-sabz,sar-sabz
sar-taa-paa,sar-taa-paa
sar-taa-sar,sar-taa-sar-e|sar-taa-sar
sar;had,sar;had-e
saraab,saraab|saraab-e
saraapaa,saraapaa
saraapaa-naaz,saraapaa-naaz
saraasar,saraasar
sard,sard
sargashtah,sargashtah-e
sarishtah-daarii,sarishtah-daarii
sarmaayah,sarmaayah-e|sarmaayah
sarosh,sarosh
sarshaar,sarshaar-e|sarshaar
sarv,sarv-o-.sanobar|sarv|sarv-e
sarv-o-.sanobar,sarv-o-.sanobar
sarv-qad,sarv-qad
sataa))ish,sataa))ish
sataanaa,sataa))e|sataanaa
sataayish-gar,sataayish-gar
sau,sau
sau;np,sau;np
sau;npnaa,sau;npii|sau;npaa
saudaa,saudaa|saudaa-e
savaal,savaal|savaal-o-javaab
savaal-o-javaab,savaal-o-javaab
savaar,savaar-e
sazaa,sazaa|sazaa-e
se,se
sha;gl,sha;gl
sha;x.s,sha;x.s
shaa((ir,shaa((ir
shaa))ibah,shaa))ibah-e
shaa;x,shaa;x-e
shaad,shaad
shaadaab,shaadaab-e
shaadii,shaadii|;gam-o-shaadii
shaadmaanii,shaadmaanii
shaah,shaah|shaah-e
shaah-par,shah-par
shaahid,shaahid-e|shuhuud-o-shaahid-o-mashhuud|shaahid
shaahid-baaz,shaahid-baaz
shaahinshaah,shaahinshaah
shaam,shaam|shaam-e
shaamat,shaamat
shaan,shaan
shaanah,shaane
shaanah-kash,shaanah-kash-e
shaayaan,shaayaan-e
shaayad,shaayad
shab,shab|shab-o-roz-o-maah-o-saal|abr-o-shab-e|shab-e|shab-o-roz|shab'haa-e
shab-o-roz,shab-o-roz
shab-o-roz-o-maah-o-saal,shab-o-roz-o-maah-o-saal
shab-rau,shab-rau
shabaanah,shabaanah
shabistaan,shabistaa;n|shabistaan-e
shabnam,shabnam
shabnam-istaan,shabnam-istaa;n
shafaa,shafaa
shafaq,shafaq
shafaq-aaluudah,shafaq-aaluudah
shah,shah
shahaadat,shahaadat
shahiid,shahiido;n|shahiidaa;n|shahiid-e
shahiidaan,shahiidaan-e
shahinshaah,shahinshaah-e
shahpar,shahpar-e
shahr,shahr
shahryaar,shahryaar
shai,shai
shai;x,shai;x-o-barhaman
shai;x-o-barhaman,shai;x-o-barhaman
shajar,shajar-e
shakeb,shakeb-e
shakl,shakl|shakl-e
sham((,sham((-e
sham((a,sham((e;n|sham((a
shamshiir,shamshiir
shaq,shaq
shar((,shar((-o-aa))iin
shar((-o-aa))iin,shar((-o-aa))iin
shar:t,shar:t-e
shar;h,shar;h-e
sharaab,sharaab-e|sharaab
sharaab-;xaanah,sharaab-;xaane
sharaar,sharaar-e|sharaar
sharaf,sharaf
sharar,sharar
sharar-baar,sharar-baar
sharm,sharm-e|sharm
sharm-saar,sharm-saar
sharmaanaa,sharmaa|sharmaa))e
sharmindagii,sharmindagii
sharmindah,sharmindah-e|sharmindah
shash,shash
shash-jihat,shash-jihat-e
shast,shast-e
shauq,shauq|shauq-e
sheftagii,sheftagii
sheftah,va;hshat-o-sheftah
sher,sher
shevah,shevah|shevah-e
shevan,shevan
shi((aar,shi((aar
shi((r,shi((ro;n|shi((r
shiddat,shiddat
shigaaf,shigaaf
shiguftagii,shiguftagii
shiguftah,shiguftah
shiguftan,shiguftan-e
shiir,shiir
shiiraazah,shiiraazah|shiiraazah-e
shiiriin,shiirii;n
shiiriin-bayaanii,shiirii;n-bayaanii
shiiriin-su;xan,shiirii;n-su;xan
shiishah,shiishah-e|shiishe|shiishah|shiishah-o-qada;h-o-kuuzah-o-sabuu
shiishah-baaz,shiishah-baaz
shiishah-o-qada;h-o-kuuzah-o-sabuu,shiishah-o-qada;h-o-kuuzah-o-sabuu
shikaar,shikaar-e|shikaar
shikaayat,shikaayat'haa-e|shikaayat-e|shikaayat
shikan,shikan|shikan-e
shikast,shikast|shikast-e
shikastah,shikastah
shikastan,shikastan
shikeb,shikeb-o-.sabr-e
shikeb-o-.sabr,shikeb-o-.sabr-e
shikvah,shikve|shikvah-e|shikvah
shikvah-sanj,shikvah-sanj-e
shinaa,shinaa
shinaavar,shinaavar
sho;x,sho;x|sho;x-e|sho;x-o-((aashiq-e
sho;x-o-((aashiq,sho;x-o-((aashiq-e
sho;xii,sho;xii-e|sho;xii
shor,shor|shor-e
shoriidagii,shoriidagii
shoriidah,shoriidah|shoriidah-e
shoriidah-;haal,shoriidah-;haal
shorish,shorish-e
shu((aa,shu((aa-e
shu((aa((,shu((aa((|shu((aa((-e
shu((lah,shu((le|shu((lah|.saa((iqah-o-shu((lah-o-siimaab|shu((lah-e
shu((lah-baar,shu((lah-baar
shuguftan,shuguftan-haa|shuguftan-e
shuhrat,shuhrat
shuhuud,shuhuud-o-shaahid-o-mashhuud|shuhuud
shuhuud-o-shaahid-o-mashhuud,shuhuud-o-shaahid-o-mashhuud
shukr,shukr
shumaar,shumaar-e|shumaar
shuniidan,shuniidan
si;hr,si;hr
siikhnaa,siikhe
siilii,siilii-e
siim-tan,siim-tan
siimaab,.saa((iqah-o-shu((lah-o-siimaab|siimaab
siinah,siinah-e|siinah|siine
siinah-gudaaz,siinah-gudaaz
sijdah,sijdah-e|sijdah
sikandar,sikandar
sikhaanaa,sikhaataa
silk,silk-e
silsilah,silsilah-e
silvaanaa,silvaane
sipaarii,sipaarii
sipaas,sipaas-e|sipaas
sipand,sipand-e
sirishk,sirishk-e
sirishk-aaluudah,sirishk-aaluudah
sitaarah,sitaare|sitaarah-e
sitad,daad-o-sitad
sitam,sitamhaa-e|sitam-o-jor-e|sitam|rah-o-sitam-e
sitam-:zariif,sitam-:zariif
sitam-gar,sitam-gar
sitam-iijaad,sitam-iijaad
sitam-kash,sitam-kash
sitam-o-jor,sitam-o-jor-e
sitam-zadah,sitam-zadah|sitam-zadagaa;n
sitamgar,sitamgar
sivaa,sivaa|sivaa-e
siyaah,siyaah
siyaahii,siyaahii
siyaasat,siyaasat-e
siyah,siyah
siyah-;xaanah,siyah-;xaanah-e
siyah-mast,siyah-mast
siyah-mastii,siyah-mastii-e
siyah-posh,siyah-posh
so,so
so;xtah,so;xtah
so;xtan,so;xtan
soch,soch
sotaa,sotaa
sote,sote
soz,suruur-o-soz|soz-e
sozaan,sozaa;n
sozan,sozan
sozish,sozish-e
su;xan,su;xan|su;xan-e
su;xan-var,su;xan-var
sub;hah,sub;hah-o-zunnaar|sub;hah-e|sub;hah
sub;hah-o-zunnaar,sub;hah-o-zunnaar
subuk,subuk
subuk-dast,subuk-dast
subuk-sar,subuk-sar
subuu,jaam-o-subuu
sufrah,sufrah
sul:taan,sul:taa;n
sul:tanat,sul:tanat
sulaimaan,sulaimaa;n
sulaimaan-jaah,sulaimaa;n-jaah
sun'naa,sunii|suntaa|sune|sunte|sun
sunaa,sunaa
sunaanaa,sunaa|sunaa))uu;n|sunaa))e
suno,suno
supurd,supurd
suraa;g,suraa;g-e|suraa;g
surmah,surmah-saa|surmah|surme|surmah-e
suruur,suruur-o-soz|suruur-e
suruur-o-soz,suruur-o-soz
sust-ruu,sust-ruu
suu,suu-e|suu
suud,suud|suud-e
suukh,suukh
suvaidaa,suvaidaa|suvaidaa-e
ta((ajjub,ta((ajjub
ta((alluq,ta((alluq
ta((liim,ta((liim-e|ta((liim
ta((miir,ta((miir
ta((n,ta((n
ta((riif,ta((riif
ta((ziir,ta((ziir
ta((ziyat,ta((ziyat-e
ta))ammul,ta))ammul
ta.savvuf,ta.savvuf
ta.savvur,ta.savvur|ta.savvur-e
ta.sviir,ta.sviir
ta.sviir-numaa,ta.sviir-numaa
ta;gaaful,ta;gaaful|ta;gaafulhaa-e
ta;gaaful-dost,ta;gaaful-dost
ta;gayyur,ta;gayyur
ta;h.siil,ta;h.siil
ta;haiyur,ta;haiyur
ta;hammul,ta;hammul
ta;hriir,ta;hriir
ta;zkirah,ta;zkirah-e
taa,taa
taa;siir,taa;siir|taa;siir-e
taa;xiir,taa;xiir
taab,taab-e|taab-o-tavaa;n|taab-o-tuvaa;n|pech-o-taab|pech-o-taab-e|taab
taab-o-tavaa;n,taab-o-tavaa;n
taab-o-tuvaa;n,taab-o-tuvaa;n
taak,taak
taake,taake
taaliif,taaliif-e
taar,taar|daaman-o-taar-e|taar-e
taaraaj,taaraaj-e
taariikii,taariikii-e
taazah,taazah
taazah-vaaridaan,taazah-vaaridaan-e
tab,tab|tab-e
tabaahii,tabaahii
tabassum,tabassum-e|tabassumhaa-e
tadarv,tadarv
tadbiir,tadbiir
taf,taf-e
tafriqah,tafriqah
tah,tah-e
tahiiyah,tahiiyah-e
tajaahul-peshagii,tajaahul-peshagii
tajallii,tajallii
tajammul,tajammul
tajdiid,tajdiid-e
tak,tak
takalluf,takalluf
takliif,takliif-e
takraar,takraar|takraar-e
takyah-gaah,takyah-gaah-e
tal;x-navaa))ii,tal;x-navaa))ii
tal;xii,tal;xii-e
talaafii,talaafii-e|talaafii
talaash,talaash-e
talaf,talaf
talak,talak
tale,tale
talvaar,talvaar
tamaam,tamaam
tamaashaa,tamaashaa|sair-o-tamaashaa|tamaashaa-e
tamaashaa))ii,tamaashaa))ii|tamaashaa))ii-e
tamaashaa-dost,tamaashaa-dost
tamannaa,tamannaa-e|tamannaa|tamannaa))e;n
tamhiid,tamhiid|tamhiid-e
tamkiin,tamkii;n|tamkiin-o-hosh|tamkiin-e|tamkiin-o-.zab:t
tamkiin-aazmaa,tamkii;n-aazmaa
tamkiin-o-.zab:t,tamkiin-o-.zab:t
tamkiin-o-hosh,tamkiin-o-hosh
tan,tan-e|tan
tan-aasaanii,tan-aasaanii
tang,tang
tangii,tangii-e
tangnaa,tangnaa-e
tanhaa,tanhaa
tanhaa))ii,tanhaa))ii
tapaak,tapaak-e
tapiidan,tapiidan
tapish,tapish-e|tapish
taq.siir,taq.siir
taqaa.zaa,taqaa.zaa|taqaa.zaa-e
taqdiir,taqdiir
taqliid,taqliid-e
taqriib,taqriib|taqriib-e
taqriir,taqriir
taqv;aa,taqv;aa
tar,tar
taraanah,taraanah-e
taraashaa,taraashaa
taraavish,taraavish
tarasnaa,tarastaa
tark,tark-e
tarkash,tarkash
tasallii,tasallii
tasbii;h,tasbii;h-e
tashviish,tashviish-e
taskiin,taskii;n|taskiin-e|taskiin
tasliim,tasliim-e|tasliim-o-badaa|tasliim
tasliim-o-badaa,tasliim-o-badaa
tataar,tataar
taubah,taubah
taufiiq,taufiiq
taufiir,taufiir-e
tausan,tausan
tavaan,taab-o-tavaa;n
tavaqqu((,tavaqqu((|tavuqqu((
te;g,te;g-e|te;g|te;g-o-kafan
te;g-aazmaa,te;g-aazmaa
te;g-o-kafan,te;g-o-kafan
teraa,tire|tirii|terii|tiraa|teraa|tere
tesah,teshe
tevarii,tevarii
tez,tez-saa|tez-e|tez
tez-rau,tez-rau
thaknaa,thak
thamnaa,thamaa|thamtaa|thame
tho;rii,tho;rii
tihii,tihii
tiir,tiir-e|tiir
tim;saal,tim;saal-e|tim;saal
tim;saal-daar,tim;saal-daar
tinkaa,tinkaa
tiryaakii,tiryaakii-e
tis,tis
tishnagii,tishnagii-e
tishnah,tishnah-e
tishnah-kaam,tishnah-kaam
tishnah-kaamii,tishnah-kaamii
tishnah-lab,tishnah-lab
to,to
to;r,to;r
to;raa,to;raa
tu;hfah,tu;hfah
tu;xm,tu;xm
tuhmat,tuhmate;n|tuhmat
tuhmat-kash,tuhmat-kash-e
tujh,tujh|tujh-saa|tujh-sii
tujhe,tujhe
tum,tumhii;n|tum|tumhe;n
tumhaaraa,tumhaarii|tumhaare
tund,tund
tund-;xuu,tund-;xuu
tundii,tundii-e
tunuk-:zarfii,tunuk-:zarfii-e
tunuk-aabii,tunuk-aabii
turbat,turbat
tuu,tuu
tuu;nbnaa,tuu;nbe
tuvaan,taab-o-tuvaa;n
u;nglii,u;nglii|u;ngliyaa;n
u;raanaa,u;raane
u;rnaa,u;rtii|u;rtaa|u;rtii-sii|u;rte|u;re;nge|u;raa|u;rne|u;r
u;thaanaa,u;thaa))e|u;thaa))iye|u;thaa))ii|u;thaataa|u;thaane|u;thaate|u;thaayaa
u;thnaa,u;the|u;thaa|u;thtii|u;thye|u;thtaa|u;th|u;thte|u;the;nge
ubharnaa,ubhrii;n|ubhraa
uchhalnaa,uchhal
udaas,udaas
udhar,udhar
uftaadah,uftaadah
ugaanaa,ugaataa
ugnaa,ug|ugtii|ugaa
ul;tnaa,ul;taa|ul;tii|ul;te
ulajhnaa,ulajhte|uljhaa
ulfa:t,ulfa:t|ulfa:t'haa-e
ulfat,ulfat-e|ulfat
umiid,ummiid|umiid
ummat,ummat
ummiid,yaas-o-ummiid|ummed
un,un
urdii,urdii
us,us
use,use
usii,usii
ustaad,ustaad
ustuvaar,ustuvaar
ustuvaarii,ustuvaarii
utarnaa,utre|utar
utnaa,utnaa|utne
va((dah,va((de|va((dah-e|va((dah
va.sf,va.sf-e
va.sl,va.sl-o-yaad-e|va.sl|va.sl-e
va.sl-o-yaad,va.sl-o-yaad-e
va.z((,va.z((-e
va.z((a,va.z((a
va:tan,va:tan
va:ziifah-;xvaar,va:ziifah-;xvaar
va;hdat,va;hdat
va;hshat,va;hshat-e|va;hshat|va;hshat-o-sheftah
va;hshat-;xiraamii,va;hshat-;xiraamiihaa-e
va;hshat-kadah,va;hshat-kadah
va;hshat-o-sheftah,va;hshat-o-sheftah
va;hshii,va;hshii
vaa,vaa
vaa((i:z,vaa((i:z
vaa))e,vaa))e
vaa-bastah,vaa-bastah-e|vaa-bastah
vaa-gardiidah,vaa-gardiidah
vaa-maa;ndagii,vaa-maa;ndagii
vaa-maa;ndagiyaan,vaa-maa;ndagiyaa;n
vaa-rastagii,vaa-rastagii
vaa-rastah,vaa-rastah
vaa-shud,vaa-shud-e
vaa;n,vaa;n
vaadii,vaadii-e
vaah,vaah
vaajib,vaajib
vaam,vaam
vaaqi((ah,vaaqi((ah
vaas:tah,vaas:te
vaazh-guun,vaazh-guu;n
vabaal,vabaal|vabaal-e
vadii((at,vadii((at-e
vadii((at-;xaanah,vadii((at-;xaanah-e
vafaa,vafaa|mihr-o-vafaa|vafaa-e
vafaa-;xvurdah,vafaa-;xvurdagaa;n
vafaa-daarii,vafaa-daarii
vafaadaar,vafaadaar
vafaadaarii,vafaadaarii
vagarnah,vagarnah
vah,u;nhe;n
vahaa;n,vahaa;n
vahm,vahm|vahm-e
vaj'h,vaj'h-e|vaj'h
vajd,vajd-e
vakiil,vakiil
vale,vale
valekin,valekin
valii,valii
valvalah,valvale
vaqf,vaqf-e
vaqt,vaqt-e|vaqt|vaqto;n
var:tah,var:tah-e
vara((,vara((
varaq,varaq
varaq-gardaanii,varaq-gardaanii-e
varnah,varnah
vi.saal,vi.saal|vi.saal-e
vidaa((,vidaa((-e|vidaa((|;hijaab-o-vidaa((-e
viiraan,viiraa;n
viiraanii,viiraanii|viiraanii-sii
vo,vo
vohii,vohii
vufuur,vufuur-e
vuh,vuh
vuhii,vuhii
vujuud,vujuud-e|vujuud-o-((adam|vujuud
vujuud-o-((adam,vujuud-o-((adam
vus((at,vus((at|vus((at-e
ya((nii,ya((nii
ya((quub,ya((quub
yaa,yaa
yaa;n,yaa;n
yaad,va.sl-o-yaad-e|yaad
yaadgaar,yaadgaar-e
yaar,yaar|yaaro;n
yaaraan,yaaraan-e
yaarii,yaarii
yaas,yaas-o-ummiid|yaas
yaas-;xez,yaas-;xez
yaas-o-ummiid,yaas-o-ummiid
yagaanah,yagaanah
yahaa;n,yahaa;n
yak,yak
yak-((aalam,yak-((aalam-o-((aalam
yak-((aalam-o-((aalam,yak-((aalam-o-((aalam
yak-af;gaan,yak-af;gaa;n
yak-bayaabaan,yak-bayaabaa;n
yak-jahaan,yak-jahaa;n
yak-junbish,yak-junbish-e
yak-kaf,yak-kaf
yak-qalam,yak-qalam
yak-shahr,yak-shahr
yaktaa,yaktaa
yaktaa))ii,yaktaa))ii
yaqiin,yaqii;n|yaqiin-e
yih,is|yih
yihii,yihii
yuu;n,yuu;n
yuusuf,yuusuf-e|yuusuf
z,z
z-bas,z-bas
z-baskih,z-baskih
za((m,za((m
za;hmat,za;hmat|za;hmat-e
za;xm,za;xm|za;xm-e
za;xmii,za;xmiyo;n|za;xmii
zaahid,zaahid
zaanuu,zaanuu|zaanuu-e
zaar,zaar
zaarii,faryaad-o-aah-o-zaarii
zabaan,zabaan|zabaa;n|zabaa;nhaa-e|zabaan-e
zabaanii,zabaanii|zabaanii-e
zabuun,zabuu;n
zabuunii,zabuunii-e
zabuunii-kash,zabuunii-kash-e
zahe,zahe
zahr,zahr|zahr-e
zahr-aab,zahr-aab
zahrah,zahrah|zahrah-e
zakaat,zakaat-e
zamaan,zamaa;n
zamaanah,zamaane|zamaanah|zamaanah-e
zamiin,zamiin|zamii;n
zamzam,zamzam
zamzamah,zamzamah-e
zanaan,zanaan-e
zang,zang
zangaar,zangaar
zanjiir,zanjiir|zanjiir-e
zar,zar-e|la((l-o-zumurrud-o-zar-o-gauhar|zar
zard,zard
zavaal,zavaal
zavaal-aamaadah,zavaal-aamaadah
zer,zer-e
zer-baar,zer-baar-e
ziinat,ziinat-e
ziist,ziist
zindaan,zindaa;n|zindaan-e
zindaan-;xaanah,zindaa;n-;xaanah
zindaanii,zindaanii-e|zindaaniyo;n
zindagaanii,zindagaanii-e|zindagaanii
zindagii,zindagii
zindah,zindah
zinhaar,zinhaar
ziyaad,ziyaad
ziyaadah,ziyaadah
ziyaan,ziyaa;n
ziyaarat-gaah,ziyaarat-gaah-e
ziyaarat-kadah,ziyaarat-kadah
zor,zor
zu((m,zu((m-e
zuhd,zuhd|:taa((at-o-zuhd
zulai;xaa,zulai;xaa
zulf,zulf-e|zulfe;n|zulf
zumurrud,la((l-o-zumurrud-o-zar-o-gauhar|zumurrud
zunnaar,sub;hah-o-zunnaar|zunnaar
zuud-pashemaan,zuud-pashemaa;n
