((aajiz-e ((ar.z-e yak-af;gaa;n
((aalam-e hastii
((aalam-e tamkiin-o-.zab:t
((aalam-e taqriir
((aar-e bistar
((aar-e dil
((aari.z-e gul
((aashiq-e ahl-e karam
((aashiq-e biimaar
((ahd-e tajdiid-e tamannaa
((aish-e be-taabii
((aish-e raftah
((ajz-e ;hau.salah
((ajz-e himmat
((aks-e ru;x
((al;ii-al-ra;gm-e dushman
((aqd-e gardan-e ;xuubaa;n
((ar.sah-e aafaaq
((ar.z-e giraa;n-jaanii
((ar.z-e hunar
((ar.z-e mataa((-e ((aql-o-dil-o-jaa;n
((ar.z-e naaz
((ar.z-e naaz-e sho;xii-e dandaa;n
((ar.z-e niyaaz-e ((ishq
((ar.z-e sitamhaa-e judaa))ii
((araq-e infi((aal
((ayaar-e :tab((-e ;xariidaar
((azm-e sair-e najaf-o-:tauf-e ;haram
((iid-e na:z:zaarah
((iimaa-e shu((lah
((inaa;n-giir-e ;xiraam
((ishq-e ;xaanah-viiraa;n-saaz
((ishq-e ;xuu;n-naabah-mashrab
((ishq-e nabard-peshah
((ishq-e pur-((arbadah
((ishq-o-mazduurii-e ((ishrat-gah-e ;xusrau
((ishrat-e .su;hbat-e ;xuubaa;n
((ishrat-e paarah-e dil
((ishrat-e qa:trah
((ishrat-e qatl-gah-e ahl-e tamannaa
((u;zr-;xvaah-e lab-e be-savaal
((u;zr-e baarish
((u;zr-e mastii
((u;zr-e vaa-maa;ndagii
((umr-e ((aziiz
((umr-e :tabii((ii
((umr-e ;xi.zr
((umr-e jaavidaa;n
((umr-e vara((
((uqdah-e dil
((uqdah-e mushkil
.sadaa-e ;xandah-e dil
.sadaf-e gauhar-e shikast
.sadmah-e yak-junbish-e lab
.saf-e mizhgaa;n
.safaa-e ;hairat-e aa))iinah
.sahbaa-e aatish-e pinhaa;n
.said-e z daam
.said-e zabuu;n
.saiqal-e aa))iinah
.salaa-e ((aam
.sar.sar-e shauq
.sarf-e ((ibaadat
.sarf-e bahaa-e mai
.sarf-e darbaa;n
.sarf-e vafaa
.sariir-e ;xaamah
.su;hbat-e rindaa;n
.sub;h-e ((iid
.sub;h-e bahaar
.sub;h-e bahaar-e na:zaarah
.sub;h-e va:tan
.suurat-;xaanah-e ;xamyaazah
.suurat-e ((aalam
.suurat-e duud
.suurat-e mihr-e niim-roz
.suurat-e naqsh-e qadam
.suurat-e qufl-e abjad
.suurat-e rishtah-e gauhar
.suurat-e sham((a
.zaamin-e nashaa:t
.zab:t-e aah
.zab:t-e shauq
.zauq-e ;gaflat-e saaqii
:ta((nah-e a;gyaar
:ta((nah-e naa-yaaft
:taala((-e bedaar-e bistar
:taala((-e shauq
:taalib-e taa;siir
:taaq-e nisyaa;n
:taaqat-e ;xalish-e ;xaar
:taaqat-e aashob-e aagahii
:taaqat-e be-daad-e inti:zaar
:taaqat-e diidaar
:taaqat-e faryaad
:taaqat-e guftaar
:taaqat-e parvaaz
:taaqat-e ram
:taaqat-e su;xan
:talabgaar-e mard
:tama((-e ;xaam
:taraavat-e chaman-o-;xuubii-e havaa
:tarab-inshaa-e iltifaat
:tarf-e naqaab
:tarz-e ahl-e fanaa
:tarz-e sitam
:tarz-e ta;gaaful
:tarz-e tapaak-e ahl-e dunyaa
:tauf-e ;haram
:tauq-e gardan
:tavaaf-e kuu-e malaamat
:tiflaan-e be-parvaa
:tilism-e dil-e saa))il
:tilism-e pech-o-taab
:tilism-e qufl-e abjad
:turrah'haa-e ;xam
:turrah-e pur-pech-o-;xam
:tuu:tii-e bismil
:tuufaa;n-gaah-e josh-e i.z:tiraab-e shaam-e tanhaa))ii
:tuufaan-e :tarab
:tuufaan-e ;havaadi;s
:tuufaan-e aamad-aamad-e fa.sl-e bahaar
:tuufaanii-e kaifiiyat-e fa.sl
:tuumaar-e naaz
:zarf-e qada;h-;xvaar
:zarf-e tangnaa-e ;gazal
;gaalib-e ;xastah
;gaalib-e aashuftah-navaa
;gaalib-e aashuftah-sar
;gaalib-e shoriidah-;haal
;gaalib-e va;hshii
;gaarat-gar-e jins-e vafaa
;gaarat-gar-e naamuus
;gaib-e ;gaib
;gair-e gul
;gair-e jalvah-e gul
;gala:tiihaa-e ma.zaamii;n
;gam-;xvaar-e dost
;gam-;xvaar-e jaan-e dard-mand
;gam-e ((ishq
;gam-e ((ushshaaq
;gam-e aavaaragiihaa-e .sabaa
;gam-e dil
;gam-e dunyaa
;gam-e farqat
;gam-e firaaq
;gam-e giitii
;gam-e hastii
;gam-e ma;hruumii-e jaaved
;gam-e pinhaa;n
;gam-e rozgaar
;gam-e zamaanah
;garq-e daryaa
;garq-e namak-daa;n
;garqah-e mai
;garrah-e auj-e binaa-e ((aalam-e imkaa;n
;gubaar-e shauq
;gubaar-e va;hshat-e majnuu;n
;gulaam-e saaqii-e kau;sar
;gunchah-e gul
;gunchah-e naa-shiguftah
;guruur-e ((izz-o-naaz
;guruur-e ;husn
;guruur-e dostii
;gusl-e .si;h;hat
;ha.zrat-e naa.si;h
;ha.zrat-e yuusuf
;ha:z:z-e va.sl
;haa.sil-e dil-bastagii
;haa.sil-e ulfat
;haajat-e rafuu
;haal-e dil
;haal-e shahiidaan-e guzashtah
;haal-e vafaa
;habaab-e maujah-e raftaar
;hadii;s-e zulf-e ((anbar-baar-e dost
;hairat-e naqsh-e paa
;hairat-kadah-e sho;xii-e naaz
;hall-e mushkil-e ((aashiq
;halqah'haa-e zulf
;halqah-e .sad
;halqah-e bairuun-e dar
;halqah-e daam-e ;xayaal
;halqah-e daam-e havaa-e gul
;halqah-e girdaab
;haq-e vadii((at-e naaz
;haqiiqat-e jaa;n-kaahii-e mara.z
;haqq-e .su;hbat-e ahl-e kunisht
;harf-e mukarrar
;harf-e vafaa
;harii.s-e la;z;zat-e aazaar
;hariif-e dam-e ((iis;aa
;hariif-e dam-e af((ii
;hariif-e joshish-e daryaa
;hariif-e ma:tlab-e mushkil
;hariif-e mai-e mard-afgan-e ((ishq
;hariif-e raaz-e mu;habbat
;hariif-e siyah-mast
;hasb-e gardish-e paimaanah-e .sifaat
;hasrat-e diidaar
;hasrat-e dil
;hasrat-e i:zhaar
;hasrat-e la;z;zat-e aazaar
;hasrat-e parvaanah
;hasrat-e ta((miir
;hasrat-parast-e baalii;n
;hayaat-e dahr
;hijaab-e paas-e va.z((a
;hikaayaat-e ;xuu;n-chakaa;n
;hikaayat-e .sabr-e gurez-paa
;hinaa-e paa-e ;xizaa;n
;hu.zuur-e shaah
;husn-e ((amal
;husn-e :talab
;husn-e :zann
;husn-e ;xvud-aaraa
;husn-e be-parvaa
;husn-e furo;g-e sham((-e su;xan
;husn-e mah
;husn-e talaafii
;husn-e tamaashaa-dost
;huuraan-e ;xuld
;savaab-e :taa((at-o-zuhd
;xa:t-e piyaalah
;xa:t-e ru;xsaar-e dost
;xa:t:t-e ((aari.z
;xa:t:t-e jaam-e mai
;xaak-e dasht-e majnuu;n
;xaak-e gulshan
;xaak-e shahiidaa;n
;xaal-e kunj-e dahan
;xaaliq-e akbar
;xaamah-e ;gaalib
;xaamah-e maanii
;xaamah-e mizhgaa;n
;xaanah-e ((aashiq
;xaanah-e aa))iinah
;xaanah-e majnuun-e .sa;hraa-gard
;xaanah-e maktab
;xaanah-viiraa;n-saazii-e ;hairat
;xaanah-zaad-e zulf
;xaar-;xaar-e alam-e ;hasrat-e diidaar
;xaar-e bayaabaa;n
;xaar-e bistar
;xaar-e kisvat-e faanuus
;xaar-e paa
;xaar-e rah
;xaatim-e jamshed
;xajlat-e taq.siir
;xalish-e ;gamzah-e ;xuu;n-rez
;xam-e dast-e navaazish
;xandah'haa-e be-jaa
;xandah'haa-e gul
;xandah-e a;hbaab
;xandah-e dandaa;n-numaa
;xandah-e gul
;xaraab-e baadah-e ulfat
;xariidaar-e ;zauq-e ;xvaarii
;xariidaar-e mataa((-e jalvah
;xas-e jauhar
;xas-o-;xaashaak-e gulistaa;n
;xastah-e te;g-e sitam
;xauf-e bad-aamozii-e ((aduu
;xauf-e raqiib
;xayaal-e :turrah-e lail;aa
;xayaal-e ;husn
;xayaal-e jalvah-e gul
;xayaal-e marg
;xayaal-e za;xm
;xudaavand-e ni((mat
;xum-e mai
;xumaar-e shauq-e saaqii
;xumaar-e tishnah-kaamii
;xusrav-e shiirii;n-su;xan
;xuu-e savaal
;xuu-e yaar
;xuu-kardah-e a;xtar-shumaarii
;xuu;n-;galtiidah-e .sad-rang
;xuu;n-;galtiidan-e bismil
;xuu;n-shudah-e kashmakash-e ;hasrat-e diidaar
;xuubaan-e dil-aazaar
;xuubii-e au.zaa((-e abnaa-e zamaa;n
;xuun-e ;xalq
;xuun-e dil
;xuun-e do-((aalam
;xuun-e garm
;xuun-e garm-e dihqaa;n
;xuun-e jigar
;xuun-e naab
;xvaab-e ;xvush
;xvaab-e gul
;xvaab-e sangii;n
;xvaab-e zulai;xaa
;xvud-daarii-e saa;hil
;xvud-raftah-e baidaa-e ;xayaal
;xvurshiid-e jahaa;n-taab
;xvurshiid-e qiyaamat
;xvush-navaayaan-e chaman
;zarii((ah-e raa;hat
;zarrah-e ((aashiq
;zarrah-e zamii;n
;zauq-e ;xaamah-farsaa
;zauq-e ;xaraabii
;zauq-e ;xvaarii
;zauq-e asiirii
;zauq-e dard
;zauq-e dasht-navardii
;zauq-e fanaa
;zauq-e giriftaarii-e ham
;zauq-e kaavish-e naa;xun
;zauq-e ma((aa.sii
;zauq-e na:z:zaarah-e jamaal
;zauq-e na:zar
;zauq-e navaa-e mur;g-e bustaanii
;zauq-e sitam
;zauq-e tamaashaa
;zauq-e tan-aasaanii
;zauq-e va.sl-o-yaad-e yaar
a.sl-e iimaa;n
a.sl-e shuhuud-o-shaahid-o-mashhuud
a.snaam-e ;xayaalii
a;hvaal-e butaa;n
a;sar-e aablah
a;sar-e giryah
aa))iin-e ;gazal-;xvaanii
aa))iinah-e baad-e bahaarii
aa))iinah-e bahaar
aa))iinah-e be-mihrii-e qaatil
aa))iinah-e ta.sviir-numaa
aa))inah-daarii-e yak
aa))inah-e barg-e gul
aa))inah-e inti:zaar
aa;gosh-e ;xam-e ;halqah-e zunnaar
aa;gosh-e balaa
aa;gosh-e gul
aa;gosh-e raqiib
aa;gosh-e vidaa((
aa;gosh-e vidaa((-e jalvah
aab-e barjaa-maa;ndah
aab-e haft
aab-e te;g-e nigaah
aab-e zindagaanii-e sham((a
aab-o-havaa-e zindagii
aabaad-e tamannaa
aabruu-e ((ishq
aabruu-e shevah-e ahl-e na:zar
aah-e aatishii;n
aah-e niim-shabii
aahang-e zamii;n
aalaat-e mai-kashii
aamad-e ;xa:t
aamad-e fa.sl-e laalah-kaarii
aamad-e sailaab-e :tuufaan-e .sadaa-e aab
aaraa))ish-e ;xam-e kaakul
aaraa))ish-e jamaal
aarzuu-e dost
aashnaa-e ;xandah
aashob-e ;gam
aashtii-e chashm-o-gosh
aastaan-e yaar
aatish-e ;xaamosh
aatish-e doza;x
aatish-e gul
aazaadii-e nasiim
aazurdagii-e yaar
abr-e bahaar
abr-e bahaarii
abr-e guhar-baar
abr-e shafaq-aaluudah
adaa-e ;xaa.s
adaa-e naaz
afshardah-e anguur
afsurdagii-e dil
afsuun-e inti:zaar
ahl-e :talab
ahl-e ;xirad
ahl-e bazm
ahl-e biinish
ahl-e dahr
ahl-e havas
ahl-e himmat
ahl-e jafaa
ahl-e jahaa;n
ahl-e junuu;n
ahl-e na:zar
ahl-e shauq
ahl-e su;xan
ahl-e tadbiir
ajzaa-e do-((aalam-dasht
ajzaa-e iimaa;n
ajzaa-e naalah
ajzaa-e nigaah-e aaftaab
ajzaa-e pareshaa;n
andaaz-e ((itaab
andaaz-e a;sar
andaaz-e bah
andaaz-e bayaa;n
andaaz-e chakiidan
andaaz-e guftaguu
andaaz-e gul
andaaz-e gul-afshaanii-e guftaar
andaaz-e junuu;n
andaazah-e ;xumaar
andaazah-e himmat
andaazah-e taqriir
andeshah'haa-e duur-daraaz
andoh-e ((ishq
andoh-e shab-e furqat
andoh-e vafaa
angusht-e ;hinaa))ii
anjum-e ra;xshindah
anjuman-e aarzuu
anjuman-e naaz
arzaanii-e mai-e jalvah
asad-e ;xastah-jaa;n
auj-e :taala((-e la((l-o-guhar
auraaq-e la;xt-e dil
aurang-e sulaimaa;n
ba((d-e marg
ba((d-e qatl
ba((d-e yak
ba:t-e mai
ba;gair-e yak
ba;hr-e be-karaa;n
ba;xt-e ;xuftah
ba;xt-e rasaa
ba;xyah-e chaak-e garebaa;n
baa((i;s-e afzaa))ish-e dard-e daruu;n
baa((i;s-e naumiidii-e arbaab-e havas
baa((i;s-e taa;xiir
baa-vujuud-e yak
baa;g-baanii-e .sa;hraa
baa;g-e ri.zvaa;n
baa;g-e shiguftah
baab-e nabard
baad-e bahaar
baadah-e doshiinah
baadah-e shabaanah
baadbaan-e kishtii-e mai
baal-e ((anqaa
baal-e humaa
baal-e tadarv
baal-e yak
baaliin-e yaar
baar-e ;xaa:tir
baar-e ;xudaa
baar-e bistar
baar-e minnat-e mazduur
baarbud-e bazm-e su;xan
baavujuud-e dil-jam((ii
baazaar-e dost
baaziichah-e a:tfaal
bad-mastii-e har
bahaa-e bosah
bahaa-e mataa((-e hunar
bahaadur-e ((aalii-guhar
bahaanah-e begaanagii
bahaanah-e raa;hat
bahaar-e naaz
bahr-e aashiyaa;n
bahr-e mulaaqaat
bai.zah-e mor
bai.zah-e qumrii
bajaa-e ;hasrat-e naaz
bajaa-e ;xvud
bajaa-e daanah
balaa-e aasmaanii
balaa-e jaa;n
banaat-ul-na((sh-e garduu;n
band-e ((ishq
band-e naqaab-e ;husn
band-e qabaa
bandagii-e buu-turaab
bar-;xvurdaar-e bistar
bar-ruu-e shash
bar-sabiil-e shikaayat
baraa-e ;xudaa
baraa-e vidaa((
baraat-e ma((aash-e junuun-e ((ishq
bard-e liyaalii
barg-e ((aafiyat
barq-e ;husn
barq-e ;xirman
barq-e ;xirman-e raa;hat
barq-e na:zaarah-soz
barq-e soz-e dil
barq-e tajallii
barshkaal-e giryah-e ((aashiq
bayaabaa;n-navard-e vahm-e vujuud
bayaan-e sho;xii-e guftaar-e dost
bazm-e ((aish-e dost
bazm-e :tarab
bazm-e ;gair
bazm-e ;xayaal
bazm-e butaa;n
bazm-e mai
bazm-e naaz
bazm-e qada;h
bazm-e shaahinshaah
be-;xuun-e dil
be-;xvudii-e ((aish-e maqdam-e sailaab
be-ayyaam-e gul
be-daad-e ;zauq-e par-fishaanii
be-kaarii-e junuu;n
be-mihrii-e yaaraan-e va:tan
be-minnat-e kaimuus
be-partav-e ;xvurshed
be-rab:tii-e ((unvaa;n
be-shaanah-e .sabaa
bedaad-e ((ishq
bedaad-e dost
bedaad-e kaavish'haa-e mizhgaa;n
bedaad-e rashk-e ;gair
bedaad-e vafaa
begaanagii-e ;xalq
begaanah-e vafaa
bekasii-e ((ishq
bekasii-haa-e shab-e hijr
biim-e raqiib
biimaar-e dost
biimaarii-e ;gam
binaa-e ;xandah
bisaa:t-e ((ajz
bisaa:t-e .su;hbat-e a;hbaab
bisaa:t-e nashaa:t-e dil
bistar-e tamhiid-e faraa;gat
bos-e qadam
bun-e har
bun-e muu
burdan-e .sad
burrish-e te;g-e jafaa
but-e ((arbadah-juu
but-e ;gaaliyah-mo
but-e aa))inah-siimaa
but-e be-daad-fan
but-e bedaad-gar
but-e kaafir
but-e naazuk-badan
but-e pai;gaarah-juu
buu-e dost
buu-e gul
buu-e pairahan
buud-e chiraa;g-e kushtah
chaak-e garebaa;n
chaak-e jigar
chaarah-e ;gam-e ulfat
chaarah-saazii-e va;hshat
char;x-e barii;n
char;x-e kuhan
char;x-e mukaukab
char;x-e niilii-faam
chashm-e ;xariidaar
chashm-e ;xuu;n-fishaa;n
chashm-e ;xuubaa;n
chashm-e bad
chashm-e biinaa
chashm-e butaa;n
chashm-e fusuu;n-gar
chashm-e maa
chashm-e mast
chashm-e mast-e naaz
chashm-e nargis
chashm-e rauzan
chashm-e sozan
chashm-e tang
chashm-e tar
chashm-e vaa-gardiidah
chashm-o-chiraa;g-e .sa;hraa
chashmak'haa-e lail;aa
chashmhaa-e kushaadah
chiin-e jabii;n
chiraa;g-e ;xaanah-e darvesh
chiraa;g-e murdah
chiraa;g-e rahguzaar-e baad
chiraa;g-e raushan
chiraa;gaan-e sar-e rah-guzar-e baad
chiraa;gaan-e shabistaan-e dil-e parvaanah
da((v;aa-e vaa-rastagii
da((vaa-e jam((iyyat-e a;hbaab
da((vaa-e rasaa))ii
da((vat-e aab-o-havaa
da((vat-e mizhgaa;n
daa;g-e ((ishq
daa;g-e ((uyuub-e barahnagii
daa;g-e :ta((n-e bad-((ahdii
daa;g-e ;hasrat-e dil
daa;g-e ;hasrat-e hastii
daa;g-e bad-gumaanii-e sham((a
daa;g-e dil
daa;g-e dil-e bedard
daa;g-e firaaq-e .su;hbat-e shab
daa;g-e jigar
daa;g-e mah
daa;g-e naa-tamaamii
daa;g-e nihaa;n
daa;g-e palang
daa;g-e tamannaa-e nashaa:t
daam-e ;xaalii
daam-e har
daam-e shuniidan
daam-e tamannaa
daamaan-e ;xayaal-e yaar
daamaan-e baa;g-baan-o-kaf-e gul-farosh
daastaan-e shauq
daf((-e paikaan-e qa.zaa
dahaan-e har
dahaan-e za;xm
dahan-e sher
daliil-e sa;har
dallaal-e jins-e rusvaa))ii
dam-e ;zikr
dam-e aab-e baqaa
dam-e iijaad
dam-e marg
dam-e samaa((
dam-e sard
dam-e shamshiir
dam-e ta;hriir
dar-;xvur-e ((aqd-e guhar
dar-;xvur-e ((ar.z
dar-;xvur-e ma;hfil
dar-;xvur-e qahr-o-;ga.zab
dar-e ((adaalat-e naaz
dar-e aa))iinah
dar-e ganjiinah-e gauhar
dar-e ka((bah
dar-e yaar
dar-havaa-e yak
dar-o-diivaar-e ;gam-kadah
dar-pa-e diivaar-o-dar
dar-qafaa-e ;xandah
daraaz-dastii-e qaatil
dard-e be-davaa
dard-e dil
dars-e ((unvaan-e tamaashaa
dars-e daftar-e imkaa;n
daryaa-e be-taabii
daryaa-e ma((aa.sii
daryaa-e mai
dashnah-e ;gamzah
dashnah-e mizhgaa;n
dasht-e qais
dast-e but-e bad-mast
dast-e qa.zaa
dast-e tah-e sang-aamadah
dast-gaah-e diidah-e ;xuu;n-baar-e majnuu;n
daur-e jaam
daur-e qada;h
daur-e saa;gar
diidah-e ((ibrat-nigaah
diidah-e ;hairaa;n
diidah-e ;xuu;n-baar
diidah-e ;xuu;n-naabah-fishaa;n
diidah-e a;xtar
diidah-e be-;xvaab
diidah-e biinaa
diidah-e diidaar-jo
diidah-e dil
diidah-e na;xchiir
diidah-e pur-;xuu;n
diidah-e saa;gar
diidah-e tar
diidah-e ya((quub
diivaan-e be-shiiraazah
diivaanagii-e shauq
diivaar-e chaman
diivaar-e dabistaa;n
dil-e ;haq-shinaas
dil-e ;hasrat-parast
dil-e ;hasrat-zadah
dil-e aavaarah
dil-e aazurdah
dil-e afsurdah
dil-e be-dast-o-paa
dil-e be-mudda((aa
dil-e be-qaraar
dil-e gudaa;xtah
dil-e gum-gashtah
dil-e har
dil-e naa-((aaqibat-andesh
dil-e naa-daa;n
dil-e naa-kaam
dil-e naalaa;n
dil-e naazuk
dil-e ranjuur
dil-e shoriidah
dil-e shoriidah-e ;gaalib
dil-e va;hshii
dil-e vaa-bastah
dil-farebii-e andaaz-e naqsh-e paa
dil-o-dast-e shinaa
dimaa;g-e ((ajz
dimaa;g-e ((i:tr-e pairaahan
dimaa;g-e aahuu-e dasht-e tataar
diyaar-e ;gair
dost-daar-e dushman
dukaan-e mataa((-e na:zar
durd-e tah-e jaam
durdii-kash-e paimaanah-e jam
dushman-e arbaab-e vafaa
dushman-e iimaan-o-aagahii
dushvaarii-e rah-o-sitam-e ham-rahaa;n
duud-e chiraa;g
duud-e chiraa;g-e kushtah
duud-e chiraa;g-e ma;hfil
duud-e sham((-e kushtah
duud-e shu((lah-e aavaaz
duurii-e manzil
fa.sl-e gul
fa.zaa-e ;hairat
fai.z-e be-dilii
fai.z-e havaa
falak-e naa-in.saaf
falak-e piir
fanaa-ta((liim-e dars-e be-;xvudii
fard-e jam((-o-;xarj-e zabaa;nhaa-e laal
fareb-e hastii
fareb-e saadah-dilii
fareb-e vafaa-;xvurdagaa;n
farmaa;n-ravaa-e kishvar-e hinduustaan
farq-e naaz
farsh-e paa-andaaz
farsh-e raah
farsh-e shash-jihat-e inti:zaar
faryaad-e dil'haa-e ;hazii;n
faryaadii-e be-daad-e dilbar
fasaanah-;xvaanii-e sham((a
fashaar-e tangii-e ;xalvat
faut-e fur.sat-e hastii
fikr-e dunyaa
firaaq-e yaar
firdaus-e gosh
fishaar-e .zu((f
fitnah-e :taaqat-rubaa
fitnah-e shor-e qiyaamat
fur.sat-e hastii
fur.sat-e kaar-o-baar-e shauq
furo;g-e :taala((-e ;xaashaak
furo;g-e ;husn
furo;g-e mai
furo;g-e sham((-e baalii;n
furo;g-e shu((lah-e ;xas
fusuun-e niyaaz
gadaa-e be-sar-o-paa
gadaa-e kuuchah-e mai-;xaanah
gadaa-e mai
ganj'haa-e giraa;n-maayah
ganjifah-baaz-e ;xayaal
ganjiinah-e ma((nii
gard-e raah-e yaar
gard-e rah-e jaulaan-e .sabaa
gard-e saa;hil
gardan-e miinaa
gardish-e majnuu;n
gardish-e mudaam
gardish-e rang-e :tarab
gardish-e saa;gar-e .sad-jalvah-e rangii;n
gardish-e saiyaarah
garm-baazaar-e faujdaarii
garm-e ;xiraam-e naaz
garm-e daaman-afshaanii
garm-e faryaad
garm-e naalah'haa-e sharar-baar
garm-e tamaashaa
garmii-e bazm
gavaah-e ((ishq
girah-e niim-baaz
gird-baad-e rah-e betaabii
giriftaar-e chaman
giriftaar-e ulfat-e .sayyaad
giriftaar-e vafaa
giryah-e sa;harii
gor-e ;gariibaa;n
gosh-e gul
gosh-e mu;habbat
gosh-e na.sii;hat-niyosh
goshah-e bisaa:t
goshah-e daaman
goshah-e dastaar
guftah-e ;gaalib
guharhaa-e raaz
gul-chiin-e gulistaan-e tasallii
gul-dastah-e nigaah
gul-e jeb-e qabaa-e gul
gul-e laalah
gul-e na;gmah
gul-e tar
gul-farosh-e sho;xii-e daa;g-e kuhan
gul-fishaaniihaa-e naaz-e jalvah
gumaan-e ranjish-e ;xaa:tir
gunbad-e be-dar
gunjaa))ish-e ((adaavat-e a;gyaar
gustaa;xii-e farishtah
guzar-gaah-e ;xayaal
guzar-gaah-e ;xayaal-e mai-o-saa;gar
hadaf-e naavuk-e be-daad
halaak-e ;hasrat-e paa-buus
halaak-e fareb-e vafaa-e gul
hangaam-e be-;xvudii
hangaam-e kamaal
hangaamah-e yaa
hangaamah-e zabuunii-e himmat
hastii-e ashyaa
haul-e dil
havaa-e ;xiraam-e naaz
havaa-e jalvah-e naaz
havaa-e kisht-e vafaa
havaa-e sair-e gul
havaa-e tund
havas-e baal-o-par
havas-e gul
havas-e naay-o-nosh
havas-e sair-o-tamaashaa
havas-e shu((lah
havas-e yaar
havas-e zar
hijr-e yaar
himmat-e ((aalii
himmat-e dushvaar-pasand
hujuum-e ;gam
hujuum-e ashk
hujuum-e dard-e ;gariibii
hujuum-e giryah
hujuum-e naa-umiidii
hujuum-e naalah
i((jaaz-e havaa-e .saiqal
i((jaaz-e masii;haa
i((tibaar-e ((ishq
i((tibaar-e na;gmah
i((timaad-e dil
i((timaad-e vafaa-daarii
i;xfaa-e ;haal
ibn-e maryam
ijaazat-e tasliim-e hosh
iltifaat-e naaz
imtiyaaz-e naaqi.s-o-kaamil
inti:zaar-e .said
inti:zaar-e saa;gar
iqbaal-e ranjuurii
iqliim-e ulfat
ja;zb-e dil
ja;zb-e mu;habbat
ja;zbah-e be-i;xtiyaar-e shauq
ja;zbah-e dil
jaa-e ;xandah
jaa-e dahan
jaa-e mai
jaa;n-daadah-e havaa-e sar-e rah-guzaar
jaa;n-gudaazii-e qahr-o-((ataab
jaadaad-e baadah-noshii-e rindaa;n
jaadah-e .sa;hraa-e junuu;n
jaadah-e raah-e fanaa
jaadah-e raah-e vafaa
jaadah-e rah
jaadah-e sar-manzil-e taqv;aa
jaagiir-e samandar
jaam-e jam
jaam-e mai
jaam-e safaal
jaam-e vaazh-guu;n
jaam-e zumurrud
jaamah-e a;hraam
jaan-e asad
jahaan-e ;xaraab
jalvah-e ;husn-e ;gayuur
jalvah-e barq-e fanaa
jalvah-e biinish
jalvah-e gul
jalvah-e mauj-e sharaab
jalvah-e tim;saal
jalvah-rezii-e baad-o-bah
jalvah-zaar-e aatish-e doza;x
jamaal-e dil-furoz
jannat-e nigaah
jaraa;hat-e dil
jaraa;hat-e paikaa;n
jauhar-e aa))iinah-e zaanuu
jauhar-e aa))inah
jauhar-e andeshah
jauhar-e bedaad
jauhar-e te;g
javaahir-e :tarf-e kulah
jeb-e ;xayaal
jigar-e la;xt-la;xt
jigar-e tishnah-e aazaar
jigar-tishnah-e faryaad
jigar-tishnah-e naaz
josh-e ashk
josh-e baadah
josh-e bahaar
josh-e giryah
josh-e gul
josh-e junuu;n
josh-e junuun-e ((ishq
josh-e qada;h
josh-e rashk
joshish-e fa.sl-e bahaarii
junbish-e jauhar
junbish-e lab
junuun-e ((ishq
junuun-e naa-rasaa
junuun-e saa;xtah-o-fa.sl-e gul
junuun-e shauq
jur))at-e faryaad
juu-e ;xuu;n
juu-e shiir
juuyaa-e za;xm-e kaarii
juzv-e a((:zam
ka;srat-aaraa))ii-e va;hdat
ka;srat-e ;gam
ka;srat-e na:z:zaarah
kaa;ga;z-e aatish-zadah
kaakul-e sar-kash
kaalbud-e .suurat-e diivaar
kaam-e nihang
kaar-gaah-e hastii
kaasah-e garduu;n
kaav-kaav-e sa;xt-jaaniihaa-e tanhaa))ii
kabaab-e dil-e samandar
kaf-e ;xaak
kaf-e ;xaakistar-o-bulbul
kaf-e ;xas
kaf-e afsos
kaf-e har
kaf-e qaatil
kaf-e sailaab
kafiil-e ((umr-o-asad
kaifiyyat-e shaadii
kamaal-e garmii-e sa((ii-e talaash-e diid
kamand-e shikaar-e a;sar
kamiin-e be-zabaanii
kasb-e rang-e furo;g
kashaakash'haa-e hastii
kashaakash-e ;gam-e pinhaa;n
kashash-e kaaf-e karam
kashmakash-e chaarah-e za;hmat
kashmakash-e naz((
kaukabah-e shahryaar
kinaar-e ba;hr
koh-e :tuur
korii-e dil-o-chashm-e raqiib
kotaahii-e nashv-o-numaa
kotaahii-e qismat
kulfat-e ;xaa:tir
kulfat-e afsurdagii
kungur-e isti;gnaa
kunj-e qafas
kushaad-e ;xaa:tir-e vaa-bastah
kushaad-o-bast-e mizhah
kushtah-e dushman
kushtah-e la((l-e butaa;n
kuu-e dost
kuu-e yaar
la:tmah-e mauj
la;xt-e jigar
la;z;zat-e ;xvaab-e sa;har
la;z;zat-e alam
la;z;zat-e faraa;g
la;z;zat-e resh-e jigar
la;z;zat-e sang
laa))iq-e ta((ziir
laaf-e tamkii;n
laash-e be-kafan
lab-e ((iis;aa
lab-e ;xushk
lab-e afsuus
lab-e baam
lab-e saaqii
lab-tishnah-e taqriir
lakad-kob-e ;havaadi;s
lau;h-e jahaa;n
libaas-e ka((bah
lu:tf-e ;xaa.s
lu:tf-e ;xiraam-e saaqii-o-;zauq-e .sadaa-e chang
lu:tf-e bad-;xuuyaa;n
lu:tf-e jalvah'haa-e ma((aanii
ma((ri.z-e i:zhaar
ma((shuuq-e sho;x-o-((aashiq-e diivaanah
ma((zuulii-e andaaz-o-adaa
ma;hramii-e ;husn
ma;hruum-e jamaal
ma;hruumii-e qismat
ma;hruumii-e tasliim-o-badaa
ma;hshar-e ;xayaal
ma;hsharistaan-e be-qaraarii
ma;hv-e ((ibrat-e anjaam-e gul
ma;hv-e aa))iinah-daarii
ma;hv-e aaraa))ish
ma;hv-e baalish-e kam;xvaab
ma;hv-e maah-e kan((aa;n
ma;hv-e pursish'haa-e pinhaanii
ma;hv-e sipaas-e be-zabaanii
ma;hv-e ta;gaaful
ma;hv-e tamaashaa-e dimaa;g
ma;hv-e tamaashaa-e shikast-e dil
ma;hv-e vafaa
maa))idah-e la;z;zat-e dard
maah-e nau
maah-e shab-e chaar-duham
maana((-e ;zauq-e tamaashaa
maana((-e berab:tii-e shor-e junuu;n
maana((-e dasht-navardii
maana((-e va;hshat-;xiraamiihaa-e lail;aa
maanind-e .sub;h-o-mihr
maanind-e ;xuun-e be-gunah
maanind-e gul
maatam-e yak-shahr
mad;h-e naaz
mah-e ;xvurshiid-jamaal
mah-e na;xshab
mahjuur-e payaam-o-chashm
mai-;xaanah-e jigar
mai-e ((ishrat
mai-e gulfaam
mai-kadah-e be-;xarosh
majaal-e ;xvaab
majbuurii-o-da((vaa-e giriftaarii-e ulfat
majlis-furoz-e ;xalvat-e naamuus
majmuu((ah-e ;xayaal
maktab-e ;gam-e dil
man((-e gustaa;xii
man((-e qadam-bos
man.sab-e sheftagii
maq:ta((-e silsilah-e shauq
maqaam-e tark-e ;hijaab-o-vidaa((-e tamkii;n
maqdam-e sailaab
mar;guub-e but-e mushkil-pasand
mardumak-e diidah
marg-e naagahaa;n
marg-e naagahaanii
marhuun-e ;hinaa
marii.z-e ((ishq
masaa))il-e ta.savvuf
mash;guul-e ;haq
mashhad-e ((aashiq
mashq-e naaz
mashq-e tamaashaa
mast-e :tarab
mast-e mai-e ;zaat
mataa((-e ;xaanah-e zanjiir
mataa((-e burdah
mataa((-e dast-gardaa;n
mataa((-e hunar
mataa((-e su;xan
mauj-e .sabaa
mauj-e ;xiraam-e yaar
mauj-e ;xuu;n
mauj-e aab
mauj-e baadah
mauj-e buu-e gul
mauj-e gul
mauj-e hastii
mauj-e mai
mauj-e mu;hii:t-e be-;xvudii
mauj-e nigah
mauj-e rang
mauj-e saraab-e dasht-e vafaa
mauj-e shafaq
mauj-e sharaab
maujah-e ;xuu;n
maujah-e gul
maujah-e sabzah-e nau-;xez
mausam-e gul
mi;sl-e ;xandah-e qaatil
mi;sl-e ;zarrah
mi;sl-e duud
mi;sl-e gul-e sham((a
mi;sl-e jauhar-e te;g
mi;sl-e naqsh-e mudda((aa-e ;gair
mi;sl-e saayah-e gul
mihr-e garduu;n
mihrbaaniihaa-e dushman
miinaa-e be-sharaab-o-dil-e be-havaa-e gul
miinaa-e mai
min-jumlah-e asbaab-e viiraanii
minnat-e :tiflaa;n
minnat-kash-e davaa
minnat-kash-e gulbaa;ng-e tasallii
miqdaar-e ;hasrat-e dil
mizhah'haa-e daraaz
mizhah-e ;xvaab-naak
mizhah-e yaar
mizhgaan-e ;xuu;n-fishaa;n
mizhgaan-e chashm-e tar
mizhgaan-e sozan
mu((iin-e millat-o-mulk
mu((taqid-e fitnah-e ma;hshar
mu((taqid-e miir
mu.siibat-e naa-saazii-e davaa
mu:trib-e taraanah-e hal-min-maziid
mu;gannii-e aatish-nafas
mu;hii:t-e aab
mu;hii:t-e baadah
mu;hii:t-e giryah-o-lab
mu;htaaj-e ;hinaa
mubtalaa-e aafat-e rashk
muhr-e .sad-na:zar
muhr-e dahaa;n
munkar-e vafaa
muqaabil-o-da((vaa-e ((ishq
mur;g-e asiir
mur;g-e chaman
musarrat-e pai;gaam-e yaar
mushaahadah-e ;haq
musht-e ;xaak
musht-e ;xas
mushtaaq-e la;z;zat'haa-e ;hasrat
muu-e aatish-diidah
muu-e shiishah
muvaa;xa;zah-e roz-e ;hashr
muzhdah-e qatl
muzhdah-e vi.saal
na.siir-e daulat-o-dii;n
na:z:zaarah-e jamaal
na:zaarah-e nargis
na:zar'haa-e tez
na:zar-gaah-e ;hayaa
na;gmah'haa-e ;gam
na;gmah-e shaadii
na;zr-e dil-farebii-e ((unvaa;n
na;zr-e imti;haa;n
na;zr-e karam
naa-kaamii-e nigaah
naa-tamaamii-e nafas-e shu((lah-baar
naa-tavaanii-e sham((a
naaf-e ;gazaal
naaf-e zamiin
naalah'haa-e bulbul-e zaar
naalah'haa-e zaar
naalah-e bulbul
naalah-e dil
naalah-e lab-e ;xuunii;n-navaa-e gul
naalah-e mur;g-e sa;har
naam-e ;xudaa
naamah-e dildaar
naamuus-e paimaan-e mu;habbat
naavuk-e naaz
naaz-e bistar
naaz-e giraa;n-maayagii-e ashk
naaz-e muflisaa;n
naazish-e ayyaam-e ;xaakistar-nishiinii
naazish-e ham-naamii-e chashm-e ;xuubaa;n
nab.z-e ;xas
nab.z-e biimaar-e vafaa
nab.z-e jigar
nab.z-e parii
nabard-e ((ishq
nadiim-e dost
nafas-e ((i:tr-saa-e gul
nafas-e be-a;sar
nafas-e jaa;n-gudaaz
nafas-e qais
nagiin-e naam-e shaahid
nairang-e betaabii
nairang-e na:zar
nak'hat-e gul
nam-e shabnam
namak-paash-e ;xaraash-e dil
nang-e baal-o-par
nang-e pairaahan
nang-e piirii
nang-e siinah
nang-e sijdah
nang-e vujuud
naqaab-e ;xaak
naqd-e daa;g-e dil
naqqaash-e yak
naqsh-e mu;habbat
naqsh-e naaz-e but-e :tannaaz
naqsh-e pa-e mor
naqsh-e paa
naqsh-e qadam
naqsh-e suvaidaa
naqsh-e vafaa
naqsh-o-nigaar-e :taaq-e nisyaa;n
nashaa:t-e ((ishq
nashaa:t-e daa;g-e ;gam-e ((ishq
nashshah-e fikr-e su;xan
nashshah-e rang
nasiim-e mi.sr
nau-aamoz-e fanaa
nau-bahaar-e naaz
nau;hah-e ;gam
naumiidii-e jaaved
navaa-e jigar-;xaraash
navaa-e mur;g-e giriftaar
navaa-e sarosh
navaa-sanj-e fi;gaa;n
navaa-sanjaan-e gulshan
navaahaa-e raaz
navaazish'haa-e be-jaa
naved-e amn
naved-e maqdam-e yaar
nigaah-e ((ajz
nigaah-e ;gala:t-andaaz
nigaah-e aashnaa
nigaah-e be-;hijaab-e naaz
nigaah-e be-mu;haabaa
nigaah-e garm
nigaah-e gul-chii;n
nigaah-e naaz
nigaah-e shauq
nigah-e chashm-e surmah-saa
nigah-e diidah-e ta.sviir
nigah-e garm
nigah-e naaz
nigah-e surmah-saa
niiruu-e tan
niko-naamii-e farhaad
nishaa:t-e aamad-e fa.sl-e bahaarii
nishaa:t-e bahaar
nishaa:t-e kaar
nishaan-e jigar-e so;xtah
nisyah-o-naqd-e do-((aalam
niyaam-e pardah-e za;xm-e jigar
niyaaz-e ;hasrat-e diidaar
numuud-e .suvar
nus;xah-e marham
nuur-e .sub;h
nuur-ul-((ain-e daaman
pa))-e taufiir-e dard
paa-bastagii-e rasm-o-rah-e ((aam
paa-e :taa))uus
paa-e ;sabaat
paa-e ;xum
paa-e afgaar
paa-e gul
paa-e su;xan
paaband-e nai
paadaash-e ((amal
paarah'haa-e dil
paarah-e dil
paarah-e jigar
paas-e be-raunaqii-e diidah
paas-e dard
paas-e naamuus-e vafaa
paasu;x-e maktuub
pahluu-e andeshah
pai;gaam-e zabaanii
paikar-e ((ushshaaq
paikar-e ta.sviir
paimaan-e vafaa
paimaanah-e .sahbaa
par-e parvaanah
par-fishaanii-e sham((a
parastaarii-e vahm
pardah-daar-e raaz-e ((ishq
pardah-e ((amaarii
pardah-e saaz
pardah-e tabassum-e pinhaa;n
pardah-sanj-e zamzamah-e al-amaa;n
pareshaanii-e ;xaa:tir
partav-e ;xvur
partav-e ;xvurshiid
partav-e ;xvurshiid-e jahaa;n-taab
partav-e mahtaab
partav-e naqsh-e ;xayaal-e yaar
parvaaz-e shauq-e naaz
payaam-e va((dah-e diidaar-e dost
pech-o-taab-e havas
pesh-e na:zar
piir-e kan((aa;n
punbah-e baalish
punbah-e miinaa
pursish-e :tarz-e dil-barii
pursish-e ;haal
pursish-e jaraa;hat-e dil
pusht-e chashm
pusht-e dast-e ((ajz
pusht-garmii-e aa))iinah
pusht-garmii-e taab-o-tuvaa;n
qa:t((-e na:zar
qa:t((-e rah-e i.z:tiraab
qa:trah-e ;xuu;n
qa:trah-e mai
qa:trah-e shabnam
qa;h:t-e ;gam-e ulfat
qaa:ta((-e a((maar
qad-e dil-kash
qad-e yaar
qadd-e aadam
qadr-e :zarf
qadr-e ;hasrat-e dil
qadr-e la;z;zat-e aazaar
qadr-e lab-o-dandaa;n
qadr-e sang-e sar-e rah
qadr-e shauq
qafaa-e gul
qafas-e mur;g-e giriftaar
qafas-e rang
qaid-e ;hayaat-o-band-e ;gam
qaid-e hastii
qalam-e sar-navisht
qaul-e ;hu.zuur
qaul-e naasi;x
qiblah-e ;haajaat
qiblah-e maq.sad-e nigaah-e niyaaz
qimaar-;xaanah-e ((ishq
qudrat-e ;haq
qulzum-e .sar.sar
qulzum-e ;xuu;n
ra((naa))ii-e ;xayaal
ra;xsh-e ((umr
raah-e kuu-e yaar
raah-e su;xan
raah-o-rasm-e yaarii
raaz'haa-e siinah-gudaaz
raaz-e ma((shuuq
raaz-e maktuub
raaz-e nihaa;n
rab:t-e nihaanii
radd-e qada;h
radiif-e shi((r
raftaar-e ((umr
raftah-e raftaar-e dost
rafuu-e za;xm
rag-e gardan
rag-e har
rag-e jaa;n
rag-e lail;aa
rag-e sang
rag-e taak
rah-e pursish
rah-e vaadii-e ;xayaal
rah-o-rasm-e ;savaab
rahbar-e qa:trah
rahiin-e sitamhaa-e rozgaar
rahn-e ((ishq-o-naa-guziir-e ulfat-e hastii
rahn-e ;gaazah
rahn-e mai
rahn-e su;xan
rahzan-e tamkiin-o-hosh
rang-e ;xaar
rang-e adaa-e gul
rang-e digar
rang-e kaa;ga;z-e aatish-zadah
rang-e laalah-o-gul-o-nasrii;n
rang-e punbah
rang-e shikastah
rang-e tamaashaa
rang-e tamkiin-e gul-o-laalah
ranj-e baalii;n
ranj-e betaabii
ranj-e giraa;n-baarii-e zanjiir
ranj-e naumiidii-e jaaved
ranj-e rah
raq.s-e sharar
raqiib-e sar-o-saamaa;n
rashk-e faarsii
rashk-e ham-:tar;hii-o-dard-e a;sar-e baa;ng-e ;hazii;n
rashk-e savaal-o-javaab
raunaq-e hastii
rauzan-e diivaar-e zindaa;n
ravaanii-e ravish-o-mastii-e adaa
ravish-e ;xaa.s
reshah-e .sad
rezah-e almaas
rezish-e sijdah-e jabiin-e niyaaz
rind-e shaahid-baaz
rindaan-e dar-e mai-kadah
rishtah-e gauhar
rishtah-e har
rishtah-e shiiraazah-e mizhgaa;n
rishtah-e ulfat
rizq-e ham
roz-e abr-o-shab-e maah
roz-e baazaar-e jaa;n-sipaarii
roz-e jazaa
roz-e siyaah
ru;x-e nigaar
ru;x.sat-e bebaakii-o-gustaa;xii
ru;x.sat-e naalah
rusvaa))ii-e andaaz-e isti;gnaa-e ;husn
rusvaa-e dahr
ruu-e aab
ruu-e kaar
ruu-e nigaar
ruu-e sufrah
ruu-e yaar
ruu-kash-e ;xvurshiid-e ((aalam-taab
ruu-kash-e sa:t;h-e char;x-e miinaa))ii
ruu-shinaas-e ;xalq
ruu;h-e nabaatii
ruudaad-e chaman
sa((ii-e aazaadii
sa((ii-e be-;haa.sil
sa:tvat-e qaatil
sa;xtii-kashaan-e ((ishq
saa;gar-e jam
saa;gar-e mai-;xaanah-e nairang
saa;gar-e sarshaar-e dost
saa;hil-e daryaa-e ;xuu;n
saadagii-aamoz-e butaa;n
saadagiihaa-e tamannaa
saakinaan-e ;xi:t:tah-e ;xaak
saakinaan-e kuuchah-e dildaar
saamaa;n-:taraaz-e naazish-e arbaab-e ((ajz
saamaan-e ((aish-o-jaah
saamaan-e .sad-hazaar
saamaan-e naaz-e za;xm-e dil
saamaan-e vujuud
saamaan-e zang
saaqii-e garduu;n
saaqii-e kau;sar
saayah-e diivaar-e yaar
saayah-e shaa;x-e gul
saayah-e taak
saaz-e .sadaa-e aab
saaz-e :taali((-e naa-saaz
saaz-e aahang-e shikaayat
saaz-e anaa-al-ba;hr
saaz-e chaman-:taraazii-e daamaa;n
saaz-e hastii
sabad-e gul
sabaq-e shauq
sabzah-e ;xa:t
saf;hah-e dasht
safar-e ((ishq
sail-e ;xaan-maa;n
sail-e giryah
sailaab-e balaa
sailaab-e giryah
sair-e ((adam
sair-e chiraa;gaa;n
sair-e gul
sair-e gulistaa;n
sang-e aastaa;n
sang-e fasaa;n
sang-e giraa;n
sar-angusht-e ;hinaa))ii
sar-chashmah-e diigar
sar-e daaman
sar-e har
sar-e nashv-o-numaa
sar-e nau
sar-e pur-shor
sar-e rahguzaar
sar-e rahguzar
sar-e rishtah-e salaamat
sar-e rishtah-e vafaa
sar-e saudaa-e inti:zaar
sar-garm-e ;xiraam
sar-garm-e jafaa
sar-garm-e naalah'haa-e sharar-baar
sar-o-barg-e idraak-e ma((nii
sar-panjah-e mizhgaan-e aahuu
sar-taa-sar-e ;xaak
sar;had-e idraak
sargashtah-e ;xumaar-e rusuum-o-quyuud
sarmaayah-e yak-((aalam-o-((aalam
sarv-e chiraa;gaa;n
sarv-e qaamat
sarv-e sabz-e juu))ibaar-e na;gmah
saudaa-e ;gazal-;xvaanii
savaar-e samand-e naaz
sazaa-e kamaal-e su;xan
shaa))ibah-e ;xuubii-e taqdiir
shaa;x-e gul
shaadaab-e rang-o-saaz'haa
shaah-e dii;n-daar
shaah-e sulaimaa;n-jaah
shaahid-e gul
shaahid-e hastii-e ma:tlaq
shaam-e ;hijr
shaam-e firaaq
shaanah-kash-e zulf-e yaar
shaayaan-e dast-o-;xanjar-e qaatil
shab'haa-e ;hijr
shab'haa-e hijraa;n
shab'haa-e taar-e barsh-kaal
shab-e ;gam
shab-e ;hijraa;n
shab-e firaaq
shab-e mah
shab-e mahtaab
shab-e tanhaa))ii
shahiid-e gul-e ;xizaanii-e sham((a
shahiid-e vafaa
shahiidaan-e nigah
shahinshaah-e kavaakib-sipah-o-mihr-((alam
shahpar-e rang
shajar-e bed
shakeb-e ;xaatir-e ((aashiq
shakl-e nihaalii
shakl-e qumrii
sham((-e bazm-e be-;xvudii
sham((-e kushtah
sham((-e maatam-;xaanah
sham((-e siyah-;xaanah-e lail;aa
shar:t-e ustuvaarii
shar;h-e asbaab-e giriftaarii-e ;xaa:tir
shar;h-e hangaamah-e hastii
sharaab-e :tahuur
sharaar-e jastah
sharaar-e sang
sharm-e naa-rasaa))ii
sharm-e rusvaa))ii
sharmindah-e ma((nii
shast-e but-e naavuk-figan
shauq-e ((inaa;n-guse;xtah
shauq-e diidaar
shauq-e fu.zuul-o-jur))at-e rindaanah
shauq-e munfa((il
shauq-e va.sl
shiguftan-e gul'haa-e ((aish
shiishah-e mai
shikaayat'haa-e rangii;n
shikaayat-e ranj-e giraa;n-nishii;n
shikan-e zulf-e ((anbarii;n
shikast-e aarzuu
shikast-e qiimat-e dil
shikeb-o-.sabr-e ahl-e anjuman
shikvah-e .zu((f-e dimaa;g
shikvah-e be-dast-o-paa))ii
shikvah-e bedaad
shikvah-e hijraa;n
shikvah-e jaur
shikvah-sanj-e rashk-e ham-diigar
sho;x-e tund-;xuu
sho;xii-e andeshah
sho;xii-e ta;hriir
shor-e jaulaa;n
shor-e ma;hshar
shor-e pand-e naa.si;h
shor-e saudaa-e ;xa:t:t-o-;xaal
shorish-e baa:tin
shu((aa((-e aaftaab-e .sub;h-e ma;hshar
shu((aa-e mihr
shu((lah-e ((ishq
shu((lah-e aatish
shu((lah-e javvaalah
shuguftan-e gulhaa-e naaz
shumaar-e sub;hah
siilii-e ;xaaraa
siilii-e nadaamat
siilii-e ustaad
siinah-e ((aashiq
siinah-e ahl-e havas
siinah-e bismil
siinah-e pur-;xuu;n
siinah-e shamshiir
sijdah-e but
silk-e ((aafiyat
sipaas-e la;z;zat-e aazaar-e dost
sipand-e bazm-e va.sl-e ;gair
sirishk-e sar
sitaarah-e gauhar-farosh
sitam-o-jor-e naa-;xudaa
sivaa-e ;hasrat-e ;haa.sil
sivaa-e ;hasrat-e ta((miir
sivaa-e ;xuun-e jigar
sivaa-e baadah-e gul-faam-e mushk-buu
sivaa-e is
siyaasat-e darbaa;n
soz-e ;gam
soz-e ;gamhaa-e nihaanii
soz-e jaavidaanii-e sham((a
soz-e nihaa;n
sozish-e dil
su;xan-e garm
sub;hah-e .sad-daanah
sub;hah-e zaahid
suraa;g-e taf-e naalah
surmah-e muft-e na:zar
suruur-e tab-e ;gam
suu-e :zan
suu-e ;gair
suu-e dil
suu-e qiblah
suu-e vaadii-e majnuu;n
suud-e chiraa;g-e kushtah
suvaidaa-e dil-e chashm
ta((liim-e .zab:t
ta((ziyat-e mihr-o-vafaa
ta.savvur-e jaanaa;n
ta;gaafulhaa-e saaqii
ta;gaafulhaa-e tamkii;n-aazmaa
ta;zkirah-e ;gair
taab-e jalvah-e diidaar-e dost
taab-e ranj-e naumiidii
taab-e ru;x-e yaar
taab-e zulf-e pur-shikan
taaliif-e nus;xah'haa-e vafaa
taar-e ashk-e yaas
taar-e bistar
taar-e daaman-o-taar-e na:zar
taar-e nafas
taar-e nigah
taar-e shu((aa((
taar-e zulf
taaraaj-e kaavish-e ;gam-e hijraa;n
taariikii-e zindaan-e ;gam
taazah-vaaridaan-e bisaa:t-e havaa-e dil
tab-e ((ishq
tab-e garmii-e raftaar
tabassumhaa-e pinhaa;n
tahiiyah-e :tuufaa;n
takliif-e pardah-daarii-e za;xm-e jigar
takliif-e sair-e baa;g
takraar-e dost
tal;xii-e kaam-o-dahan
talaafii-e maafaat
tamaashaa))ii-e nairang-e tamannaa
tamaashaa-e ahl-e karam
tamaashaa-e bah
tamaashaa-e nairang-e .suurat
tamannaa-e zabaa;n
tan-e majruu;h-e ((aashiq
tan-e naazuk
tan-e ranjuur
tangii-e chashm-e ;hasuud
tangii-e dil
tangii-e jaa
tapish-e dil
tapish-e shauq
tapish-e shu((lah-e sozaa;n
taqaa.zaa-e jafaa
taqaa.zaa-e nigah
taqliid-e tunuk-:zarfii-e man.suur
taqriib-e safar
tark-e just-juu
tark-e nabard-e ((ishq
tark-e rusuum
tark-e vafaa
tasbii;h-e marjaa;n
tashviish-e marham
taskiin-e i.z:tiraab
te;g-e do-dam
te;g-e nigaah-e yaar
te;g-e nigah
te;g-e sitam
te;g-e tez-e ((uryaa;n
tiir-e niim-kash
tim;saal-e shiirii;n
tiryaakii-e qadiim
tishnagii-e shauq
tishnah-e ;xuu;n
tuhmat-kash-e taskii;n
tundii-e .sahbaa
tundii-e ;xuu
ulfat-e gul
va((dah-e .sabr-aazmaa
va((dah-e dil-daar
va((dah-e sair-e gulistaa;n
va.sf-e aazaadii
va.z((-e i;htiyaa:t
va;hshat-e :tabii((at-e iijaad
va;hshat-e aatish-e dil
va;hshat-e dil
vaa-bastah-e tan
vaa-shud-e gul
vaadii-e pur-;xaar
vabaal-e dosh
vabaal-e takyah-gaah-e himmat-e mardaanah
vadii((at-;xaanah-e bedaad-e kaavish'haa-e mizhgaa;n
vadii((at-e mizhgaan-e yaar
vafaa-e dilbaraa;n
vahm-e ;gair
vahm-e naaz
vaj'h-e pareshaanii-e .sahbaa
vaj'h-e siyah-mastii-e arbaab-e chaman
vaj'h-e tasallii
vajd-e ;zauq
vaqf-e bistar-e sanjaab
vaqf-e kashmakash
vaqt-e mai-parastii
vaqt-e munaajaat
vaqt-e safar
vaqt-e shaam
vaqt-e vidaa((-e bahaar
var:tah-e malaamat
varaq-gardaanii-e nairang-e yak
vi.saal-e yaar
vidaa((-e hosh
vufuur-e ashk
vujuud-e ba;hr
vus((at-e .sa;hraa
vus((at-e mai-;xaanah-e junuu;n
vus((at-e sa((ii-e karam
yaadgaar-e naalah
yaaraan-e nuktah-daa;n
yaqiin-e ijaabat
yuusuf-e ;saanii
za;hmat-e mihr-e dara;xshaa;n
za;xm-e dil
za;xm-e jigar
za;xm-e kaarii
za;xm-e maujah-e daryaa
za;xm-e rashk
za;xm-e rauzan-e dar
za;xm-e sar
za;xm-e sozan
za;xm-e tamannaa
za;xm-e te;g
za;xm-e te;g-e naaz
zaanuu-e fikr-e i;xtiraa((-e jalvah
zabaan-e ahl-e zabaa;n
zabaan-e sipaas
zabaanii-e sham((a
zabuunii-kash-e taa;siir
zahr-e ;gam
zahrah-e abr
zakaat-e ;husn
zamaanah-e javaanii
zanaan-e mi.sr
zanjiir-e rusvaa))ii
zar-e az-dast-raftah
zer-baar-e minnat-e darbaa;n
zer-e lab
zer-e paa
zer-e saayah
ziinat-e jeb-e kafan
zindaanii-e taa;siir-e ulfa:t'haa-e ;xuubaa;n
ziyaarat-gaah-e :tiflaa;n
ziyaarat-gaah-e ;hairaanii
zu((m-e junuu;n
zulf-e mushkii;n
zulf-e siyaah