mauj-e sharaab,14
jalvah-e gul,7
;haal-e dil,3
;xuun-e jigar,3
chaak-e garebaa;n,3
paimaan-e vafaa,3
taar-e bistar,3
juu-e ;xuu;n,3
kaf-e sailaab,3
naalah-e dil,3
shab-e ;gam,3
daa;g-e dil,3
naqsh-e qadam,3
nak'hat-e gul,3
ahl-e biinish,2
;gam-e rozgaar,2
za;xm-e jigar,2
la;xt-e jigar,2
mauj-e rang,2
mauj-e mai,2
sar-e nau,2
tark-e vafaa,2
diidah-e ;hairaa;n,2
tangii-e dil,2
naqsh-e paa,2
;xaanah-e aa))iinah,2
;xum-e mai,2
naalah-e bulbul,2
sabzah-e ;xa:t,2
ja;zbah-e dil,2
vaqt-e safar,2
sang-e aastaa;n,2
chashm-e tar,2
dam-e ta;hriir,2
;gam-e ((ishq,2
ahl-e jahaa;n,2
but-e aa))inah-siimaa,2
musht-e ;xaak,2
kuu-e yaar,2
za;xm-e sozan,2
;gam-e pinhaa;n,2
shikast-e aarzuu,2
shab-e mah,2
jauhar-e aa))inah,2
((umr-e ;xi.zr,2
nigah-e naaz,2
:taaqat-e diidaar,2
qa:trah-e ;xuu;n,2
;hasrat-e diidaar,2
;xandah-e dandaa;n-numaa,2
;xandah'haa-e gul,2
rag-e jaa;n,2
daa;g-e jigar,2
;xuun-e dil,2
balaa-e jaa;n,2
da((v;aa-e vaa-rastagii,2
tangii-e jaa,2
jaamah-e a;hraam,2
nigah-e garm,2
bazm-e ;xayaal,2
pesh-e na:zar,2
goshah-e bisaa:t,2
bazm-e mai,2
va((dah-e .sabr-aazmaa,2
mauj-e ;xuu;n,2
aa;gosh-e vidaa((,2
bun-e muu,2
mizhah-e yaar,2
jaadah-e rah,2
((aashiq-e biimaar,1
maanind-e .sub;h-o-mihr,1
saamaan-e vujuud,1
naqsh-e mu;habbat,1
zabaanii-e sham((a,1
nab.z-e jigar,1
diyaar-e ;gair,1
:tavaaf-e kuu-e malaamat,1
rah-o-rasm-e ;savaab,1
i;xfaa-e ;haal,1
;hu.zuur-e shaah,1
mu;hii:t-e giryah-o-lab,1
vaa-shud-e gul,1
la;z;zat-e sang,1
mai-kadah-e be-;xarosh,1
:tuumaar-e naaz,1
((uqdah-e mushkil,1
nishaa:t-e kaar,1
dar-;xvur-e qahr-o-;ga.zab,1
dil-e naa-((aaqibat-andesh,1
saaz-e .sadaa-e aab,1
dahaan-e za;xm,1
va.sf-e aazaadii,1
la;z;zat-e ;xvaab-e sa;har,1
shu((lah-e aatish,1
daryaa-e ma((aa.sii,1
chiraa;g-e raushan,1
inti:zaar-e saa;gar,1
;xa:t:t-e jaam-e mai,1
giriftaar-e chaman,1
shakl-e qumrii,1
sho;xii-e andeshah,1
paikar-e ta.sviir,1
;hasb-e gardish-e paimaanah-e .sifaat,1
rag-e gardan,1
aatish-e gul,1
saa;gar-e sarshaar-e dost,1
afsuun-e inti:zaar,1
mi;sl-e naqsh-e mudda((aa-e ;gair,1
;haajat-e rafuu,1
nus;xah-e marham,1
burrish-e te;g-e jafaa,1
jigar-tishnah-e faryaad,1
;hinaa-e paa-e ;xizaa;n,1
dast-gaah-e diidah-e ;xuu;n-baar-e majnuu;n,1
sho;xii-e ta;hriir,1
dil-o-dast-e shinaa,1
chashmak'haa-e lail;aa,1
dil-e gudaa;xtah,1
tasbii;h-e marjaa;n,1
adaa-e ;xaa.s,1
:tarz-e ahl-e fanaa,1
bard-e liyaalii,1
chiraa;g-e murdah,1
andaaz-e bah,1
;ha.zrat-e yuusuf,1
tahiiyah-e :tuufaa;n,1
sailaab-e giryah,1
suu-e ;gair,1
naaf-e ;gazaal,1
shu((lah-e ((ishq,1
dil-e shoriidah,1
rahbar-e qa:trah,1
chashm-e sozan,1
ahl-e junuu;n,1
nang-e vujuud,1
;xaar-e paa,1
;xaar-e kisvat-e faanuus,1
muzhdah-e vi.saal,1
vaqt-e vidaa((-e bahaar,1
sar-garm-e jafaa,1
((aish-e raftah,1
hujuum-e naa-umiidii,1
gul-e jeb-e qabaa-e gul,1
pardah-e tabassum-e pinhaa;n,1
zulf-e siyaah,1
nang-e pairaahan,1
bedaad-e rashk-e ;gair,1
falak-e piir,1
nuur-ul-((ain-e daaman,1
naumiidii-e jaaved,1
barq-e soz-e dil,1
;gulaam-e saaqii-e kau;sar,1
furo;g-e sham((-e baalii;n,1
;zauq-e dard,1
lab-e ((iis;aa,1
sivaa-e ;hasrat-e ;haa.sil,1
saf;hah-e dasht,1
mihr-e garduu;n,1
gul-chiin-e gulistaan-e tasallii,1
dil-e vaa-bastah,1
dil-e naazuk,1
:ta((nah-e naa-yaaft,1
sham((-e bazm-e be-;xvudii,1
aashnaa-e ;xandah,1
aaraa))ish-e ;xam-e kaakul,1
fanaa-ta((liim-e dars-e be-;xvudii,1
la;z;zat-e faraa;g,1
tundii-e ;xuu,1
zaanuu-e fikr-e i;xtiraa((-e jalvah,1
;hasrat-e i:zhaar,1
takliif-e sair-e baa;g,1
naavuk-e naaz,1
kashaakash-e ;gam-e pinhaa;n,1
dashnah-e ;gamzah,1
mast-e :tarab,1
char;x-e kuhan,1
naam-e ;xudaa,1
rang-e adaa-e gul,1
miinaa-e mai,1
havas-e sair-o-tamaashaa,1
bazm-e :tarab,1
daf((-e paikaan-e qa.zaa,1
qadr-e la;z;zat-e aazaar,1
siilii-e nadaamat,1
josh-e qada;h,1
dil-e har,1
pusht-e dast-e ((ajz,1
tab-e garmii-e raftaar,1
;xandah'haa-e be-jaa,1
baar-e ;xudaa,1
shumaar-e sub;hah,1
suu-e :zan,1
ahl-e shauq,1
nab.z-e parii,1
dard-e dil,1
aaraa))ish-e jamaal,1
mur;g-e asiir,1
andoh-e shab-e furqat,1
char;x-e mukaukab,1
andaaz-e junuu;n,1
chashm-e mast-e naaz,1
gard-e raah-e yaar,1
sar;had-e idraak,1
dil-e be-dast-o-paa,1
aashtii-e chashm-o-gosh,1
sijdah-e but,1
binaa-e ;xandah,1
daa;g-e bad-gumaanii-e sham((a,1
;hasrat-e la;z;zat-e aazaar,1
qaa:ta((-e a((maar,1
na.siir-e daulat-o-dii;n,1
muhr-e .sad-na:zar,1
.sub;h-e ((iid,1
tark-e nabard-e ((ishq,1
maqdam-e sailaab,1
za;xm-e maujah-e daryaa,1
banaat-ul-na((sh-e garduu;n,1
barq-e ;xirman-e raa;hat,1
za;xm-e rashk,1
havaa-e tund,1
mardumak-e diidah,1
halaak-e fareb-e vafaa-e gul,1
jigar-e tishnah-e aazaar,1
maana((-e dasht-navardii,1
hastii-e ashyaa,1
daa;g-e tamannaa-e nashaa:t,1
abr-e bahaarii,1
partav-e mahtaab,1
baraa-e vidaa((,1
ta((ziyat-e mihr-o-vafaa,1
.sahbaa-e aatish-e pinhaa;n,1
;hikaayat-e .sabr-e gurez-paa,1
vadii((at-e mizhgaan-e yaar,1
himmat-e dushvaar-pasand,1
ruu-kash-e sa:t;h-e char;x-e miinaa))ii,1
;xumaar-e shauq-e saaqii,1
;zarrah-e zamii;n,1
suruur-e tab-e ;gam,1
gardish-e majnuu;n,1
fikr-e dunyaa,1
man((-e gustaa;xii,1
daa;g-e ;hasrat-e dil,1
mi;sl-e ;zarrah,1
sair-e chiraa;gaa;n,1
sub;hah-e .sad-daanah,1
dil-farebii-e andaaz-e naqsh-e paa,1
yuusuf-e ;saanii,1
diidah-e biinaa,1
diidah-e a;xtar,1
taab-e zulf-e pur-shikan,1
ahl-e himmat,1
dar-e yaar,1
rusvaa-e dahr,1
josh-e bahaar,1
sang-e giraa;n,1
soz-e ;gam,1
naalah-e lab-e ;xuunii;n-navaa-e gul,1
sar-panjah-e mizhgaan-e aahuu,1
ma;hv-e vafaa,1
;hairat-e naqsh-e paa,1
baraa-e ;xudaa,1
rag-e taak,1
zer-e lab,1
qimaar-;xaanah-e ((ishq,1
bai.zah-e mor,1
auraaq-e la;xt-e dil,1
shab-e firaaq,1
dar-;xvur-e ma;hfil,1
vufuur-e ashk,1
;husn-e ;xvud-aaraa,1
;hairat-kadah-e sho;xii-e naaz,1
dimaa;g-e ((ajz,1
tim;saal-e shiirii;n,1
ru;x.sat-e naalah,1
shaahid-e gul,1
tal;xii-e kaam-o-dahan,1
pusht-garmii-e aa))iinah,1
.sadaa-e ;xandah-e dil,1
rah-e pursish,1
mu;gannii-e aatish-nafas,1
;haqiiqat-e jaa;n-kaahii-e mara.z,1
buud-e chiraa;g-e kushtah,1
sitam-o-jor-e naa-;xudaa,1
((ishrat-e qa:trah,1
ma;hruumii-e qismat,1
tishnah-e ;xuu;n,1
daa;g-e palang,1
ta;gaafulhaa-e saaqii,1
ra((naa))ii-e ;xayaal,1
lab-e saaqii,1
sarv-e chiraa;gaa;n,1
hangaam-e be-;xvudii,1
fasaanah-;xvaanii-e sham((a,1
sair-e ((adam,1
yaqiin-e ijaabat,1
mi;sl-e duud,1
juzv-e a((:zam,1
mihrbaaniihaa-e dushman,1
;xuun-e ;xalq,1
raq.s-e sharar,1
tamannaa-e zabaa;n,1
aab-o-havaa-e zindagii,1
char;x-e niilii-faam,1
jalvah-rezii-e baad-o-bah,1
tundii-e .sahbaa,1
rahn-e ((ishq-o-naa-guziir-e ulfat-e hastii,1
aabaad-e tamannaa,1
nigaah-e ((ajz,1
furo;g-e :taala((-e ;xaashaak,1
i((tibaar-e na;gmah,1
sa;xtii-kashaan-e ((ishq,1
adaa-e naaz,1
sivaa-e ;xuun-e jigar,1
garm-e faryaad,1
nashshah-e rang,1
junuun-e saa;xtah-o-fa.sl-e gul,1
rahiin-e sitamhaa-e rozgaar,1
;zauq-e sitam,1
daur-e jaam,1
partav-e ;xvurshiid-e jahaa;n-taab,1
zulf-e mushkii;n,1
;hasrat-e ta((miir,1
sa:tvat-e qaatil,1
shar;h-e hangaamah-e hastii,1
.sarf-e vafaa,1
na;zr-e dil-farebii-e ((unvaa;n,1
.suurat-e ((aalam,1
sar-taa-sar-e ;xaak,1
daliil-e sa;har,1
nadiim-e dost,1
shikaayat-e ranj-e giraa;n-nishii;n,1
nigaah-e be-;hijaab-e naaz,1
:taaqat-e ram,1
laaf-e tamkii;n,1
guzar-gaah-e ;xayaal-e mai-o-saa;gar,1
daam-e har,1
aa;gosh-e raqiib,1
andaaz-e chakiidan,1
rang-e ;xaar,1
kamand-e shikaar-e a;sar,1
maktab-e ;gam-e dil,1
chashm-e rauzan,1
tiryaakii-e qadiim,1
vaadii-e pur-;xaar,1
fard-e jam((-o-;xarj-e zabaa;nhaa-e laal,1
aah-e niim-shabii,1
mauj-e mu;hii:t-e be-;xvudii,1
maanind-e gul,1
va((dah-e sair-e gulistaa;n,1
dar-o-diivaar-e ;gam-kadah,1
majaal-e ;xvaab,1
;hijaab-e paas-e va.z((a,1
shahiid-e gul-e ;xizaanii-e sham((a,1
dil-e be-mudda((aa,1
;husn-e mah,1
paa-bastagii-e rasm-o-rah-e ((aam,1
bistar-e tamhiid-e faraa;gat,1
man.sab-e sheftagii,1
dukaan-e mataa((-e na:zar,1
nuur-e .sub;h,1
i((jaaz-e masii;haa,1
baal-e humaa,1
kushaad-o-bast-e mizhah,1
ravish-e ;xaa.s,1
pech-o-taab-e havas,1
((iid-e na:z:zaarah,1
paaband-e nai,1
piir-e kan((aa;n,1
nairang-e betaabii,1
saamaan-e naaz-e za;xm-e dil,1
za;xm-e sar,1
sipand-e bazm-e va.sl-e ;gair,1
ra;xsh-e ((umr,1
fareb-e saadah-dilii,1
;xalish-e ;gamzah-e ;xuu;n-rez,1
kaalbud-e .suurat-e diivaar,1
sazaa-e kamaal-e su;xan,1
yaaraan-e nuktah-daa;n,1
mauj-e buu-e gul,1
:tarz-e tapaak-e ahl-e dunyaa,1
aa;gosh-e ;xam-e ;halqah-e zunnaar,1
farsh-e raah,1
qiblah-e ;haajaat,1
rind-e shaahid-baaz,1
shuguftan-e gulhaa-e naaz,1
shu((aa-e mihr,1
namak-paash-e ;xaraash-e dil,1
rizq-e ham,1
balaa-e aasmaanii,1
jauhar-e te;g,1
garm-e daaman-afshaanii,1
;harf-e mukarrar,1
gadaa-e mai,1
:taaqat-e faryaad,1
miqdaar-e ;hasrat-e dil,1
sail-e ;xaan-maa;n,1
daa;g-e ((ishq,1
sarv-e qaamat,1
jalvah-e tim;saal,1
nafas-e ((i:tr-saa-e gul,1
sharaab-e :tahuur,1
varaq-gardaanii-e nairang-e yak,1
muqaabil-o-da((vaa-e ((ishq,1
;haal-e vafaa,1
niyaam-e pardah-e za;xm-e jigar,1
((ar.z-e naaz-e sho;xii-e dandaa;n,1
((ishrat-e qatl-gah-e ahl-e tamannaa,1
;xuun-e garm-e dihqaa;n,1
kuu-e dost,1
.suurat-e naqsh-e qadam,1
mu.siibat-e naa-saazii-e davaa,1
taqaa.zaa-e jafaa,1
:taaqat-e parvaaz,1
aamad-e fa.sl-e laalah-kaarii,1
shikvah-e bedaad,1
;xuubii-e au.zaa((-e abnaa-e zamaa;n,1
jannat-e nigaah,1
:tarz-e sitam,1
daa;g-e mah,1
bahaadur-e ((aalii-guhar,1
bisaa:t-e nashaa:t-e dil,1
daraaz-dastii-e qaatil,1
majmuu((ah-e ;xayaal,1
maqaam-e tark-e ;hijaab-o-vidaa((-e tamkii;n,1
ziyaarat-gaah-e ;hairaanii,1
gosh-e na.sii;hat-niyosh,1
;garqah-e mai,1
nashaa:t-e ((ishq,1
sitaarah-e gauhar-farosh,1
:zarf-e qada;h-;xvaar,1
shauq-e va.sl,1
aa))inah-daarii-e yak,1
gavaah-e ((ishq,1
garm-baazaar-e faujdaarii,1
qadr-e :zarf,1
((u;zr-;xvaah-e lab-e be-savaal,1
taar-e shu((aa((,1
raftaar-e ((umr,1
lakad-kob-e ;havaadi;s,1
.suurat-;xaanah-e ;xamyaazah,1
paa-e ;sabaat,1
kushtah-e dushman,1
anjuman-e naaz,1
dast-e tah-e sang-aamadah,1
baar-e bistar,1
muzhdah-e qatl,1
ba:t-e mai,1
sar-e rishtah-e salaamat,1
raqiib-e sar-o-saamaa;n,1
naqsh-e vafaa,1
chashm-e fusuu;n-gar,1
sair-e gul,1
rahn-e mai,1
ba((d-e marg,1
baa-vujuud-e yak,1
ma;hv-e tamaashaa-e dimaa;g,1
:tuufaan-e ;havaadi;s,1
gunbad-e be-dar,1
vadii((at-;xaanah-e bedaad-e kaavish'haa-e mizhgaa;n,1
nab.z-e ;xas,1
;xvurshiid-e jahaa;n-taab,1
maujah-e ;xuu;n,1
ahl-e havas,1
;husn-e ((amal,1
saa;hil-e daryaa-e ;xuu;n,1
hangaam-e kamaal,1
sirishk-e sar,1
;halqah-e daam-e havaa-e gul,1
ahl-e na:zar,1
fareb-e hastii,1
;xuu-kardah-e a;xtar-shumaarii,1
ma;hv-e tamaashaa-e shikast-e dil,1
;gam-e hastii,1
:taalib-e taa;siir,1
sham((-e kushtah,1
;xaak-e shahiidaa;n,1
naazish-e ham-naamii-e chashm-e ;xuubaa;n,1
jaa;n-daadah-e havaa-e sar-e rah-guzaar,1
naaz-e bistar,1
gosh-e gul,1
shab-e ;hijraa;n,1
biim-e raqiib,1
punbah-e baalish,1
;husn-e :zann,1
bar-;xvurdaar-e bistar,1
ma;hruumii-e tasliim-o-badaa,1
((u;zr-e vaa-maa;ndagii,1
josh-e gul,1
;savaab-e :taa((at-o-zuhd,1
musarrat-e pai;gaam-e yaar,1
;xuun-e garm,1
shaadaab-e rang-o-saaz'haa,1
junuun-e ((ishq,1
saaz-e hastii,1
aah-e aatishii;n,1
jaam-e safaal,1
qiblah-e maq.sad-e nigaah-e niyaaz,1
.saf-e mizhgaa;n,1
furo;g-e mai,1
nigah-e chashm-e surmah-saa,1
((ar.z-e naaz,1
baa;g-e ri.zvaa;n,1
;garrah-e auj-e binaa-e ((aalam-e imkaa;n,1
navaa-e sarosh,1
baazaar-e dost,1
mai-;xaanah-e jigar,1
but-e bedaad-gar,1
munkar-e vafaa,1
dimaa;g-e aahuu-e dasht-e tataar,1
gosh-e mu;habbat,1
.zaamin-e nashaa:t,1
;hariif-e joshish-e daryaa,1
josh-e giryah,1
;xandah-e a;hbaab,1
ma;hramii-e ;husn,1
dil-e ;hasrat-zadah,1
tan-e majruu;h-e ((aashiq,1
baavujuud-e dil-jam((ii,1
ma;hv-e aa))iinah-daarii,1
navaazish'haa-e be-jaa,1
nasiim-e mi.sr,1
suu-e vaadii-e majnuu;n,1
josh-e junuu;n,1
sham((-e siyah-;xaanah-e lail;aa,1
ruu-kash-e ;xvurshiid-e ((aalam-taab,1
tan-e naazuk,1
;xaanah-e majnuun-e .sa;hraa-gard,1
bajaa-e daanah,1
;husn-e furo;g-e sham((-e su;xan,1
havas-e zar,1
chaarah-e ;gam-e ulfat,1
;hasrat-e parvaanah,1
nau;hah-e ;gam,1
suud-e chiraa;g-e kushtah,1
a;hvaal-e butaa;n,1
nigah-e diidah-e ta.sviir,1
bahr-e mulaaqaat,1
te;g-e tez-e ((uryaa;n,1
sarv-e sabz-e juu))ibaar-e na;gmah,1
gul-e tar,1
;gam-e aavaaragiihaa-e .sabaa,1
ajzaa-e do-((aalam-dasht,1
be-;xvudii-e ((aish-e maqdam-e sailaab,1
;xaamah-e mizhgaa;n,1
raah-e kuu-e yaar,1
((u;zr-e mastii,1
te;g-e sitam,1
gadaa-e kuuchah-e mai-;xaanah,1
jalvah-e ;husn-e ;gayuur,1
ruu-e sufrah,1
aabruu-e shevah-e ahl-e na:zar,1
.suurat-e qufl-e abjad,1
mah-e ;xvurshiid-jamaal,1
ziinat-e jeb-e kafan,1
mauj-e hastii,1
baaziichah-e a:tfaal,1
suraa;g-e taf-e naalah,1
.sar.sar-e shauq,1
bisaa:t-e .su;hbat-e a;hbaab,1
chaak-e jigar,1
shar:t-e ustuvaarii,1
jaadah-e raah-e vafaa,1
hujuum-e naalah,1
navaahaa-e raaz,1
shaah-e dii;n-daar,1
rahzan-e tamkiin-o-hosh,1
giriftaar-e vafaa,1
mauj-e shafaq,1
gird-baad-e rah-e betaabii,1
biimaarii-e ;gam,1
dahaan-e har,1
sa((ii-e be-;haa.sil,1
;gair-e gul,1
;xaar-e bayaabaa;n,1
vi.saal-e yaar,1
nashshah-e fikr-e su;xan,1
taar-e daaman-o-taar-e na:zar,1
na;gmah'haa-e ;gam,1
mur;g-e chaman,1
ba;xyah-e chaak-e garebaa;n,1
.zauq-e ;gaflat-e saaqii,1
;xaamah-e maanii,1
vus((at-e mai-;xaanah-e junuu;n,1
shauq-e fu.zuul-o-jur))at-e rindaanah,1
;zauq-e kaavish-e naa;xun,1
qadr-e lab-o-dandaa;n,1
but-e be-daad-fan,1
junuun-e shauq,1
dil-e ranjuur,1
shiishah-e mai,1
rang-e kaa;ga;z-e aatish-zadah,1
((al;aa-al-ra;gm-e dushman,1
maanind-e ;xuun-e be-gunah,1
vaj'h-e siyah-mastii-e arbaab-e chaman,1
qa:t((-e na:zar,1
faryaad-e dil'haa-e ;hazii;n,1
shikast-e qiimat-e dil,1
te;g-e do-dam,1
diivaar-e chaman,1
nang-e siinah,1
jalvah-e mauj-e sharaab,1
nishaan-e jigar-e so;xtah,1
marg-e naagahaa;n,1
hujuum-e giryah,1
((uqdah-e dil,1
kaf-e ;xaak,1
vaj'h-e tasallii,1
minnat-kash-e gulbaa;ng-e tasallii,1
fareb-e vafaa-;xvurdagaa;n,1
.safaa-e ;hairat-e aa))iinah,1
a.sl-e shuhuud-o-shaahid-o-mashhuud,1
asad-e ;xastah-jaa;n,1
dar-e ((adaalat-e naaz,1
.sub;h-e bahaar-e na:zaarah,1
ru;x.sat-e bebaakii-o-gustaa;xii,1
mu:trib-e taraanah-e hal-min-maziid,1
;xaanah-e ((aashiq,1
;gaarat-gar-e jins-e vafaa,1
la;z;zat-e resh-e jigar,1
bekasii-e ((ishq,1
qaid-e ;hayaat-o-band-e ;gam,1
gul-fishaaniihaa-e naaz-e jalvah,1
ru;x-e nigaar,1
tamaashaa-e bah,1
juuyaa-e za;xm-e kaarii,1
mauj-e nigah,1
:ta((nah-e a;gyaar,1
hadaf-e naavuk-e be-daad,1
sar-o-barg-e idraak-e ma((nii,1
garm-e naalah'haa-e sharar-baar,1
ma;hsharistaan-e be-qaraarii,1
mizhgaan-e sozan,1
saudaa-e ;gazal-;xvaanii,1
.salaa-e ((aam,1
farsh-e shash-jihat-e inti:zaar,1
;halqah-e bairuun-e dar,1
baaliin-e yaar,1
bun-e har,1
;zauq-e na:zar,1
hangaamah-e zabuunii-e himmat,1
daryaa-e be-taabii,1
((aks-e ru;x,1
talaafii-e maafaat,1
ranj-e giraa;n-baarii-e zanjiir,1
;xaanah-e maktab,1
;xam-e dast-e navaazish,1
goshah-e daaman,1
imtiyaaz-e naaqi.s-o-kaamil,1
aalaat-e mai-kashii,1
diidah-e ((ibrat-nigaah,1
:tuufaan-e aamad-aamad-e fa.sl-e bahaar,1
anjuman-e aarzuu,1
aa))iinah-e be-mihrii-e qaatil,1
bahr-e aashiyaa;n,1
be-mihrii-e yaaraan-e va:tan,1
qulzum-e .sar.sar,1
gor-e ;gariibaa;n,1
vajd-e ;zauq,1
diidah-e na;xchiir,1
i((tibaar-e ((ishq,1
shab-e tanhaa))ii,1
abr-e bahaar,1
shaa;x-e gul,1
;xaatim-e jamshed,1
raaz-e ma((shuuq,1
firdaus-e gosh,1
((umr-e vara((,1
qaid-e hastii,1
but-e pai;gaarah-juu,1
duud-e chiraa;g-e kushtah,1
taqliid-e tunuk-:zarfii-e man.suur,1
a;sar-e aablah,1
;gam-e farqat,1
jaadah-e .sa;hraa-e junuu;n,1
iqbaal-e ranjuurii,1
qaul-e ;hu.zuur,1
dar-pa-e diivaar-o-dar,1
zanjiir-e rusvaa))ii,1
taqriib-e safar,1
kungur-e isti;gnaa,1
naqsh-e suvaidaa,1
ma((ri.z-e i:zhaar,1
daastaan-e shauq,1
((aalam-e hastii,1
saadagii-aamoz-e butaa;n,1
soz-e jaavidaanii-e sham((a,1
numuud-e .suvar,1
;zauq-e ;xaraabii,1
qaul-e naasi;x,1
jaan-e asad,1
fa.zaa-e ;hairat,1
baal-e yak,1
havas-e gul,1
;xayaal-e jalvah-e gul,1
nang-e sijdah,1
mah-e na;xshab,1
;xayaal-e marg,1
((ar.z-e hunar,1
daamaan-e baa;g-baan-o-kaf-e gul-farosh,1
chashm-e ;xariidaar,1
chashm-e tang,1
ijaazat-e tasliim-e hosh,1
;gam-e zamaanah,1
shajar-e bed,1
aa;gosh-e gul,1
rashk-e ham-:tar;hii-o-dard-e a;sar-e baa;ng-e ;hazii;n,1
sho;x-e tund-;xuu,1
miinaa-e be-sharaab-o-dil-e be-havaa-e gul,1
but-e naazuk-badan,1
:taraavat-e chaman-o-;xuubii-e havaa,1
burdan-e .sad,1
ka;srat-aaraa))ii-e va;hdat,1
;harii.s-e la;z;zat-e aazaar,1
partav-e ;xvurshiid,1
((umr-e :tabii((ii,1
rang-e tamkiin-e gul-o-laalah,1
paikar-e ((ushshaaq,1
shor-e saudaa-e ;xa:t:t-o-;xaal,1
ganj'haa-e giraa;n-maayah,1
ba((d-e yak,1
.sarf-e ((ibaadat,1
lu:tf-e jalvah'haa-e ma((aanii,1
;harf-e vafaa,1
mu;htaaj-e ;hinaa,1
ganjifah-baaz-e ;xayaal,1
sar-angusht-e ;hinaa))ii,1
ma((zuulii-e andaaz-o-adaa,1
;xaanah-zaad-e zulf,1
dast-e but-e bad-mast,1
nishaa:t-e bahaar,1
;zauq-e tan-aasaanii,1
gardan-e miinaa,1
koh-e :tuur,1
dil-e aazurdah,1
navaa-sanjaan-e gulshan,1
chiin-e jabii;n,1
.zab:t-e shauq,1
mashq-e naaz,1
chashm-o-chiraa;g-e .sa;hraa,1
nigaah-e gul-chii;n,1
da((vaa-e jam((iyyat-e a;hbaab,1
nafas-e jaa;n-gudaaz,1
lu:tf-e ;xiraam-e saaqii-o-;zauq-e .sadaa-e chang,1
band-e qabaa,1
qa:trah-e shabnam,1
;gam-;xvaar-e dost,1
bar-sabiil-e shikaayat,1
fitnah-e :taaqat-rubaa,1
tark-e just-juu,1
;xaak-e dasht-e majnuu;n,1
shab'haa-e taar-e barsh-kaal,1
pusht-e chashm,1
diidah-e ;xuu;n-baar,1
kaf-e qaatil,1
;gair-e jalvah-e gul,1
baab-e nabard,1
taazah-vaaridaan-e bisaa:t-e havaa-e dil,1
gard-e rah-e jaulaan-e .sabaa,1
diidah-e be-;xvaab,1
;gam-e dil,1
nigah-e surmah-saa,1
nau-aamoz-e fanaa,1
be-daad-e ;zauq-e par-fishaanii,1
ajzaa-e naalah,1
;zarii((ah-e raa;hat,1
;gusl-e .si;h;hat,1
kaav-kaav-e sa;xt-jaaniihaa-e tanhaa))ii,1
mai-e ((ishrat,1
dars-e ((unvaan-e tamaashaa,1
furo;g-e ;husn,1
la:tmah-e mauj,1
.sarf-e bahaa-e mai,1
na;zr-e karam,1
nafas-e qais,1
.sarf-e darbaa;n,1
((ar.z-e sitamhaa-e judaa))ii,1
gadaa-e be-sar-o-paa,1
ahl-e dahr,1
mataa((-e ;xaanah-e zanjiir,1
:tuu:tii-e bismil,1
da((vaa-e rasaa))ii,1
paadaash-e ((amal,1
mubtalaa-e aafat-e rashk,1
goshah-e dastaar,1
hangaamah-e yaa,1
dushvaarii-e rah-o-sitam-e ham-rahaa;n,1
bisaa:t-e ((ajz,1
za;xm-e dil,1
naved-e maqdam-e yaar,1
fitnah-e shor-e qiyaamat,1
((aish-e be-taabii,1
;xa:t-e piyaalah,1
taaliif-e nus;xah'haa-e vafaa,1
na;zr-e imti;haa;n,1
navaa-e jigar-;xaraash,1
mai-e gulfaam,1
diivaan-e be-shiiraazah,1
saaqii-e kau;sar,1
naalah-e mur;g-e sa;har,1
mataa((-e su;xan,1
dil-e va;hshii,1
((ishrat-e .su;hbat-e ;xuubaa;n,1
raah-e su;xan,1
rang-e shikastah,1
vidaa((-e hosh,1
shu((lah-e javvaalah,1
giryah-e sa;harii,1
fai.z-e be-dilii,1
a.sl-e iimaa;n,1
((araq-e infi((aal,1
shahiid-e vafaa,1
partav-e ;xvur,1
sar-e saudaa-e inti:zaar,1
dam-e shamshiir,1
bahaar-e naaz,1
sar-e pur-shor,1
dam-e aab-e baqaa,1
;hayaat-e dahr,1
ma;hv-e ((ibrat-e anjaam-e gul,1
suvaidaa-e dil-e chashm,1
sa((ii-e aazaadii,1
be-;xuun-e dil,1
:tuufaanii-e kaifiiyat-e fa.sl,1
dar-;xvur-e ((aqd-e guhar,1
mu;hii:t-e baadah,1
dars-e daftar-e imkaa;n,1
ba((d-e qatl,1
bajaa-e ;xvud,1
.said-e z daam,1
faryaadii-e be-daad-e dilbar,1
:taaqat-e guftaar,1
guftah-e ;gaalib,1
la;z;zat-e alam,1
bedaad-e kaavish'haa-e mizhgaa;n,1
((ishq-e pur-((arbadah,1
bedaad-e vafaa,1
aamad-e ;xa:t,1
paa-e afgaar,1
;zauq-e navaa-e mur;g-e bustaanii,1
baal-e tadarv,1
nabard-e ((ishq,1
jaadah-e sar-manzil-e taqv;aa,1
:turrah-e pur-pech-o-;xam,1
;xuu-e savaal,1
vaqt-e shaam,1
naqsh-o-nigaar-e :taaq-e nisyaa;n,1
((ar.sah-e aafaaq,1
jaam-e vaazh-guu;n,1
;zauq-e va.sl-o-yaad-e yaar,1
junbish-e jauhar,1
guzar-gaah-e ;xayaal,1
kashaakash'haa-e hastii,1
taskiin-e i.z:tiraab,1
jaadah-e raah-e fanaa,1
vahm-e ;gair,1
libaas-e ka((bah,1
aatish-e doza;x,1
bayaabaa;n-navard-e vahm-e vujuud,1
vaa-bastah-e tan,1
:tauf-e ;haram,1
ka;srat-e na:z:zaarah,1
roz-e baazaar-e jaa;n-sipaarii,1
zanaan-e mi.sr,1
sar-e rishtah-e vafaa,1
;xaraab-e baadah-e ulfat,1
mizhah-e ;xvaab-naak,1
baarbud-e bazm-e su;xan,1
maatam-e yak-shahr,1
kabaab-e dil-e samandar,1
;hariif-e ma:tlab-e mushkil,1
buu-e dost,1
mausam-e gul,1
chaarah-saazii-e va;hshat,1
jur))at-e faryaad,1
havaa-e ;xiraam-e naaz,1
javaahir-e :tarf-e kulah,1
dar-;xvur-e ((ar.z,1
dam-e ;zikr,1
mauj-e saraab-e dasht-e vafaa,1
siinah-e bismil,1
saaz-e :taali((-e naa-saaz,1
giriftaar-e ulfat-e .sayyaad,1
kashmakash-e chaarah-e za;hmat,1
aa))inah-e barg-e gul,1
jauhar-e bedaad,1
diidah-e pur-;xuu;n,1
bahaanah-e raa;hat,1
;guruur-e ((izz-o-naaz,1
afsurdagii-e dil,1
;gaalib-e ;xastah,1
paarah-e dil,1
rishtah-e gauhar,1
va;hshat-e aatish-e dil,1
sar-e nashv-o-numaa,1
andaaz-e guftaguu,1
rafuu-e za;xm,1
naved-e amn,1
pardah-sanj-e zamzamah-e al-amaa;n,1
kaa;ga;z-e aatish-zadah,1
mashhad-e ((aashiq,1
zer-baar-e minnat-e darbaa;n,1
((ar.z-e giraa;n-jaanii,1
saamaan-e ((aish-o-jaah,1
ahl-e su;xan,1
soz-e ;gamhaa-e nihaanii,1
silk-e ((aafiyat,1
lab-e afsuus,1
paa-e su;xan,1
;xvud-daarii-e saa;hil,1
baraat-e ma((aash-e junuun-e ((ishq,1
dimaa;g-e ((i:tr-e pairaahan,1
rang-e punbah,1
sivaa-e ;hasrat-e ta((miir,1
vujuud-e ba;hr,1
:tuufaan-e :tarab,1
jaam-e zumurrud,1
kashash-e kaaf-e karam,1
rag-e sang,1
lu:tf-e bad-;xuuyaa;n,1
naamah-e dildaar,1
za;xm-e tamannaa,1
marii.z-e ((ishq,1
duurii-e manzil,1
tab-e ((ishq,1
jalvah-zaar-e aatish-e doza;x,1
saamaan-e .sad-hazaar,1
bazm-e ((aish-e dost,1
tashviish-e marham,1
ba;gair-e yak,1
sharmindah-e ma((nii,1
sair-e gulistaa;n,1
band-e naqaab-e ;husn,1
((ishrat-e paarah-e dil,1
a;sar-e giryah,1
;xuu;n-shudah-e kashmakash-e ;hasrat-e diidaar,1
;gunchah-e gul,1
mushaahadah-e ;haq,1
kamaal-e garmii-e sa((ii-e talaash-e diid,1
fusuun-e niyaaz,1
hujuum-e ashk,1
;gam-e giitii,1
juu-e shiir,1
;xuu;n-;galtiidah-e .sad-rang,1
mi;sl-e ;xandah-e qaatil,1
bazm-e shaahinshaah,1
jaa-e dahan,1
vaqt-e munaajaat,1
ka;srat-e ;gam,1
ruu-shinaas-e ;xalq,1
zahr-e ;gam,1
naalah'haa-e zaar,1
firaaq-e yaar,1
saayah-e shaa;x-e gul,1
;husn-e be-parvaa,1
rusvaa))ii-e andaaz-e isti;gnaa-e ;husn,1
saamaa;n-:taraaz-e naazish-e arbaab-e ((ajz,1
ranj-e betaabii,1
dard-e be-davaa,1
vabaal-e dosh,1
;zauq-e asiirii,1
;husn-e talaafii,1
nigaah-e aashnaa,1
raftah-e raftaar-e dost,1
;guruur-e dostii,1
var:tah-e malaamat,1
nab.z-e biimaar-e vafaa,1
qafaa-e gul,1
saadagiihaa-e tamannaa,1
laa))iq-e ta((ziir,1
dil-e aavaarah,1
.suurat-e sham((a,1
;gaib-e ;gaib,1
;xaamah-e ;gaalib,1
qad-e dil-kash,1
baal-e ((anqaa,1
but-e kaafir,1
taar-e nafas,1
kaf-e ;xaakistar-o-bulbul,1
josh-e rashk,1
siyaasat-e darbaa;n,1
muhr-e dahaa;n,1
aa))iinah-e ta.sviir-numaa,1
mataa((-e burdah,1
va;hshat-e :tabii((at-e iijaad,1
;zauq-e fanaa,1
mauj-e .sabaa,1
diivaanagii-e shauq,1
;xusrav-e shiirii;n-su;xan,1
bayaan-e sho;xii-e guftaar-e dost,1
pursish-e ;haal,1
nigaah-e ;gala:t-andaaz,1
shorish-e baa:tin,1
shahiidaan-e nigah,1
ahl-e tadbiir,1
vabaal-e takyah-gaah-e himmat-e mardaanah,1
shahpar-e rang,1
daryaa-e mai,1
ruu-e nigaar,1
((ishq-e nabard-peshah,1
taar-e ashk-e yaas,1
:tilism-e dil-e saa))il,1
zahrah-e abr,1
siinah-e pur-;xuu;n,1
bazm-e qada;h,1
nisyah-o-naqd-e do-((aalam,1
vaqf-e kashmakash,1
siilii-e ustaad,1
((ahd-e tajdiid-e tamannaa,1
daam-e tamannaa,1
saakinaan-e kuuchah-e dildaar,1
.sariir-e ;xaamah,1
korii-e dil-o-chashm-e raqiib,1
mu((taqid-e miir,1
marg-e naagahaanii,1
;haa.sil-e ulfat,1
sozish-e dil,1
:taaqat-e ;xalish-e ;xaar,1
musht-e ;xas,1
tishnagii-e shauq,1
dasht-e qais,1
jamaal-e dil-furoz,1
savaar-e samand-e naaz,1
;gunchah-e naa-shiguftah,1
kashmakash-e naz((,1
baa;g-baanii-e .sa;hraa,1
aazaadii-e nasiim,1
andaaz-e a;sar,1
aab-e te;g-e nigaah,1
:taaq-e nisyaa;n,1
tark-e rusuum,1
andaaz-e ((itaab,1
mu((taqid-e fitnah-e ma;hshar,1
mashq-e tamaashaa,1
zar-e az-dast-raftah,1
bahaa-e bosah,1
sub;hah-e zaahid,1
ta;gaafulhaa-e tamkii;n-aazmaa,1
paas-e be-raunaqii-e diidah,1
chashm-e butaa;n,1
ma;hshar-e ;xayaal,1
qad-e yaar,1
((aqd-e gardan-e ;xuubaa;n,1
aa))iin-e ;gazal-;xvaanii,1
maq:ta((-e silsilah-e shauq,1
ta((liim-e .zab:t,1
mauj-e aab,1
da((vat-e aab-o-havaa,1
aabruu-e ((ishq,1
rishtah-e ulfat,1
ruudaad-e chaman,1
((iimaa-e shu((lah,1
daa;g-e nihaa;n,1
shast-e but-e naavuk-figan,1
havas-e yaar,1
dahan-e sher,1
jaraa;hat-e dil,1
shor-e jaulaa;n,1
;xvurshiid-e qiyaamat,1
garm-e ;xiraam-e naaz,1
angusht-e ;hinaa))ii,1
naqsh-e pa-e mor,1
.suurat-e rishtah-e gauhar,1
((ishq-e ;xuu;n-naabah-mashrab,1
aa))iinah-e bahaar,1
hujuum-e ;gam,1
((aajiz-e ((ar.z-e yak-af;gaa;n,1
dil-e naa-kaam,1
ziyaarat-gaah-e :tiflaa;n,1
vaj'h-e pareshaanii-e .sahbaa,1
sharaar-e jastah,1
shikaayat'haa-e rangii;n,1
maujah-e gul,1
nau-bahaar-e naaz,1
:tauq-e gardan,1
aarzuu-e dost,1
saa;gar-e jam,1
((aar-e bistar,1
hujuum-e dard-e ;gariibii,1
;zauq-e tamaashaa,1
dallaal-e jins-e rusvaa))ii,1
rag-e har,1
;xuun-e naab,1
radd-e qada;h,1
;halqah'haa-e zulf,1
bekasii-haa-e shab-e hijr,1
havaa-e kisht-e vafaa,1
baa((i;s-e taa;xiir,1
baa((i;s-e afzaa))ish-e dard-e daruu;n,1
fur.sat-e kaar-o-baar-e shauq,1
shaah-e sulaimaa;n-jaah,1
qadr-e shauq,1
gul-farosh-e sho;xii-e daa;g-e kuhan,1
mizhgaan-e chashm-e tar,1
;gaalib-e aashuftah-navaa,1
havas-e naay-o-nosh,1
mauj-e gul,1
be-partav-e ;xvurshed,1
;xayaal-e za;xm,1
shikan-e zulf-e ((anbarii;n,1
punbah-e miinaa,1
muu-e shiishah,1
daa;g-e ((uyuub-e barahnagii,1
((umr-e ((aziiz,1
taab-e ru;x-e yaar,1
rezah-e almaas,1
qalam-e sar-navisht,1
fashaar-e tangii-e ;xalvat,1
roz-e jazaa,1
bahaanah-e begaanagii,1
vus((at-e .sa;hraa,1
rauzan-e diivaar-e zindaa;n,1
farmaa;n-ravaa-e kishvar-e hinduustaan,1
gardish-e saa;gar-e .sad-jalvah-e rangii;n,1
na:zar-gaah-e ;hayaa,1
aamad-e sailaab-e :tuufaan-e .sadaa-e aab,1
dam-e iijaad,1
rang-e tamaashaa,1
nigaah-e garm,1
kaakul-e sar-kash,1
sarmaayah-e yak-((aalam-o-((aalam,1
baad-e bahaar,1
pa))-e taufiir-e dard,1
su;xan-e garm,1
;xuun-e do-((aalam,1
.suurat-e mihr-e niim-roz,1
za;xm-e rauzan-e dar,1
shikvah-e jaur,1
mi;sl-e jauhar-e te;g,1
naqqaash-e yak,1
aastaan-e yaar,1
bar-ruu-e shash,1
rang-e digar,1
shaam-e firaaq,1
naaz-e muflisaa;n,1
band-e ((ishq,1
dar-e aa))iinah,1
shauq-e ((inaa;n-guse;xtah,1
;xaar-e bistar,1
daa;g-e dil-e bedard,1
ahl-e ;xirad,1
;halqah-e .sad,1
andaaz-e gul,1
zu((m-e junuu;n,1
kasb-e rang-e furo;g,1
shauq-e diidaar,1
raaz-e maktuub,1
kamiin-e be-zabaanii,1
sar-e rahguzaar,1
furo;g-e shu((lah-e ;xas,1
;xariidaar-e mataa((-e jalvah,1
aa))iinah-e baad-e bahaarii,1
zer-e saayah,1
rag-e lail;aa,1
ja;zb-e mu;habbat,1
sharm-e rusvaa))ii,1
kaasah-e garduu;n,1
ulfat-e gul,1
dar-qafaa-e ;xandah,1
ma;hv-e sipaas-e be-zabaanii,1
a.snaam-e ;xayaalii,1
buu-e pairahan,1
mataa((-e hunar,1
maana((-e va;hshat-;xiraamiihaa-e lail;aa,1
roz-e siyaah,1
jalvah-e biinish,1
;gam-e firaaq,1
junuun-e naa-rasaa,1
;garq-e daryaa,1
shaahid-e hastii-e ma:tlaq,1
daur-e saa;gar,1
havas-e shu((lah,1
((aalam-e taqriir,1
;zauq-e dasht-navardii,1
taariikii-e zindaan-e ;gam,1
saa;gar-e mai-;xaanah-e nairang,1
radiif-e shi((r,1
naamuus-e paimaan-e mu;habbat,1
shikvah-sanj-e rashk-e ham-diigar,1
ma;hv-e ta;gaaful,1
jigar-e la;xt-la;xt,1
naqd-e daa;g-e dil,1
jigar-tishnah-e naaz,1
ruu-e aab,1
dil-e naa-daa;n,1
qudrat-e ;haq,1
raaz'haa-e siinah-gudaaz,1
ma;hv-e aaraa))ish,1
qafas-e mur;g-e giriftaar,1
duud-e chiraa;g,1
safar-e ((ishq,1
:tama((-e ;xaam,1
sharaar-e sang,1
naa-tavaanii-e sham((a,1
ranj-e rah,1
siilii-e ;xaaraa,1
lu:tf-e ;xaa.s,1
;huuraan-e ;xuld,1
sivaa-e is,1
kaam-e nihang,1
mar;guub-e but-e mushkil-pasand,1
andaaz-e bayaa;n,1
.sub;h-e bahaar,1
;gala:tiihaa-e ma.zaamii;n,1
fai.z-e havaa,1
daa;g-e :ta((n-e bad-((ahdii,1
ba;hr-e be-karaa;n,1
naa-kaamii-e nigaah,1
za;xm-e te;g-e naaz,1
char;x-e barii;n,1
;xvaab-e ;xvush,1
jaa-e mai,1
((ajz-e himmat,1
bos-e qadam,1
dushman-e arbaab-e vafaa,1
shakl-e nihaalii,1
mad;h-e naaz,1
;gaalib-e shoriidah-;haal,1
takliif-e pardah-daarii-e za;xm-e jigar,1
mauj-e baadah,1
shauq-e munfa((il,1
;hariif-e siyah-mast,1
haul-e dil,1
lab-e baam,1
shaayaan-e dast-o-;xanjar-e qaatil,1
kafiil-e ((umr-o-asad,1
jaagiir-e samandar,1
tangii-e chashm-e ;hasuud,1
buu-e gul,1
sar-e rahguzar,1
:taaqat-e be-daad-e inti:zaar,1
minnat-kash-e davaa,1
ja;zbah-e be-i;xtiyaar-e shauq,1
tamaashaa))ii-e nairang-e tamannaa,1
aurang-e sulaimaa;n,1
paas-e naamuus-e vafaa,1
pursish-e :tarz-e dil-barii,1
sabaq-e shauq,1
;gam-e ((ushshaaq,1
gardish-e rang-e :tarab,1
saamaan-e zang,1
bedaad-e ((ishq,1
nigaah-e shauq,1
gardish-e mudaam,1
marhuun-e ;hinaa,1
dam-e marg,1
pardah-daar-e raaz-e ((ishq,1
nang-e piirii,1
;xuu-e yaar,1
partav-e naqsh-e ;xayaal-e yaar,1
zabuunii-kash-e taa;siir,1
;xaanah-viiraa;n-saazii-e ;hairat,1
paarah-e jigar,1
ajzaa-e pareshaa;n,1
na:zaarah-e nargis,1
saaz-e chaman-:taraazii-e daamaa;n,1
bai.zah-e qumrii,1
dil-e shoriidah-e ;gaalib,1
saaz-e anaa-al-ba;hr,1
.suurat-e duud,1
tamaashaa-e nairang-e .suurat,1
daamaan-e ;xayaal-e yaar,1
gul-dastah-e nigaah,1
ja;zb-e dil,1
((azm-e sair-e najaf-o-:tauf-e ;haram,1
((ajz-e ;hau.salah,1
niiruu-e tan,1
pareshaanii-e ;xaa:tir,1
bedaad-e dost,1
raunaq-e hastii,1
paas-e dard,1
girah-e niim-baaz,1
dushman-e iimaan-o-aagahii,1
afshardah-e anguur,1
zamaanah-e javaanii,1
qafas-e rang,1
((ayaar-e :tab((-e ;xariidaar,1
jauhar-e aa))iinah-e zaanuu,1
gunjaa))ish-e ((adaavat-e a;gyaar,1
:tuufaa;n-gaah-e josh-e i.z:tiraab-e shaam-e tanhaa))ii,1
majlis-furoz-e ;xalvat-e naamuus,1
saakinaan-e ;xi:t:tah-e ;xaak,1
za;hmat-e mihr-e dara;xshaa;n,1
rezish-e sijdah-e jabiin-e niyaaz,1
taar-e nigah,1
ruu-e kaar,1
;haa.sil-e dil-bastagii,1
.zab:t-e aah,1
andoh-e vafaa,1
auj-e :taala((-e la((l-o-guhar,1
iltifaat-e naaz,1
navaa-e mur;g-e giriftaar,1
tan-e ranjuur,1
maah-e shab-e chaar-duham,1
raaz-e nihaa;n,1
kushtah-e la((l-e butaa;n,1
diidah-e tar,1
rishtah-e shiiraazah-e mizhgaa;n,1
shab'haa-e hijraa;n,1
;ha.zrat-e naa.si;h,1
daa;g-e naa-tamaamii,1
ajzaa-e iimaa;n,1
nigaah-e be-mu;haabaa,1
nam-e shabnam,1
:tiflaan-e be-parvaa,1
andeshah'haa-e duur-daraaz,1
barq-e ;xirman,1
;husn-e :talab,1
da((vat-e mizhgaa;n,1
((ishq-e ;xaanah-viiraa;n-saaz,1
dast-e qa.zaa,1
shikvah-e .zu((f-e dimaa;g,1
aahang-e zamii;n,1
man((-e qadam-bos,1
rah-e vaadii-e ;xayaal,1
;guruur-e ;husn,1
navaa-sanj-e fi;gaa;n,1
naqaab-e ;xaak,1
rashk-e savaal-o-javaab,1
taaraaj-e kaavish-e ;gam-e hijraa;n,1
tapish-e dil,1
chiraa;gaan-e sar-e rah-guzar-e baad,1
suu-e qiblah,1
diidah-e ya((quub,1
;xudaavand-e ni((mat,1
lab-e ;xushk,1
rang-e laalah-o-gul-o-nasrii;n,1
:taala((-e bedaar-e bistar,1
;gaalib-e aashuftah-sar,1
mi;sl-e gul-e sham((a,1
tiir-e niim-kash,1
;xvud-raftah-e baidaa-e ;xayaal,1
zindaanii-e taa;siir-e ulfa:t'haa-e ;xuubaa;n,1
ruu;h-e nabaatii,1
;xariidaar-e ;zauq-e ;xvaarii,1
dil-e afsurdah,1
kulfat-e ;xaa:tir,1
baadbaan-e kishtii-e mai,1
sar-garm-e naalah'haa-e sharar-baar,1
yaadgaar-e naalah,1
za;xm-e te;g,1
va.z((-e i;htiyaa:t,1
;xayaal-e ;husn,1
jaraa;hat-e paikaa;n,1
gul-e na;gmah,1
roz-e abr-o-shab-e maah,1
aashob-e ;gam,1
:tilism-e qufl-e abjad,1
bahaa-e mataa((-e hunar,1
mu((iin-e millat-o-mulk,1
saayah-e taak,1
;gubaar-e shauq,1
chiraa;g-e rahguzaar-e baad,1
aa;gosh-e vidaa((-e jalvah,1
jauhar-e andeshah,1
saaqii-e garduu;n,1
kaf-e afsos,1
;xayaal-e :turrah-e lail;aa,1
ajzaa-e nigaah-e aaftaab,1
mizhah'haa-e daraaz,1
sharm-e naa-rasaa))ii,1
te;g-e nigaah-e yaar,1
ta;zkirah-e ;gair,1
be-minnat-e kaimuus,1
:zarf-e tangnaa-e ;gazal,1
shu((aa((-e aaftaab-e .sub;h-e ma;hshar,1
joshish-e fa.sl-e bahaarii,1
;zauq-e ma((aa.sii,1
rahn-e ;gaazah,1
dil-e gum-gashtah,1
par-e parvaanah,1
;gaalib-e va;hshii,1
mauj-e ;xiraam-e yaar,1
ma;hv-e baalish-e kam;xvaab,1
;zauq-e ;xaamah-farsaa,1
shikvah-e be-dast-o-paa))ii,1
bandagii-e buu-turaab,1
siinah-e shamshiir,1
shakeb-e ;xaatir-e ((aashiq,1
arzaanii-e mai-e jalvah,1
muu-e aatish-diidah,1
zakaat-e ;husn,1
;xumaar-e tishnah-kaamii,1
pahluu-e andeshah,1
aab-e barjaa-maa;ndah,1
durd-e tah-e jaam,1
barg-e ((aafiyat,1
;garq-e namak-daa;n,1
chashm-e vaa-gardiidah,1
paasu;x-e maktuub,1
bazm-e butaa;n,1
;xas-e jauhar,1
dil-e be-qaraar,1
baa((i;s-e naumiidii-e arbaab-e havas,1
naazish-e ayyaam-e ;xaakistar-nishiinii,1
sivaa-e baadah-e gul-faam-e mushk-buu,1
chashm-e nargis,1
maana((-e berab:tii-e shor-e junuu;n,1
vahm-e naaz,1
himmat-e ((aalii,1
par-fishaanii-e sham((a,1
te;g-e nigah,1
;hariif-e dam-e ((iis;aa,1
ma;hv-e maah-e kan((aa;n,1
paa-e :taa))uus,1
masaa))il-e ta.savvuf,1
duud-e chiraa;g-e ma;hfil,1
surmah-e muft-e na:zar,1
hijr-e yaar,1
inti:zaar-e .said,1
aab-e zindagaanii-e sham((a,1
dam-e sard,1
i((jaaz-e havaa-e .saiqal,1
;xaal-e kunj-e dahan,1
min-jumlah-e asbaab-e viiraanii,1
pai;gaam-e zabaanii,1
rishtah-e har,1
begaanah-e vafaa,1
((aashiq-e ahl-e karam,1
naa-tamaamii-e nafas-e shu((lah-baar,1
aatish-e ;xaamosh,1
.sadmah-e yak-junbish-e lab,1
kotaahii-e nashv-o-numaa,1
mushtaaq-e la;z;zat'haa-e ;hasrat,1
;ha:z:z-e va.sl,1
shiguftan-e gul'haa-e ((aish,1
;hasrat-parast-e baalii;n,1
.sadaf-e gauhar-e shikast,1
mi;sl-e saayah-e gul,1
((aalam-e tamkiin-o-.zab:t,1
;haal-e shahiidaan-e guzashtah,1
lab-tishnah-e taqriir,1
;xastah-e te;g-e sitam,1
;zauq-e giriftaarii-e ham,1
chashm-e biinaa,1
kaf-e ;xas,1
be-kaarii-e junuu;n,1
ma((shuuq-e sho;x-o-((aashiq-e diivaanah,1
majbuurii-o-da((vaa-e giriftaarii-e ulfat,1
;hall-e mushkil-e ((aashiq,1
ta.savvur-e jaanaa;n,1
be-rab:tii-e ((unvaa;n,1
durdii-kash-e paimaanah-e jam,1
daam-e ;xaalii,1
josh-e ashk,1
:tarab-inshaa-e iltifaat,1
dar-e ganjiinah-e gauhar,1
diivaar-e dabistaa;n,1
mu;hii:t-e aab,1
shaam-e ;hijr,1
zabaan-e sipaas,1
zer-e paa,1
ba;xt-e rasaa,1
;xvaab-e zulai;xaa,1
sang-e fasaa;n,1
saayah-e diivaar-e yaar,1
mast-e mai-e ;zaat,1
;hasrat-e dil,1
shab'haa-e ;hijr,1
duud-e shu((lah-e aavaaz,1
saaz-e aahang-e shikaayat,1
na:z:zaarah-e jamaal,1
jaadaad-e baadah-noshii-e rindaa;n,1
shor-e pand-e naa.si;h,1
kaf-e har,1
paa-e ;xum,1
;halqah-e daam-e ;xayaal,1
kaukabah-e shahryaar,1
;xas-o-;xaashaak-e gulistaa;n,1
jeb-e ;xayaal,1
gustaa;xii-e farishtah,1
maana((-e ;zauq-e tamaashaa,1
nang-e baal-o-par,1
((ar.z-e niyaaz-e ((ishq,1
na:zar'haa-e tez,1
baadah-e shabaanah,1
:taala((-e shauq,1
dam-e samaa((,1
andaazah-e ;xumaar,1
dil-e naalaa;n,1
;hikaayaat-e ;xuu;n-chakaa;n,1
aazurdagii-e yaar,1
qa:trah-e mai,1
havaa-e sair-e gul,1
diidah-e ;xuu;n-naabah-fishaa;n,1
.said-e zabuu;n,1
shikeb-o-.sabr-e ahl-e anjuman,1
gardish-e saiyaarah,1
((umr-e jaavidaa;n,1
diidah-e dil,1
qadr-e sang-e sar-e rah,1
;husn-e tamaashaa-dost,1
pardah-e saaz,1
but-e ;gaaliyah-mo,1
bad-mastii-e har,1
ibn-e maryam,1
barq-e na:zaarah-soz,1
.saiqal-e aa))iinah,1
farsh-e paa-andaaz,1
ma;hruum-e jamaal,1
chashm-e mast,1
:turrah'haa-e ;xam,1
siinah-e ((aashiq,1
dost-daar-e dushman,1
sar-e daaman,1
diidah-e saa;gar,1
mahjuur-e payaam-o-chashm,1
chiraa;gaan-e shabistaan-e dil-e parvaanah,1
;gam-e dunyaa,1
chashm-e ;xuubaa;n,1
muvaa;xa;zah-e roz-e ;hashr,1
;xandah-e gul,1
ahl-e jafaa,1
baa;g-e shiguftah,1
pusht-garmii-e taab-o-tuvaa;n,1
vus((at-e sa((ii-e karam,1
andaazah-e himmat,1
rab:t-e nihaanii,1
qa:t((-e rah-e i.z:tiraab,1
gard-e saa;hil,1
;xaar-e rah,1
kaar-gaah-e hastii,1
abr-e guhar-baar,1
dashnah-e mizhgaa;n,1
:tilism-e pech-o-taab,1
andaazah-e taqriir,1
sargashtah-e ;xumaar-e rusuum-o-quyuud,1
falak-e naa-in.saaf,1
ganjiinah-e ma((nii,1
mash;guul-e ;haq,1
sar-garm-e ;xiraam,1
paa-e gul,1
daur-e qada;h,1
daam-e shuniidan,1
baadah-e doshiinah,1
aa))inah-e inti:zaar,1
nafas-e be-a;sar,1
begaanagii-e ;xalq,1
va((dah-e dil-daar,1
aab-e haft,1
;hariif-e mai-e mard-afgan-e ((ishq,1
dil-e ;hasrat-parast,1
josh-e junuun-e ((ishq,1
parvaaz-e shauq-e naaz,1
pursish-e jaraa;hat-e dil,1
jaam-e mai,1
((aar-e dil,1
ahl-e :talab,1
qa;h:t-e ;gam-e ulfat,1
;gam-e ma;hruumii-e jaaved,1
;xuubaan-e dil-aazaar,1
:tarz-e ta;gaaful,1
shikvah-e hijraa;n,1
taqaa.zaa-e nigah,1
taab-e ranj-e naumiidii,1
shab-e mahtaab,1
kunj-e qafas,1
jaa-e ;xandah,1
tapish-e shauq,1
dar-e ka((bah,1
sar-e har,1
raah-o-rasm-e yaarii,1
diidah-e diidaar-jo,1
maah-e nau,1
guharhaa-e raaz,1
;xa:t-e ru;xsaar-e dost,1
shahinshaah-e kavaakib-sipah-o-mihr-((alam,1
minnat-e :tiflaa;n,1
qadr-e ;hasrat-e dil,1
;gam-;xvaar-e jaan-e dard-mand,1
faut-e fur.sat-e hastii,1
sham((-e maatam-;xaanah,1
.su;hbat-e rindaa;n,1
daa;g-e firaaq-e .su;hbat-e shab,1
shaanah-kash-e zulf-e yaar,1
maa))idah-e la;z;zat-e dard,1
mataa((-e dast-gardaa;n,1
tamaashaa-e ahl-e karam,1
((inaa;n-giir-e ;xiraam,1
barq-e tajallii,1
;xaaliq-e akbar,1
kulfat-e afsurdagii,1
i((timaad-e vafaa-daarii,1
takraar-e dost,1
nagiin-e naam-e shaahid,1
vaqf-e bistar-e sanjaab,1
andoh-e ((ishq,1
havas-e baal-o-par,1
garmii-e bazm,1
ravaanii-e ravish-o-mastii-e adaa,1
be-ayyaam-e gul,1
taar-e zulf,1
shaa))ibah-e ;xuubii-e taqdiir,1
sailaab-e balaa,1
josh-e baadah,1
ma;hv-e pursish'haa-e pinhaanii,1
;xvaab-e gul,1
ruu-e yaar,1
rahn-e su;xan,1
baar-e ;xaa:tir,1
:taaqat-e aashob-e aagahii,1
;hadii;s-e zulf-e ((anbar-baar-e dost,1
sail-e giryah,1
chiraa;g-e ;xaanah-e darvesh,1
sabad-e gul,1
naaz-e giraa;n-maayagii-e ashk,1
parastaarii-e vahm,1
;xvaab-e sangii;n,1
((ishq-o-mazduurii-e ((ishrat-gah-e ;xusrau,1
va;hshat-e dil,1
anjum-e ra;xshindah,1
kotaahii-e qismat,1
naaf-e zamiin,1
niyaaz-e ;hasrat-e diidaar,1
;xaar-;xaar-e alam-e ;hasrat-e diidaar,1
((ar.z-e mataa((-e ((aql-o-dil-o-jaa;n,1
naqsh-e naaz-e but-e :tannaaz,1
qadd-e aadam,1
chashm-e maa,1
fa.sl-e gul,1
siinah-e ahl-e havas,1
but-e ((arbadah-juu,1
:talabgaar-e mard,1
;hariif-e dam-e af((ii,1
duud-e sham((-e kushtah,1
;habaab-e maujah-e raftaar,1
be-shaanah-e .sabaa,1
nairang-e na:zar,1
ahl-e bazm,1
:taaqat-e su;xan,1
ba;xt-e ;xuftah,1
((u;zr-e baarish,1
;gaarat-gar-e naamuus,1
chashmhaa-e kushaadah,1
tapish-e shu((lah-e sozaa;n,1
;halqah-e girdaab,1
;gubaar-e va;hshat-e majnuu;n,1
nishaa:t-e aamad-e fa.sl-e bahaarii,1
fishaar-e .zu((f,1
;zauq-e ;xvaarii,1
bajaa-e ;hasrat-e naaz,1
qulzum-e ;xuu;n,1
biimaar-e dost,1
barq-e ;husn,1
aa;gosh-e balaa,1
taab-e jalvah-e diidaar-e dost,1
havaa-e jalvah-e naaz,1
;hariif-e raaz-e mu;habbat,1
;haqq-e .su;hbat-e ahl-e kunisht,1
jahaan-e ;xaraab,1
kinaar-e ba;hr,1
pardah-e ((amaarii,1
shar;h-e asbaab-e giriftaarii-e ;xaa:tir,1
payaam-e va((dah-e diidaar-e dost,1
chashm-e ;xuu;n-fishaa;n,1
((aari.z-e gul,1
ranj-e naumiidii-e jaaved,1
zabaan-e ahl-e zabaa;n,1
naalah'haa-e bulbul-e zaar,1
tuhmat-kash-e taskii;n,1
abr-e shafaq-aaluudah,1
paarah'haa-e dil,1
baar-e minnat-e mazduur,1
;xauf-e bad-aamozii-e ((aduu,1
farq-e naaz,1
halaak-e ;hasrat-e paa-buus,1
laash-e be-kafan,1
niko-naamii-e farhaad,1
jalvah-e barq-e fanaa,1
dil-e ;haq-shinaas,1
ranj-e baalii;n,1
iqliim-e ulfat,1
za;xm-e kaarii,1
maujah-e sabzah-e nau-;xez,1
;xuu;n-;galtiidan-e bismil,1
;zauq-e na:z:zaarah-e jamaal,1
soz-e nihaa;n,1
rashk-e faarsii,1
jaa;n-gudaazii-e qahr-o-((ataab,1
vafaa-e dilbaraa;n,1
gumaan-e ranjish-e ;xaa:tir,1
lau;h-e jahaa;n,1
nashaa:t-e daa;g-e ;gam-e ((ishq,1
fur.sat-e hastii,1
barshkaal-e giryah-e ((aashiq,1
kaifiyyat-e shaadii,1
chashm-e bad,1
vaqt-e mai-parastii,1
garm-e tamaashaa,1
;xaak-e gulshan,1
;xajlat-e taq.siir,1
rindaan-e dar-e mai-kadah,1
.sub;h-e va:tan,1
na;gmah-e shaadii,1
shor-e ma;hshar,1
jaam-e jam,1
junbish-e lab,1
gul-e laalah,1
i((timaad-e dil,1
paimaanah-e .sahbaa,1
:tarf-e naqaab,1
daa;g-e ;hasrat-e hastii,1
bazm-e ;gair,1
;xa:t:t-e ((aari.z,1
reshah-e .sad,1
bazm-e naaz,1
;zarrah-e ((aashiq,1
sar-chashmah-e diigar,1
suu-e dil,1
kushaad-e ;xaa:tir-e vaa-bastah,1
;xvush-navaayaan-e chaman,1
mizhgaan-e ;xuu;n-fishaa;n,1
nigaah-e naaz,1
dar-havaa-e yak,1
tabassumhaa-e pinhaa;n,1
;haq-e vadii((at-e naaz,1
;xauf-e raqiib,1
sipaas-e la;z;zat-e aazaar-e dost,1
andaaz-e gul-afshaanii-e guftaar,1
