honaa,1722
kaa,560
se,511
me;n,491
nah,416
kih,388
ko,371
kii,296
karnaa,296
ho,290
nahii;n,288
mai;n,285
jaanaa,272
kyaa,240
meraa,240
dil,223
ham,200
bhii,186
vuh,186
to,174
yih,165
aanaa,157
us,148
kahnaa,145
ne,140
honaaa,138
jo,135
teraa,133
aur,125
dekhnaa,122
par,121
;gaalib,112
ko))ii,109
denaa,102
kyuu;n,99
hii,97
pah,94
bah,90
gar,87
phir,75
apnaa,75
har,73
rahnaa,72
gul,70
ay,70
ik,68
kis,68
kuchh,66
tum,61
;gam,58
hotaa,58
jis,56
agar,55
sar,51
ek,50
((ishq,49
marnaa,46
naaz,45
naalah,45
din,42
ban'naa,41
jab,41
kahaa;n,40
tuu,39
ab,39
rakhnaa,39
chaahiye,38
yaar,38
asad,38
sahii,38
;xayaal,37
yuu;n,37
mai,37
jigar,37
lenaa,37
;gair,36
rang,36
hamaaraa,36
jalvah,35
yaa;n,35
;xaak,35
vafaa,35
jaan,35
mauj,35
nikalnaa,34
yaa,34
puuchhnaa,33
milnaa,33
shauq,33
yaad,32
;xudaa,32
nigaah,32
baat,32
liye,31
yak,31
za;xm,31
bazm,30
un,30
jaan'naa,30
ghar,29
samjhnaa,29
khulnaa,29
dam,29
vaa;n,29
achchhaa,28
daa;g,28
haa))e,28
;hasrat,28
tak,28
paanaa,27
na:zar,27
aage,27
chashm,27
qadar,26
sharaab,26
ahl,26
tujh,26
aaj,26
jahaan,26
dost,26
;xuu;n,25
shab,25
dar,25
bahaar,24
magar,24
tamaashaa,24
;zauq,24
baar,24
taa,24
but,24
havaa,23
pa;rnaa,23
jaa,23
aa))iinah,22
kabhii,22
haath,22
junuun,22
;husn,22
lekin,22
u;thnaa,22
varnah,22
hastii,22
((umr,21
rab,21
jalnaa,21
chalnaa,21
kaam,21
qa:trah,21
tamannaa,21
aisaa,21
aap,20
mu;nh,20
daryaa,20
dard,20
paa;nv,20
khe;nchnaa,20
lab,19
kisii,19
aa;xir,19
qiyaamat,19
sham((a,19
paa,19
kam,19
aavnaa,19
diidah,19
rah,18
buraa,18
baa;ndhnaa,18
bahut,18
sun'naa,18
bai;thnaa,18
saknaa,18
dushman,18
nigah,18
saaqii,18
vaqt,18
u;thaanaa,18
likhnaa,18
do,17
mat,17
kyuu;nkar,17
rashk,17
pardah,17
((aalam,17
naqsh,17
((aashiq,17
raqiib,17
andaaz,17
nafas,17
mizhgaan,17
la;z;zat,16
zabaan,16
;haal,16
hanuuz,16
haa;n,16
zulf,16
adaa,16
abhii,16
qismat,16
paas,16
:taaqat,16
hote,16
balaa,16
havas,15
;xandah,15
va;hshat,15
kaafir,15
kab,15
raah,15
lagaanaa,15
siinah,15
samajhnaa,15
use,15
kahii;n,15
tan,15
shu((lah,15
dar-o-diivaar,15
saayah,15
su;xan,14
qadam,14
;xa:t,14
aarzuu,14
ba;gair,14
giryah,14
so,14
jii,14
mi;tnaa,14
garm,14
ma((luum,14
aab,14
baskih,14
barq,14
khaanaa,14
ba((d,14
aa))inah,14
;zarrah,13
har-chand,13
.suurat,13
sab,13
u;rnaa,13
qaatil,13
;xvaab,13
gardan,13
;xuub,13
goyaa,13
sitam,13
yihii,13
chaahnaa,13
aatish,13
ya((nii,13
fur.sat,13
chho;rnaa,13
log,13
;xvush,13
zamaanah,13
guzarnaa,13
taar,13
ulfat,13
tujhe,12
dimaa;g,12
ma;hv,12
lagnaa,12
:tara;h,12
shikvah,12
te;g,12
josh,12
aazmaa))ish,12
va((dah,12
((ar.z,12
bayaan,12
naam,12
baadah,12
;xuun,12
aah,12
bistar,12
ta;gaaful,12
chaak,12
go,12
aa;nkh,12
.sadaa,12
;xabar,12
kaun,12
kaho,12
chaman,12
jauhar,11
;xas,11
inti:zaar,11
garebaan,11
zindagii,11
piinaa,11
laanaa,11
;halqah,11
daam,11
jise,11
.zu((f,11
jafaa,11
juz,11
.sa;hraa,11
az,11
sang,11
vale,11
pinhaan,11
majnuun,11
raat,11
shikaayat,11
mu;habbat,11
;haq,11
diidaar,11
aasaan,10
.sub;h,10
namak,10
jaadah,10
diivaar,10
rag,10
sair,10
;xuu,10
;haa.sil,10
naqaab,10
duur,10
daad,10
dunyaa,10
saath,10
fanaa,10
((aziiz,10
sivaa,10
tiir,10
ranj,10
jiinaa,10
aasmaan,10
kah,10
;xaar,10
be-;xvudii,10
;gaafil,10
nihaan,10
talak,10
jaam,10
hotii,10
baa;g,10
vaa,10
vagarnah,10
maan'naa,9
kaash,9
((aish,9
kuuchah,9
saa;gar,9
paidaa,9
aashnaa,9
.sad,9
vuhii,9
marg,9
vaa))e,9
sharm,9
gumaan,9
mataa((,9
kal,9
bedaad,9
kaf,9
bin,9
a;sar,9
garchih,9
phirnaa,9
baaqii,9
rishtah,9
garmii,9
baare,9
daaman,9
mudda((aa,9
mushkil,9
maa;ngnaa,9
chiraa;g,9
tamaam,8
sailaab,8
ka((bah,8
hogaa,8
qasam,8
bas,8
chiraa;ga,8
;hariif,8
rauzan,8
fareb,8
hay,8
kholnaa,8
qafas,8
ghabraanaa,8
roz,8
rusvaa,8
duud,8
sho;xii,8
na:z:zaarah,8
karam,8
bhalaa,8
ronaa,8
bajaa,8
qadr,8
bhar,8
ruu,8
raaz,8
pareshaan,8
taab,8
saaz,8
bosah,8
dast,8
zamiin,8
nashaa:t,8
.su;hbat,8
saamaan,8
be-taab,8
((ajz,8
falak,8
va.sl,8
dasht,8
vah,8
zanjiir,8
mur;g,7
((ahd,7
lail;aa,7
pursish,7
aa;nkho;n,7
gulistaan,7
bhaagnaa,7
qatl,7
suu,7
imti;haan,7
chhe;rnaa,7
tang,7
yuusuf,7
naa;xun,7
zindaan,7
fa.sl,7
shor,7
lahuu,7
naamah-bar,7
man:zuur,7
salaamat,7
aazaar,7
mah,7
pahle,7
gardish,7
surmah,7
aa;gosh,7
tasallii,7
;gunchah,7
ru;x,7
;hairat,7
;xaraab,7
dekho,7
itnaa,7
mast,7
davaa,7
abr,7
faryaad,7
;xaanah,7
;hinaa,7
umiid,7
;xaa:tir,7
jeb,7
aag,7
.sabaa,7
ruknaa,7
himmat,7
sabzah,7
judaa,7
rahii,7
bulbul,7
rusvaa))ii,7
shikast,7
taskiin,7
na;gmah,7
mizhah,7
;darnaa,7
bhuulnaa,7
mubaarak,7
tab,7
sham((,7
aamad,7
kushtah,7
mi;sl,7
taqaa.zaa,7
furo;g,7
biimaar,7
fitnah,7
da((v;aa,7
shaah,7
baazaar,7
taa;siir,7
buu,7
;xi.zr,6
pasand,6
maarnaa,6
dahr,6
band,6
aavaaz,6
;xaamah,6
raftaar,6
vidaa((,6
firaaq,6
:zaahir,6
in,6
ta.savvur,6
muddat,6
shabnam,6
vahm,6
((aduu,6
;haqiiqat,6
aastaan,6
lu:tf,6
du((aa,6
;xiraam,6
partav,6
aadmii,6
char;x,6
bisaa:t,6
dikhaanaa,6
tavaqqu((,6
sitamgar,6
;xam,6
:zaalim,6
ajzaa,6
((adam,6
bekasii,6
takalluf,6
gard,6
tumhaaraa,6
mai-;xaanah,6
tez,6
nang,6
nairang,6
gosh,6
tark,6
giriftaar,6
baad,6
;daalnaa,6
girnaa,6
gulshan,6
;xvurshiid,6
bayaabaan,6
hangaamah,6
;hairaa;n,6
qaid,6
gilah,6
jaise,6
tangii,6
hujuum,6
;haif,6
mazah,6
vaah,6
tar,6
;xalq,6
;hisaab,6
muu,6
sarv,6
maana((,6
;xvud,6
;zikr,6
kashmakash,6
pairaahan,6
jitnaa,6
ra;hm,6
ashk,6
;xanjar,6
ma:tlab,6
gauhar,6
;hayaa,6
javaab,6
ma;hfil,6
baaliin,5
vaas:tah,5
idhar,5
kuu,5
tadbiir,5
darbaan,5
((u;zr,5
jam((a,5
vi.saal,5
guzar,5
jaraa;hat,5
;gala:t,5
hijr,5
;xuun-chakaa;n,5
sazaa,5
baal-o-par,5
ta.sviir,5
((ajab,5
chupnaa,5
i.z:tiraab,5
soz,5
:talab,5
;gubaar,5
suvaidaa,5
mukarrar,5
((ishrat,5
qa.zaa,5
ghisnaa,5
((ushshaaq,5
maanind,5
dashnah,5
;xirman,5
muqaabil,5
saa,5
chaahe,5
baab,5
garduun,5
jagah,5
niyaaz,5
;xaalii,5
bulaanaa,5
taqriir,5
diivaanah,5
:tarz,5
ma;hshar,5
safar,5
usii,5
naa.si;h,5
navaa,5
kashaakash,5
dandaan,5
zaanuu,5
maujah,5
be-vafaa,5
a;hbaab,5
va:tan,5
mai-kadah,5
punbah,5
anjuman,5
andeshah,5
vus((at,5
miinaa,5
qada;h,5
saadagii,5
sa;xt,5
chaar,5
;xariidaar,5
saa;hil,5
sho;x,5
i((tibaar,5
;xaamoshii,5
:zulm,5
ba;hr,5
lo,5
na;zr,5
aaftaab,5
jamaal,5
shaam,5
nashshah,5
shiishah,5
guftaar,5
raushan,5
;xuld,5
rote,5
kaavish,5
:taraf,5
saudaa,5
mihr,5
gadaa,5
ishaarah,5
gunaah,5
laakh,5
gilaa,5
;hu.zuur,4
;xalvat,4
sakuun,4
;zarre,4
kahyo,4
goshah,4
rasaa,4
sa((ii,4
be-takalluf,4
.sarf,4
dono;n,4
((aafiyat,4
vaj'h,4
parvaanah,4
;xvaahish,4
ha;nsnaa,4
baal,4
hazaar,4
naa-umiidii,4
qumrii,4
zaahid,4
aaraam,4
naa-tavaanii,4
laalah,4
qiblah,4
hunar,4
farsh,4
hone,4
kaisaa,4
dukh,4
raftah,4
pesh,4
zabaanii,4
rahn,4
patthar,4
kha;taknaa,4
:taala((,4
aazmaanaa,4
nishaan,4
qaa.sid,4
bad-gumaanii,4
;xum,4
;xvushii,4
fikr,4
;tapknaa,4
vaa((i:z,4
zaar,4
daur,4
shakl,4
.sahbaa,4
sa;har,4
udhar,4
shahr,4
dahan,4
:tuu:tii,4
;gamzah,4
guhar,4
pareshaanii,4
;ha.zrat,4
nigaar,4
raa;hat,4
chhu;tnaa,4
dau;rnaa,4
pech-o-taab,4
baahar,4
bihisht,4
angusht,4
giriftaarii,4
pahu;nchnaa,4
ulajhnaa,4
nab.z,4
;thahrnaa,4
ka;tnaa,4
.zab:t,4
shamshiir,4
bad-;xuu,4
dahaan,4
ma((nii,4
faa))idah,4
baa((i;s,4
biga;rnaa,4
sar-garm,4
tapish,4
bahaarii,4
junbish,4
aashiyaan,4
andaazah,4
zindagaanii,4
paimaan,4
naumiidii,4
viiraanii,4
vujuud,4
dikhlaanaa,4
badlaa,4
;xumaar,4
shaayad,4
minnat,4
:tuufaan,4
dostii,4
bar-:taraf,4
afsurdagii,4
:tilism,4
sunaa,4
kohkan,4
;gam-;xvaar,4
muzhdah,4
naazuk,4
qais,4
;xvushaa,4
z,4
iimaan,4
shahiid,4
:turrah,4
;tuu;tnaa,4
maah,4
sau,4
chhupaanaa,4
jabiin,4
:tarab,4
kamaal,4
al-l;aah,4
paarah,4
ravaanii,4
mu;hii:t,4
;xaraabii,4
dar-;xvur,4
diivaar-o-dar,4
juu,4
kaa;ga;z,4
kafan,4
rah-guzar,4
be-daad,4
((uryaa;n,4
hameshah,4
bismil,4
nikaalnaa,4
qalam,4
aagahii,4
maut,4
arbaab,4
sozan,4
viiraan,4
naamuus,4
mastii,4
la;rnaa,4
shaadii,4
bad-gumaan,4
hosh,4
a.sl,4
shabistaan,4
kalaam,4
be-sabab,4
;guruur,4
jihat,3
auj,3
((arsh,3
rafuu,3
va;hshii,3
afsos,3
ma.zmuun,3
hamah,3
dushmanii,3
dho,3
miir,3
qad,3
fai.z,3
qaraar,3
sharaar,3
;gaib,3
aabilah-paa,3
ham-su;xan,3
gor,3
;xamosh,3
kamiin,3
rone,3
faari;g,3
doza;x,3
musht,3
saamne,3
be-qaraarii,3
tajallii,3
sa((y,3
be-;hijaab,3
bose,3
ma;hruumii,3
;haram,3
((anqaa,3
jallaad,3
tanhaa))ii,3
raunaq,3
;xa:taa,3
vaa-bastah,3
jaaved,3
ugnaa,3
safiinah,3
pardah-daarii,3
talvaar,3
ri.zvaan,3
ziyaadah,3
.zid,3
shi((r,3
to;r,3
mar;habaa,3
i;hsaan,3
mushtaaq,3
:tabii((at,3
qudrat,3
gul;xan,3
nak'hat,3
tim;saal,3
javaanii,3
.sad-rang,3
aabruu,3
dil-lagii,3
qaamat,3
gul-chiin,3
ta;hriir,3
dihqaan,3
iijaad,3
nadiim,3
zahr,3
savaal,3
nishaa:t,3
batlaanaa,3
aafat,3
za;xmii,3
utarnaa,3
;hau.slah,3
:zarf,3
girah,3
kaar-o-baar,3
ru;x.sat,3
:ta((nah,3
((uryaanii,3
sipaas,3
rind,3
alam,3
siilii,3
ba;xyah,3
;xauf,3
tamkiin,3
shevah,3
;xaa.s,3
nashv-o-numaa,3
charchaa,3
.zaamin,3
bahtar,3
;gurbat,3
:tauq,3
zer,3
;zaraa,3
;had,3
fi;gaan,3
aavaaragii,3
khodnaa,3
mudda((ii,3
zunnaar,3
piichhe,3
raho,3
((aam,3
ash((aar,3
ham-dam,3
par-afshaan,3
nabard,3
baal-kushaa,3
;havaadi;s,3
;haalat,3
kaan,3
nasiim,3
la;xt,3
dars,3
nau,3
chhi;raknaa,3
sijdah,3
thamnaa,3
taazah,3
rozgaar,3
((uqdah,3
((unvaa;n,3
paasbaan,3
begaanagii,3
iltifaat,3
;xalish,3
vaa-rastagii,3
rizq,3
baraabar,3
kaun-saa,3
faraa;gat,3
banaanaa,3
andoh,3
dhokaa,3
vabaal,3
chhuu;tnaa,3
agarchih,3
afsurdah,3
qar.z,3
;xamyaazah,3
naa-chaar,3
mazaa,3
;hijaab,3
i((timaad,3
suraa;g,3
yak-qalam,3
bahaanah,3
baaz,3
baalish,3
tanhaa,3
rahzan,3
((adaavat,3
koh,3
pare,3
makaan,3
insaan,3
karo,3
talaafii,3
andar,3
shash,3
mausam,3
galii,3
halaak,3
bujhnaa,3
bahaa,3
besh,3
be-mihr,3
aazaadii,3
;xafaa,3
((ar.sah,3
vaadii,3
va.z((a,3
hijraan,3
((andaliib,3
saraapaa,3
tasliim,3
:tuufaa;n,3
maanaa,3
sha;x.s,3
;xaa;n,3
aazurdah,3
;savaab,3
shaahid,3
aaraa))ish,3
hove,3
;xamoshii,3
khi;nchnaa,3
naa-tamaamii,3
dushvaar,3
utnaa,3
chand,3
ul;tnaa,3
sharmaanaa,3
be-a;sar,3
farhaad,3
fard,3
((iid,3
muhr,3
farq,3
paar,3
be-jaa,3
kamaan,3
nafrat,3
khel,3
;xastah,3
;xizaa;n,3
muft,3
sataanaa,3
namak-daan,3
malaamat,3
faraaham,3
nikohish,3
maktab,3
sharmindah,3
;huur,3
raa.zii,3
aabaad,3
bulandii,3
.said,3
ravaan,3
marham,3
;gaflat,3
paanii,3
jam,3
naazish,3
laavnaa,3
shiiriin,3
maktuub,3
mihrbaan,3
paikaan,3
ta((miir,3
kise,3
mad;h,3
ja;zbah,3
bharnaa,3
;harf,3
sub;hah,3
taqriib,3
shiiraazah,3
ham-zabaan,3
maqdam,3
aatish-kadah,3
paimaanah,3
diid,3
kitnaa,3
bandagii,3
ba;xshnaa,3
biinish,3
dabnaa,3
bun,3
((aajiz,3
pai;gaam,3
;haalaa;nkih,2
be-zabaanii,2
aahang,2
((araq,2
((aalii,2
pa;rhnaa,2
bijlii,2
ta((n,2
maatam,2
dandaan-numaa,2
suno,2
dil-farebii,2
arzaanii,2
mu;xta.sar,2
laraznaa,2
mashq,2
ma((aa.sii,2
((aari.z,2
maq.sad,2
baadah-noshii,2
vaa-maa;ndagii,2
;xastagii,2
numaayaan,2
naa-kaam,2
dikhlaana,2
mu((taqid,2
batlaa))o,2
((ilaaj,2
nii;nd,2
reshah,2
kha;raa,2
zangaar,2
iqliim,2
yaaraan,2
i;xtiyaar,2
gavaaraa,2
tamaashaa))ii,2
re;xtah,2
:taraavat,2
i;sbaat,2
idraak,2
((iis;aa,2
dharnaa,2
ulfa:t,2
aahuu,2
ro,2
daanah,2
;xa:t:t,2
mushkiin,2
daanaa,2
kisliye,2
jigar-tishnah,2
;xvaarii,2
naa-sazaa,2
be-zaar,2
nashtar,2
bazm-aaraa))ii,2
tuhmat,2
piir,2
hangaam,2
gurezaan,2
sunaanaa,2
chiiz,2
kyuu;nkih,2
sharar-baar,2
khod,2
za;hmat,2
bayaabaan-navard,2
chahrah,2
kulfat,2
badan,2
mu:trib,2
paarsaa))ii,2
bar,2
taa;xiir,2
bad,2
baa,2
bashar,2
aadam,2
piyaalah,2
tamhiid,2
ruu;h,2
likhvaanaa,2
biimaar-daar,2
ba;ndhnaa,2
naumed,2
minnat-kash,2
zamzam,2
kaarii,2
yaas,2
asad-ul-l;aah,2
nargis,2
asiirii,2
mu.siibat,2
gulzaar,2
chaarah,2
((inaan-giir,2
naaf,2
ra;hmat,2
nihaanii,2
almaas,2
guzaaraa,2
:tiflaa;n,2
mi.sr,2
libaas,2
sote,2
be-taabii,2
;gala:tii,2
vafaadaarii,2
.sub;h-dam,2
vaqf,2
bahr,2
kotaahii,2
saraab,2
bar-ham,2
ma.zaamiin,2
yaqiin,2
nisbat,2
mahtaab,2
bataanaa,2
laf:z,2
diigar,2
daabnaa,2
naamah,2
saa))il,2
javaahir,2
((ibaarat,2
jaarii,2
gunjaa))ish,2
rasaa))ii,2
ta((ajjub,2
saraapaa-naaz,2
naved,2
gul-farosh,2
madaar,2
juuyaa,2
;than;daa,2
;hijr,2
jam((-o-;xarj,2
saal,2
jaa))o,2
mauquuf,2
.sar.sar,2
la;raa))ii,2
si;hr,2
kaakul,2
jhuknaa,2
faryaadii,2
mu((aamilah,2
be-raunaqii,2
na:zaarah,2
na((sh,2
nishaanii,2
qaabil,2
manzil,2
justajuu,2
;xushk,2
barahman,2
((aqd,2
rab:t,2
;xvud-aaraa,2
sitam-gar,2
daftar,2
but-;xaanah,2
kau;sar,2
chuknaa,2
jin,2
sabaq,2
naa-kaamii,2
shoriidah,2
shaa;x,2
dildaar,2
puuchhmaa,2
guzar-gaah,2
aglaa,2
a;gyaar,2
chaal,2
baras,2
baraa,2
khilnaa,2
pho;rnaa,2
na:zaarah-soz,2
gadaa))ii,2
zar,2
kahaanii,2
aa))o,2
tu;hfah,2
.sayyaad,2
naa-rasaa,2
zor,2
aashuftah-bayaanii,2
naz((,2
sau;npnaa,2
;xuun-fishaa;n,2
gul-o-laalah,2
;ganiimat,2
be-vafaa))ii,2
sarmaayah,2
zahe,2
aatish-zadah,2
gulsitaan,2
;saabit,2
man:zar,2
isti;gnaa,2
biinaa,2
qabuul,2
qahr,2
na.siib,2
shikan,2
miirzaa,2
qufl,2
man((,2
bolaa,2
((aar,2
;gara.z,2
gustaa;x,2
yaktaa,2
lipa;tnaa,2
.sabr-aazmaa,2
kardah,2
pai,2
takraar,2
jahaan-taab,2
kaar,2
jaur,2
giitii,2
naa-daan,2
shu((aa((,2
ziyaan,2
mor,2
ruu-kash,2
;dhuu;n;dnaa,2
majlis,2
sach,2
jalvah-garii,2
;haajat,2
lagaa))o,2
pusht,2
andher,2
mard,2
par-fishaanii,2
siyaah,2
mabaadaa,2
nekii,2
achchho;n,2
jastah,2
naqshah,2
tausan,2
;xuun-bahaa,2
;tapaknaa,2
bai.zah,2
saakinaan,2
buu-ul-havas,2
darmiyaan,2
vahaa;n,2
ta((liim,2
vohii,2
dabistaan,2
i((jaaz,2
vo,2
bachnaa,2
taubah,2
be-mu;haabaa,2
qaul,2
a;hraam,2
:tarf,2
;gazal,2
shuguftan,2
pur-;xaar,2
vadii((at,2
ma;hruum,2
re,2
rahguzaar,2
baadshaah,2
((ibrat,2
u;nglii,2
kaashaanah,2
haay,2
;hinaa))ii,2
puuchho,2
tihii,2
darvesh,2
.saiqal,2
itraanaa,2
kan((aan,2
;xuun-baar,2
jaamah,2
navaazish,2
naa-mihrbaan,2
pur,2
kaar-farmaa,2
taak,2
be-sar-o-paa,2
janaazah,2
gul-fishaanii,2
sharar,2
zinhaar,2
:tab((a,2
i:zhaar,2
figaar,2
daraaz,2
takliif,2
mushaahadah,2
ba;xt,2
maan,2
ham-aa;goshii,2
rotaa,2
hazaaro,2
be-i;xtiyaar,2
ja;zb,2
guftaguu,2
ganjiinah,2
naa-muraad,2
ak;sar,2
gum,2
zindaanii,2
kunj,2
naavuk,2
;xaanah-viiraanii,2
mihr-o-vafaa,2
sang-o-;xisht,2
;gash,2
tesah,2
kisht,2
aan,2
naqd,2
;gam-;xvaarii,2
pii;tnaa,2
naagahaan,2
ba;rhnaa,2
ustaad,2
rangiin,2
mu;ndnaa,2
qi.s.sah,2
giraan,2
paikar,2
be-mihrii,2
ubharnaa,2
imkaan,2
asiir,2
nayaa,2
barg,2
sa:tvat,2
parvaaz,2
pa))e,2
thaknaa,2
ka))ii,2
((aba;s,2
gustaa;xii,2
ravaa,2
ma((shuuq,2
((aarif,2
furqat,2
dasht-navardii,2
ijaazat,2
shah,2
shai,2
ranjish,2
abjad,2
badii,2
masii;haa,2
be-zabaan,2
taq.siir,2
baham,2
bataa))o,2
zumurrud,2
sar-navisht,2
chiraa;gaan,2
saat,2
raaz-daan,2
daamaan,2
na;xvat,2
daa))im,2
qiimat,2
;dhuu;n;dhnaa,2
javaan,2
samandar,2
buraa))ii,2
kamar,2
tishnah,2
:zann,2
rahguzar,2
binaa,2
a;hvaal,2
shikaar,2
ashk-baarii,2
sabzah-o-gul,2
dare;g,2
aashuftah-sar,2
maal,2
dho))e,2
pusht-garmii,2
diivaaro,2
taqdiir,2
alif,2
muqaddamah,2
rokaa,2
ziyaarat-gaah,2
tim;saal-daar,2
farmaavnaa,2
;hasrat-parast,2
shar;h,2
qatl-gah,2
sabz,2
tah,2
ranjuur,2
ruubaruu,2
;hashr,2
zahrah,2
da((vat,2
da((vaa,2
aazaad,2
giraan-jaanii,2
daliil,2
sitam-zadah,2
diivaanagii,2
sarshaar,2
suud,2
pataa,2
pilaanaa,2
;hazii;n,2
faraa;g,2
durust,2
((aks,2
.saa;hib,2
asbaab,2
tundii,2
((alii,2
nisyaan,2
laazim,2
saraasar,2
laag,2
:tuur,2
;gaarat-gar,2
masjid,2
kidhar,2
marjaan,2
bodaa,2
biim,2
mai-kashii,2
aashob,2
aa))inah-siimaa,2
pahluu,2
paak,2
qulzum,2
sail,2
bhed,2
;xas-o-;xaashaak,2
:taaq,2
;ha;zar,2
banaa))o,2
sitaarah,2
munfa((il,2
jannat,2
zulai;xaa,2
shaad,2
qa:t((,2
;gazal-;xvaanii,2
kinaarah,2
qabaa,2
yak-bayaabaan,2
be-qaraar,2
shumaar,2
((amal,2
ustuvaar,2
sard,2
;xvur,2
;xiyaabaa;n,2
farishtah,2
jaan-gudaaz,2
hayuul;aa,2
ru;xsaar,2
ham-safar,2
be-parvaa,2
dosh,2
barsaat,2
maqaam,2
gaalii,2
maqduur,2
be-niyaazii,2
ya((quub,2
aab-giinah,2
sar-taa-sar,2
ka;srat,2
joshish,2
puujnaa,2
rakhyo,2
na;xchiir,2
;darnaae,2
.salaa,2
((u;zr-;xvaah,2
aashuftagii,2
aab-o-havaa,2
nus;xah,2
gau;n,2
bhes,2
laalah-kaarii,2
jins,2
gavaah,2
kaasah,2
jaulaan,2
khai;nchnaa,2
namuud,2
af((ii,2
ham-saa,2
.sirf,2
ham-saayah,2
tabassum,2
;garq,2
;hasad,2
do-((aalam,2
buud,2
shahiidaan,2
juzv,2
pur-;xuun,2
kuhan,2
aabilo;n,2
nuur,2
;xuubii,2
((ibaadat,2
parvaa,2
daastaan,1
bad-naam,1
iltihaab,1
gomago,1
;haqq,1
;xuub-ruuyo;n,1
fanaa-ta((liim,1
;xvurshiid-jamaal,1
mihr-baan,1
parii,1
sar-gashtagii,1
saf;hah,1
naavuk-figan,1
furuu((,1
mahiinah,1
tapiidan,1
reshah-davaanii,1
sa;nbhalnaa,1
a((:zam,1
naaqi.s-o-kaamil,1
mu;haabaa,1
iltijaa,1
chii;xnaa,1
radiif,1
jhaga;rnaa,1
qadam-bos,1
var:tah,1
goshe,1
nazaakat,1
dilbar,1
maatam-;xaanah,1
be-ayyaam,1
paka;rnaa,1
akbar,1
majbuurii-o-da((vaa,1
.saiyaad,1
bharam,1
.sul;h,1
kul,1
zindah,1
:tayuur,1
jalvah-zaar,1
mu;xaalif,1
;hasb,1
liijo,1
((alaavah,1
bad-mastii,1
;hujrah,1
;xamoshiyo;n,1
dost-daar,1
ravish,1
sikandar,1
ayyaam,1
vadii((at-;xaanah,1
chaarah-saazii,1
ni((mat,1
;haajaat,1
aa;zar-fishaa;n,1
dil-o-mizhgaa;n,1
pardaaz,1
ka;raa,1
bah-;zarrah,1
pariizaad,1
sang-dil,1
mar;guub,1
raah-guzaar,1
shoriidagii,1
dast-gaah,1
te;g-aazmaa,1
;hairat-kadah,1
parhez,1
haihaat,1
imtiyaaz,1
piyaalah-o-saa;gar,1
durd,1
ishaaraa,1
tho;rii,1
;duubnaa,1
kaar-gaah,1
harzah,1
ishaarat,1
niilii-faam,1
just-juu,1
dafn,1
nuur-ul-((ain,1
lab-o-dandaa;n,1
be-daad-gar,1
dast-giirii,1
aa))iyo,1
mutaqaabil,1
;hikmat,1
kushaayish,1
ra;xshindah,1
kaav-kaav,1
chande,1
mard-afgan,1
rast;xez-andaazah,1
;xa:tar,1
((adaalat,1
;hikaayat,1
sikhaanaa,1
baavujuud,1
lat,1
suruur,1
janaab,1
;taalnaa,1
rastaa,1
be-dard,1
;gariibii,1
aasaa))ish,1
dar-pardah,1
be-kafan,1
daa;nt,1
barahnagii,1
nahii,1
be-gunah-kush-o-;haq,1
shab-o-roz-o-maah-o-saal,1
;hijaab-o-vidaa((,1
zabuun,1
((uhdah,1
iqbaal,1
;xvud-raftah,1
diijiyo,1
;xvud-biin-o-;xvud-aaraa,1
paadaash,1
do-niim,1
((ayaar,1
ghabraana,1
lu;taanaa,1
ra.zaamand,1
faanuus,1
inti:zaam,1
be-karaan,1
pech-o-;xam,1
phiro,1
hangaamah-aaraa,1
kaukabah,1
saaqii-o-;zauq,1
((aish-o-jaah,1
baa;ndhaa,1
;gayuur,1
chashmak,1
jaavidaanii,1
palak,1
daar-o-rasan,1
sotaa,1
munaajaat,1
tashviish,1
aastiin,1
naadaan,1
sahl,1
baraat,1
chang-o-rabaab,1
.sa;hraa-navard,1
jaan-sitaan-tar,1
.suurate;n,1
be-;xuun,1
qaa))il,1
kaam-o-dahan,1
pai-ravii,1
do-((aalam-dasht,1
rangiin-navaa))ii,1
raakh,1
diivaan,1
yak-kaf,1
dhamkii,1
dil-barii,1
jigar-;xaraash,1
buu;nd,1
dil-daar,1
shiishah-o-qada;h-o-kuuzah-o-sabuu,1
badalnaa,1
i((tidaal,1
darmaa;ndagii,1
be-savaal,1
;xair-baad,1
vakiil,1
be-darvaazah,1
:taali((,1
pahchaan'naa,1
.suur,1
;husain,1
neshtar,1
mai-parastii,1
ram,1
;xajaalat,1
rau,1
lahnaa,1
;gazal-;xvaa;n,1
((umr-o-asad,1
gul-katar,1
pindaar,1
paidaa))ii,1
daaman-afshaanii,1
laalah-zaar,1
ta((ziir,1
daam-gaah,1
mukaukab,1
qad-o-gesuu,1
nek,1
;xvush-navaayaan,1
baavar,1
buu-turaab,1
shiguftah,1
miinaa))ii,1
shiguftan,1
kaa))ii,1
majbuur,1
diyaar,1
niim-;gamzah,1
vafaadaar,1
maa;ndagii,1
sipand,1
ma;gfarat,1
reshagii,1
amaa;n,1
fardaa-o-dii,1
iimaan-o-aagahii,1
va;hshat-o-sheftah,1
.suurat-;xaanah,1
sozaan,1
kap;rah,1
daf((,1
ziinat,1
mu.savvarii,1
biinaa))ii,1
be-mai,1
jamshed,1
;xaashaak,1
;huuraan,1
paasbaanii,1
;gulaam,1
piirii,1
((iyaadat,1
guunah,1
gauhar-farosh,1
;xvaastah,1
najaf-o-:tauf,1
shiir,1
gahvaarah-junbaanii,1
((aalam-taab,1
azal,1
kufr,1
fidaa,1
giraan-nishiin,1
jalvah-farmaa))ii,1
aashuftah-saro;n,1
;xayaalii,1
martabah,1
((i:tr-saa,1
.sabr,1
tiryaakii,1
parnii,1
numuud,1
be-chain,1
but-kadah,1
navaa-sanj,1
nu:tq,1
;xuubaan,1
sam,1
dukhnaa,1
dil-furoz,1
kuudakii,1
aah-o-fi;gaa;n,1
dil-o-jaa;n,1
siikhnaa,1
mun;harif,1
dast-o-baazuu,1
taaliif,1
kisuu,1
zuhd,1
be-.sadaa,1
;zillat,1
;xair,1
((alam,1
:zaahira:n,1
qahr-o-((ataab,1
:tuulaanii,1
sar-sabz,1
bove,1
;xvudaa,1
mai-o-saa;gar,1
jeb-o-daaman,1
ayaa;g,1
bastii,1
shuhuud-o-shaahid-o-mashhuud,1
shinaavar,1
baknaa,1
dallaal,1
namruud,1
inti.zaar,1
shahinshaah,1
na:zar-gaah,1
rahzanii,1
hamvaar,1
saadah-dil,1
chun'naa,1
malak-ul-maut,1
dost-daarii,1
ta.savvuf,1
tund,1
chipaknaa,1
karo;r,1
diin-o-dil,1
aatish-baar,1
:tay,1
laraznnaa,1
tuu;nbnaa,1
tishnah-lab,1
humaa,1
rindaanah,1
faqa:t,1
.sub;h-o-mihr,1
yahaa;n,1
:tuufaan-gaah,1
nihaalii,1
mashhad,1
darbaanii,1
mubaddal,1
tabaahii,1
ma;hramii,1
diidah-o-dil,1
taraashaa,1
asiiro;n,1
riyaa))ii,1
farmaa))o,1
diivaar-juu,1
maqtal,1
chhupnaa,1
aazaadah-o-;xvud-bii;n,1
daryaa-aashnaa,1
;hayaat,1
baa-ham-digar,1
;xusrau,1
;xusrav,1
;hikaayaat,1
ganj,1
lakiir,1
bole,1
guldastah,1
siim-tan,1
millat-o-mulk,1
shakeb,1
tajaahul-peshagii,1
;xvaab-naak,1
ham-diigar,1
suruur-o-soz,1
siyah,1
shafaq,1
be-sharaab-o-dil,1
o,1
kaamyaab,1
shafaa,1
qafaa,1
mansuub,1
sar-o-barg,1
dafiinah,1
raft,1
yak-jahaan,1
udaas,1
baarish,1
burdan,1
rakaab,1
bahraa,1
madrasah,1
mu((iin,1
sufrah,1
paa))idaarii,1
ugaanaa,1
dil-pa;ziir,1
taab-o-tavaa;n,1
faaqah-mastii,1
baidaa,1
piyo,1
anjum,1
be-gunah,1
giraan-maayah,1
;xaatir,1
kushuudah,1
zard,1
;hujjat,1
;xvushaamad-:talabo;n,1
ham-raah,1
ek-saa,1
;xuun-naab,1
;daraanaa,1
daulat-o-dii;n,1
;xuun-rez,1
zang,1
tadarv,1
tis,1
sharaab-;xaanah,1
mukaafaat,1
.sa;hraa-gard,1
naazuk-badan,1
aashnaa))ii,1
shabaanah,1
raah-zan,1
.suvar,1
niyaam,1
dushvaar-pasand,1
baajaa,1
be-dil,1
;hau.salah,1
rok,1
bai.zah-aasaa,1
dil-aashuftagaan,1
afsaanah,1
be-ka;saafat,1
((al;aa-al-ra;gm-e,1
giryah-o-lab,1
nuktah-saraa,1
;xaan-maan,1
lagaava;t,1
((aliih,1
((aashiqii,1
be-dimaa;gii,1
dil-o-dii;n,1
fu.zuul-o-jur))at,1
aatish-parast,1
be-;haa.sil,1
baaziichah,1
taab-o-tuvaa;n,1
;xaamah-farsaa,1
.sadmah,1
na;xshab,1
taraavish,1
naa-;xvush,1
be-iltifaatii,1
anjaam,1
be-shaanah,1
baadah-;xvaar,1
vafaa-daarii,1
;xafaa))ii,1
naa-;xudaa,1
ikraam,1
be-adab,1
kisvat,1
au.zaa((,1
anguur,1
va;hshat-kadah,1
kaa))inaat,1
shaadaab,1
bikharnaa,1
dhaul-dhappaa,1
jaan-daadah,1
be-;hijaabii,1
.sad-daanah,1
jurm,1
naa.siyah-saa,1
jaan-kaahii,1
marhuun,1
bos,1
daaman-o-taar,1
;xuftah,1
navaa-pardaaz,1
mai-o-angabiin,1
kaa;tnaa,1
baad-pemaa))ii,1
naa-saaz,1
dil-bastagii,1
raahbar,1
mu.z:tarib,1
sar;had,1
payaam,1
dikhaa))ii,1
sako,1
laa))iq,1
naayaab,1
shab-rau,1
shiguftagii,1
savaar,1
maafaat,1
saa;gar-o-miinaa,1
:tuufaanii,1
shu((aa,1
bad-mast,1
hushyaar,1
majruu;h,1
ibn,1
maanii,1
na.sii;hat-niyosh,1
naa-shinaas,1
sho;x-o-((aashiq,1
:taa))uus,1
jazaa,1
dijlah,1
shoriidah-;haal,1
josh-o-;xarosh,1
ni;saar,1
bar-paa,1
maa,1
chaman-:taraazii,1
aurang,1
((anbar-baar,1
laalah-o-gul,1
nuq.saan,1
kam;xvaab,1
mudda((aa-:talabii,1
tale,1
.sabr-:talab,1
mubtalaa,1
kulah,1
jalvah-gaah,1
((inaayat,1
shaanah-kash,1
armaan,1
muyassar,1
kaliisaa,1
cha;rhnaa,1
dillii,1
kaimuus,1
ma((aanii,1
fariiduun-o-jam-o-kai;xusrav-o-daaraab-o-bahman,1
dushnaam,1
nok,1
sabab,1
sabad,1
aa))inah-daar,1
sipaarii,1
zanaan,1
payaam-o-chashm,1
;gariib,1
vaam,1
magas,1
bhuukaa,1
shaanah,1
andoh-rubaa,1
samaa((,1
guftguu,1
ta;hammul,1
mu((aamalah,1
rag-o-pai,1
jalvah-rezii,1
subuk-sar,1
be-;xabar,1
.saf,1
aabaadii,1
ma.sla;hat,1
aavaarah,1
junuun-jaulaan,1
chaman-o-;xuubii,1
be-nang-o-naam,1
palang,1
guftago,1
burdah,1
sitam-kash,1
tasbii;h,1
:tu((mah,1
bar-sabiil,1
((izz-o-naaz,1
nayyar,1
ma((ri.z,1
sa;harii,1
bad-tar,1
taaraaj,1
((aalii-guhar,1
parvarish,1
na;gmah-saraa,1
burrish,1
jaa))iyo,1
kirishmah,1
paa-bastagii,1
zahr-aab,1
;garrah,1
tal;xii,1
mala;x,1
gul-afshaanii,1
ittifaaqii,1
shaayaan,1
baadah-o-saa;gar,1
lau;h,1
lashkar,1
niim-jaan,1
firdaus,1
sharmindagii,1
angez,1
pahu;nchaanaa,1
;xvurshed,1
paivand,1
chaaho,1
sair-o-tamaashaa,1
;xafaqaanii,1
tamaashaa-dost,1
bad-aamozii,1
rantaa,1
tamkiin-aazmaa,1
shevan,1
rindaan,1
dhotaa,1
kungur,1
infa((aal,1
munkir,1
chakiidan,1
sulaimaan-jaah,1
;xaamosh,1
aazurdagii,1
nau-;xez,1
.sad-hazaar,1
badr,1
jaavidaan,1
kushaadah,1
naqqaash,1
diin-daar,1
nafii,1
((itaab,1
tataar,1
naa-((aaqibat-andesh,1
aab-ruu,1
nagiin,1
arzaa;n,1
a.snaam,1
siyah-;xaanah,1
((aqiidah,1
lu;ttnaa,1
phuul,1
churaanaa,1
nuzuul,1
mazduur,1
gul-baaz,1
tapaak,1
;xum-kadah,1
naa-kardah,1
kesh,1
vafaa-;xvurdah,1
naa-shiguftah,1
sa;xtii-kashaan,1
ba;xsh,1
fusuun,1
vajd,1
gulbaa;ng,1
a((.zaa,1
dil-kash,1
:tarz-o-ravish,1
infi((aal,1
aaftaab-parast,1
;xudaa))ii,1
tan-aasaanii,1
cha;taknaa,1
ma;zkuur,1
davaam,1
i;xlaa.s,1
naalah-farsaa,1
ravaanah,1
sataa))ish,1
pand,1
gird-baad,1
;habaab,1
muraad,1
radd,1
nafas-parvar,1
be-bahrah,1
sang-aamadah,1
ma((zuulii,1
naachnaa,1
;xvush-o-naa-;xvush,1
masjuud,1
begaanah,1
na.siir,1
saamaan-:taraaz,1
na:z:zaaragii,1
aab-o-gil,1
bahaa))ii,1
chashm-o-gosh,1
paasu;x,1
maqbuul,1
parii-ru;x,1
yaas-;xez,1
afshardah,1
chakkar,1
rahbar,1
:tahuur,1
shahaadat,1
be-par-o-baalii,1
man.suur,1
;zauq-fizaa,1
diidaar-jo,1
karoge,1
kaa;ga.z,1
rang-o-saaz,1
.zarar,1
safedii,1
huujo,1
be-shiiraazah,1
nau;hah-;xvaan,1
bahaadur,1
mu((aaf,1
fitnah-;xuu,1
anaa-al-ba;hr,1
gunaahgaar,1
;xanjar-aazmaa,1
sanam-parast,1
maryam,1
daa))im-ul-;habs,1
sai;nka;r,1
baag,1
yak-junbish,1
pih,1
kho,1
fasaanah-;xvaanii,1
ma-aal,1
koshish,1
sar-niguun,1
sar-manzil,1
.saaf,1
pas,1
in.saaf,1
mardaanah,1
;gaazah,1
sitam-:zariif,1
shab-o-roz,1
:tarab-inshaa,1
ummat,1
shahryaar,1
nesh,1
be-rab:tii,1
but-shikanii,1
kaaf,1
te;g-o-kafan,1
nayastaan,1
;xaan-maan-;xaraab,1
taqliid,1
maa))idah,1
tinkaa,1
na((l-bahaa,1
ruu-kashii,1
;xaar-;xaar,1
;xuu-kardah,1
su;xan-var,1
far.z,1
nau-aamoz,1
nam,1
faujdaarii,1
takyah-gaah,1
;haa))il,1
ruu-shinaas,1
phuu;nknaa,1
va.sl-o-yaad,1
ganjifah-baaz,1
naasuur,1
amn,1
taqv;aa,1
bad-((ahdii,1
kandhaa,1
aamad-aamad,1
kamand,1
;husn-parastii,1
aashtii,1
;xaak-andaaz,1
((ishrat-gah,1
;gazal-saraa,1
rasm-o-raah,1
shuniidan,1
;gam-naak,1
ma((dan,1
kushaad,1
asaamii,1
javvaalah,1
kushaad-o-bast,1
;hijraa;n,1
muqaddar,1
naar,1
sa:t;h,1
naa-in.saaf,1
;xastah-tan,1
;harakat,1
taraanah,1
qais-o-kohkan,1
;tuk;raa,1
shuhuud,1
aa;gosh-kushaa))ii,1
mu;haal,1
bujhaanaa,1
pak;rnaa,1
:tuumaar,1
baraa))e,1
dil-o-dast,1
;gamzah-o-((ishvah-o-adaa,1
dar-;xvar,1
yak-((aalam-o-((aalam,1
ok,1
;xaraabaat,1
chor,1
;hadii;s,1
majmuu((ah,1
naqshaa,1
be-;xarosh,1
qimaar-;xaanah,1
dil-sitaanii,1
;gala:t-bardaar,1
mihmaan,1
naa-ummiidvaarii,1
((uquubat,1
punbah-aagiin,1
;gam-gusaarii,1
raq.s,1
aablah,1
((ataab,1
;zahn,1
sust-ruu,1
za((m,1
kho))e,1
jaa))oge,1
mazaar,1
be-dimaa;g,1
sar-kash,1
naafah,1
nasheb-o-faraaz,1
;xaakistar-o-bulbul,1
shiishah-baaz,1
chho;re;nge,1
be-;xvudii-o-hushyaarii,1
ra((naa))ii,1
rah-o-sitam,1
shikvah-sanj,1
shu((lah-baar,1
a((maar,1
ra;xsh,1
;hamzah,1
kharaa,1
;te;rhaa,1
nau;hah-gar,1
rusuum,1
:tama((,1
adab,1
barq-;xiraam,1
sul:tanat,1
chorii,1
.sifaat,1
sar-giraanii,1
chain,1
pinhaanii,1
mihr-giyaa,1
min-jumlah,1
naa-yaaft,1
nikammaa,1
rangaarang,1
i;xtilaa:t,1
naa.siyah-farsaa,1
mu.saa;hib,1
mu;gannii,1
;xizaanii,1
;xvush-;haal,1
;xuun-naabah-fishaan,1
;xatm,1
ga;nvaanaa,1
vujuud-o-((adam,1
berab:tii,1
giraan-baarii,1
ruudaad,1
dast-o-paa,1
ma((shuuqii-o-be-;hau.salagii,1
:tabii((ato;n,1
aab-juu,1
tafriqah,1
auraaq,1
mai-parast,1
be-((ishq,1
silvaanaa,1
sar-panjah,1
jitnii,1
parii-chahrah,1
shaa))ibah,1
be-pardah,1
jangal,1
samajhyo,1
shaa((ir,1
bebaakii-o-gustaa;xii,1
iram,1
.saa((iqah-o-shu((lah-o-siimaab,1
jur))at,1
;zaliil,1
junuun-((alaamat,1
naagahaanii,1
musarrat,1
chiin,1
aaramiidagii,1
z-baskih,1
numuu,1
be-:talab,1
miqdaar,1
mulaaqaat,1
kabaab,1
shiddat,1
;xajlat,1
gul-dastah,1
nuktah-daan,1
nisyah-o-naqd,1
huujiyo,1
siyah-posh,1
tunuk-aabii,1
be-;xvud,1
mahjuur,1
zamzamah,1
barsh-kaal,1
jhaa;rnaa,1
fa.zaa,1
jaan-sitaan,1
mudda((;aa,1
;xuun-naabah,1
sharaf,1
aa))iinah-daarii,1
dukaan,1
;zaahir,1
jaam-o-subuu,1
nujuum,1
mara.z,1
niim-kash,1
tarasnaa,1
lakad-kob,1
quv;aa,1
chaarah-gar,1
baadbaan,1
dar-havaa,1
((inaan-guse;xtah,1
mu;htaaj,1
mahshar,1
shajar,1
vaa-maa;ndagiyaan,1
na:z:zaarah-o-;xayaal,1
chubho,1
ishtiyaaq-angez,1
salaam,1
siinah-gudaaz,1
daadah,1
giraanii,1
pai;gaarah-juu,1
ma;hmil,1
marii.z,1
((a;zaab,1
chaar-mauj,1
majlis-furoz,1
jigar-daarii,1
ijaabat,1
shaamat,1
to;raa,1
sar-taa-paa,1
((anbarii;n,1
va.z((,1
baazuu,1
piir-zan,1
;gaarat-garii,1
baa;xtan,1
jaan-sipaarii,1
baam,1
nijaat,1
rihaa,1
be-panaah,1
roke,1
paivastah,1
a;xtar-shumaarii,1
nabaatii,1
;xvaahishe,1
pardah-daar,1
;hammaam,1
be-bunyaad,1
garm-baazaar,1
guluu,1
((iimaa,1
maq:ta((,1
shar((-o-aa))iin,1
ashyaa,1
;gam-gusaar,1
pardaa,1
sirishk-aaluudah,1
yak-af;gaan,1
varaq-gardaanii,1
muva;h;hid,1
bedaar,1
qiyaas,1
niim-shabii,1
;xuun-shudah,1
ma((;zuur,1
laa;gar,1
majaal,1
ravish-o-mastii,1
fusurdagii,1
qa:trah-o-mauj-o-;hubaab,1
tamkiin-o-.zab:t,1
:zulmat-kadah,1
yaadgaar,1
;xaanah-viiraan-saazii,1
.zauq,1
fatiilah,1
tuhmat-kash,1
ma((muure,1
maujuud,1
mudaam,1
baad-o-bah,1
qulzum-aashaamii,1
nazdiik,1
naaz-o-;gamzah,1
((arbadah-juu,1
kos,1
dil-o-jigar,1
.sad-jalvah,1
doshiinah,1
valii,1
rau;ndnaa,1
bad-;xvaah,1
mu.zma;hil,1
;xaakistar-nishiinii,1
ma((shuuq-farebii,1
.sad-na:zar,1
tamkiin-o-hosh,1
aas,1
pho;r,1
dushvaarii,1
shahpar,1
ma;hram,1
pur-shor,1
siimaab,1
ibraam,1
raah-numaa,1
baadah-aashaamii,1
tund-;xuu,1
pashemaan,1
dhoke,1
;xaanah-;xaraabii,1
be-;hau.slagii,1
;zarii((ah,1
zavaal,1
saadah,1
mihr-o-mah,1
bhaa))ii,1
bichhaanaa,1
ihtizaaz,1
sa;xt-jaanii,1
afgaar,1
barasnaa,1
mardumak,1
dau;raanaa,1
muflis,1
savaal-o-javaab,1
;gam-o-shaadii,1
raag,1
nadaamat,1
((uyuub,1
raas,1
;xudaa-parast,1
aatishiin,1
vaa-rastah,1
ustuvaarii,1
samjhaavnaa,1
bahnaa,1
daruun,1
sul:taan,1
dastaar,1
gaa;rho,1
a:tfaal,1
nashaa:t-aahang,1
baa))i;s,1
raahrau,1
jhuu;t,1
rutbah,1
bustaanii,1
kaar-gar,1
qiblah-numaa,1
silk,1
mu.zmar,1
pur-gul,1
vara((,1
fitnah-o-fasaad,1
resh,1
girdaab,1
sar-bar,1
((aadat,1
be-jurm,1
.sad-guunah,1
jaagiir,1
hogii,1
pha;nsaanaa,1
laam,1
be-aabruu,1
sangiin,1
aab-daar,1
malnaa,1
gurez-paa,1
va;hshat-;xiraamii,1
siyah-mast,1
lab-tishnah,1
tevarii,1
shorish,1
zavaal-aamaadah,1
sar-mastiii,1
qa:t,1
aashuftah-navaa,1
mihr-vash,1
fashaar,1
sarishtah-daarii,1
((ishq-o-naa-guziir,1
vufuur,1
sar-ba-sar,1
maajraa,1
jam((iyyat,1
;xaanah-viiraan-saaz,1
bote,1
kaafii,1
zer-baar,1
raah-o-rasm,1
guzashtah,1
muvaa;xa;zah,1
kaifiiyat,1
javaan-marg,1
;gariibaa;n,1
:tiflaan,1
;haajat-mand,1
tishnah-kaam,1
pa,1
;gam-;xaanah,1
gaz,1
kishvar,1
khe;ncho,1
ranjuurii,1
sitam-o-jor,1
faqiir,1
kalejaa,1
aham,1
siyaasat,1
liyaalii,1
pyaas,1
pach,1
lagan,1
abruu,1
be-dast-o-paa))ii,1
tajdiid,1
kavaakib-sipah-o-mihr-((alam,1
aa))inah-;xaanah,1
vaazh-guun,1
;gariib-navaaz,1
biimaarii,1
;xa:t:t-o-;xaal,1
shaq,1
nau-bahaar,1
aahan,1
chhurii,1
;garqah,1
ziyaad,1
dar-pa,1
laalah-o-gul-o-nasriin,1
qai,1
naviid,1
be-davaa,1
kaa;n;taa,1
:tab((,1
naay-o-nosh,1
mushtamil,1
be-sham((a,1
aazaado;n,1
naalah-farsaa))ii,1
i;xfaa,1
farqat,1
;xuu-gar,1
;xirqah-o-sajjaadah,1
ta.sviir-numaa,1
;xvud-aaraa))ii,1
;hasuud,1
judaa))ii,1
shafaq-aaluudah,1
pur-pech-o-;xam,1
chaah,1
ba:t,1
((ishq-o-mazduurii,1
pur-shikan,1
mah-:tal((at,1
sanjaab,1
parastaarii,1
aasmaanii,1
.sa;hraa-dast-gaah-o-qa:trah,1
dil-jam((ii,1
kasb,1
;gusl,1
urdii,1
rah-o-rasm,1
sirishk,1
mudda((ii-o-diidah,1
pusht-;xaar,1
aatish-diidah,1
vaa-gardiidah,1
ham-naamii,1
na;gmah-sanj,1
iqaamat,1
niind,1
;xaatim,1
;xaanaqaah,1
;gala:t-andaaz,1
;hasrat-sanj,1
kam-aazaar,1
;dhaa;npnaa,1
naqsh-o-nigaar,1
mauj-zan,1
i((tiqaad,1
bu((d,1
buzurg,1
bho;n,1
dil-o-diidah,1
ma:tlaq,1
armu;gaa;n,1
qa.suur,1
a;ndherii,1
kafiil,1
:tannaaz,1
bo,1
qada;h-;xvaar,1
naazukii,1
samand,1
ruubkaar,1
biknaa,1
taake,1
dashnah-o-;xanjar,1
la((l,1
vaa-shud,1
ham-nishiin,1
subuk-dast,1
namak-paash,1
barshkaal,1
shai;x-o-barhaman,1
;xuuniin-navaa,1
mastaanah,1
;harii.s,1
lagaavnaa,1
;hall,1
;gaaliyah-mo,1
rasm-o-rah,1
;zimmah,1
banaat-ul-na((sh,1
baa-vujuud,1
shaahinshaah,1
sar-giraan,1
dard-mand,1
sozish,1
kashash,1
naab,1
la;rakpan,1
yaktaa))ii,1
raah-guzar,1
soch,1
tishnah-kaamii,1
rezish,1
mizaaj,1
.sariir,1
va;hdat,1
;xaal,1
;xaam,1
ho;ngii,1
zu((m,1
saiyaarah,1
be-minnat,1
.sanam-kadah,1
be-dar-o-diivaar,1
hadyah,1
naak,1
;haraam,1
;xvushtar,1
shar:t,1
baa;g-baan-o-kaf,1
fusuun-gar,1
be-;his,1
muqarrar,1
millat,1
uchhalnaa,1
ummiid,1
afsuun,1
sheftagii,1
afsuus,1
saadagii-o-purkaarii,1
sar-naamah,1
nabard-peshah,1
niim-roz,1
mashhuur,1
be-kaar,1
jalaanaa,1
nai,1
haft,1
aa;gosh-kushaa,1
((i:tr,1
afshurdan,1
dil-aazurdagaan,1
;xaaliq,1
nuktah-chiin,1
.sile,1
duur-daraaz,1
jaan-gusil,1
tarkash,1
inkaar,1
bachchaa,1
jaan-fizaa,1
chhidnaa,1
yak-shahr,1
pesh-dastii,1
parastish,1
daa;g-saamaan,1
be-baak,1
abr-o-shab,1
qadiim,1
i;htiyaa:t,1
aaluudah,1
pardah-sanj,1
sar-chashmah,1
fasaan,1
baa;g-baan,1
baqaa,1
pur-((arbadah,1
jism,1
baato;n,1
z-bas,1
silsilah,1
la:tmah,1
karishmah,1
ziist,1
fitraak,1
qadd,1
gah-o-be-gah,1
rihaa))ii,1
naaz-o-adaa,1
;xudaavand,1
ba((iid,1
makiin,1
mushkil-pasand,1
peshah,1
va:ziifah-;xvaar,1
jur))at-aazmaa,1
;xaanah-zaad,1
abr-o-baad,1
aah-o-faryaad,1
((aql,1
havaa-;xvaahii,1
((azm,1
;gaflat-shi((aarii,1
shukr,1
raqam,1
baa;g-baanii,1
la((l-o-guhar,1
aafaaq,1
raa;hat-:talabii,1
be-partav,1
i;xtiraa((,1
sabzah-zaar,1
be-daad-fan,1
be-mudda((aa,1
purkaar,1
baa;ng,1
dare;gaa,1
chaahne-vaalaa,1
muqaabil-o-da((vaa,1
gulfaam,1
kaa;ga;zii,1
chang,1
nihaal,1
shaadmaanii,1
:ta((no;n,1
niim-baaz,1
talaash,1
aatish-afshaanii,1
subuk,1
hech-madaanii,1
ham-nafas,1
sarosh,1
bard,1
guhar-baar,1
fat;h,1
duurii,1
sarv-qad,1
sulaimaan,1
be-;xvaabii,1
zabuunii,1
mihr-o-maah,1
;xuun-naabah-mashrab,1
darvaazah,1
ma((aash,1
phande,1
mar;siyah,1
bar-;xvurdaar,1
iin,1
chaalaak,1
aa;nsuu,1
zuud-pashemaan,1
bal;gamii,1
gosht,1
samaa))ii,1
az-dast-raftah,1
mai-o-na;gmah,1
;xudaa-saaz,1
sitam-iijaad,1
bojh,1
yaas-o-ummiid,1
be-dast-o-paa,1
taf,1
a;xtar,1
giyaah,1
:tabii((ii,1
;xuun-naabah-fishaanii,1
faryaad-o-aah-o-zaarii,1
qa:t((a,1
shaahid-baaz,1
tishnagii,1
dar-qafaa,1
faro,1
ruubakaarii,1
navaa-sanjaan,1
jaadaad,1
;haq-shinaas,1
naasi;x,1
be-dar,1
khujaanaa,1
lai,1
dilbaraan,1
baanii,1
korii,1
uftaadah,1
garebaanii,1
muunis,1
ko;nd,1
((arbadah-maidaa;n,1
aafiriinish,1
boriyaa,1
juu))ibaar,1
naa-rasaa))ii,1
az-baskih,1
durdii-kash,1
khet,1
mun;ha.sir,1
da((vah,1
talaf,1
shast,1
chaarah-juu))ii,1
be-;xvaab,1
mihr-aasaa,1
murdah,1
chashm-numaa))ii,1
shigaaf,1
.sadaf,1
shikastan,1
dar-tishnagii-murdah,1
((ibrat-nigaah,1
;gaarat,1
dhabbah,1
;xvurshiid-o-maah,1
shiiriin-su;xan,1
:taaqat-rubaa,1
naukar,1
mizhgaanii,1
hinduustaan,1
daraaz-dastii,1
giiraa))ii,1
qanaa((at,1
abnaa,1
saaqii-garii,1
a;hmaqo;n,1
sar-niguunii,1
nihang,1
mu;gtanam,1
bariin,1
bandah-parvar,1
;hasrat-zadah,1
girah-kushaa,1
lakhna))uu,1
.sarfah,1
barjaa-maa;ndah,1
dast-o-;xanjar,1
yaarii,1
mihrbaanii,1
la;h:zah,1
daad-;xvaah,1
:taa((at-o-zuhd,1
saa;xtah-o-fa.sl,1
((aalam-aaraa))ii,1
band-o-bast,1
la;rkaa,1
laal,1
taazah-vaaridaan,1
tahiiyah,1
sar-o-saamaan,1
so;xtan,1
:talabgaar,1
so;xtah,1
:tuul,1
tasliim-o-badaa,1
aatish-nafas,1
;xissat,1
laaf,1
kasnaa,1
pastii,1
sharm-saar,1
rahiin,1
be-kaarii,1
gunbad,1
bed,1
aare,1
hoshyaarii,1
dar-kaar,1
auro;n,1
ijaaraa,1
chaar-duham,1
ta;haiyur,1
na-shuniidan,1
;gazaal,1
havaa-;xvaah,1
faut,1
niiruu,1
purzah,1
be-i((tidaalii,1
laash,1
madfan,1
intiqaam,1
tal;x-navaa))ii,1
paa-buus,1
saadagii-aamoz,1
:ta((n,1
ghaas,1
ra((uunat,1
ta((riif,1
la((l-o-zumurrud-o-zar-o-gauhar,1
naachaar,1
;haj,1
ranj-aashnaa,1
hadaf,1
paaband,1
kinaar,1
.si;h;hat,1
;saanii,1
aalaat,1
dil-sitaan,1
;gam-kadah,1
qa;h:t,1
shi((aar,1
valvalah,1
tunuk-:zarfii,1
al-amaan,1
((amaarii,1
;tapkaanaa,1
fishaar,1
pa)),1
;ga.zab,1
shuhrat,1
nau;hah,1
paashnah,1
u;raanaa,1
ma:tluub,1
sarv-o-.sanobar,1
sataayish-gar,1
siyaahii,1
mu.savvir,1
jaagnaa,1
la;xt-la;xt,1
shaan,1
:taalib,1
ta;gaaful-dost,1
taufiiq,1
taufiir,1
jalvah-numaa,1
itne,1
andaaz-o-adaa,1
parii-paikar,1
be-.sarfah,1
;dubo,1
daraazii,1
kunisht,1
aa))inah-pardaaz,1
aa))inah-daarii,1
man.sab,1
.zaruur,1
qaa:ta((,1
hajr,1
;xuun-;galtiidah,1
;xuun-;galtiidan,1
pirone,1
;xuun-gashtah,1
taariikii,1
zindaan-;xaanah,1
ka;srat-aaraa))ii,1
shaah-par,1
tangnaa,1
;xemah,1
turbat,1
la;z;zat-yaab,1
gum-gashtah,1
rahyo,1
;duboyaa,1
ta;gayyur,1
;gammaazii,1
nakiir,1
be-mazaa,1
tez-rau,1
qariib,1
;xalal,1
cha;rh,1
kaalbud,1
baarbud,1
valekin,1
aarzuu),1
farmaanaa,1
:taa((at,1
hilaal,1
supurd,1
aa))iinah-;xaanah,1
((aql-o-dil-o-jaa;n,1
kahaar,1
sargashtah,1
duunaa,1
dar-maa;ndagii,1
dil-kushaa,1
shash-jihat,1
motii,1
:zulmat-gustarii,1
murdan,1
faarsii,1
dard-o-alam,1
hath-ka;n;daa,1
varaq,1
zakaat,1
ta;h.siil,1
baa:til,1
afzaa))ish,1
il;aahii,1
bar-ruu,1
;xi:t:tah,1
jaano,1
rusuum-o-quyuud,1
ruu;h-ul-qudus,1
paa-andaaz,1
naa-saazii,1
;hiilah,1
munkar,1
mi;saal,1
dai,1
;thaanii,1
;sabaat,1
naa-saaz-gaarii,1
((unvaan,1
aa))iin,1
ta))ammul,1
sub;hah-o-zunnaar,1
shikeb-o-.sabr,1
duu))ii,1
giraan-maayagii,1
;xaanah-aaraa))ii,1
;xaaraa,1
kaifiyyat,1
qahr-o-;ga.zab,1
shikastah,1
;gam-;xvaaragii,1
ham-:tar;hii-o-dard,1
nuqsaan,1
:tavaaf,1
niko-naamii,1
mash;guul,1
dair,1
be-dilii,1
masaa))il,1
vaaqi((ah,1
shiiriin-bayaanii,1
ham-damii,1
rezah,1
pighalnaa,1
mushk-buu,1
kishtii,1
naa-;haq,1
sau;np,1
sha;gl,1
guftah,1
hilnaa,1
haul,1
;hairaanii,1
dil-o-dil,1
ba;gal,1
sar-angusht,1
ham-peshah-o-ham-mashrab-o-ham-raaz,1
zabuunii-kash,1
ta((ziyat,1
;xaraash,1
chashm-o-chiraa;g,1
va.sf,1
;ha:z:z,1
jalvah-gar,1
shinaa,1
naisitaan,1
kujaa,1
sher,1
inti;xaab,1
;xirad,1
dhuvaan,1
gul-faam,1
be-girah,1
suukh,1
dil-o-chashm,1
;xvud-daarii,1
dikhlaavnaa,1
dast-gardaan,1
khonaa,1
furozaan,1
maah-ru;x,1
:zuhuur,1
zamaan,1
qad-o-ru;x,1
:zuhuurii,1
khapaanaa,1
ta;zkirah,1
ma;hsharistaan,1
chhallaa,1
khaa))iyo,1
patah,1
;zaat,1
shabnam-istaan,1
siyah-mastii,1
daad-o-sitad,1
ruu-siyaah,1
((aib,1
safaal,1
ziyaarat-kadah,1
parii-vash,1
vaajib,1
;xastah-jaa;n,1
do-dam,1
:turfah,1
;xalvat-o-jalvat,1
((anaa.sir,1
aarzuu-;xiraamii,1
bairuun,1
chaarah-saaz,1
hal-min-maziid,1
piinas,1
jinnat,1
la:taafat,1
musalmaan,1
.safaa,1
tu;xm,1
:tauf,1
gudaa;xtah,1
bihisht-shamaa))il,1
baa:tin,1
naa-yaab,1
;hukm,1
dilaanaa,1
dil-aazaar,1
baaz-gasht,1
chiirnaa,1
;hayaat-o-band,1
mai-kash,1
;xo,1
be-havaa,1
ta((alluq,1
la))iim,1
jaan-gudaazii,1
saadah-dilii,1
pa))e-ham,1
tajammul,1
yagaanah,1
dara;xshaan,1
farmaan-ravaa,1
kurednaa,1
mu((ayyan,1
mi;taanaa,1
