hai,1101
se,511
me;n,491
nah,416
kih,388
ko,371
kii,295
kaa,291
ho,290
nahii;n,288
ke,269
kyaa,240
hai;n,205
dil,195
bhii,186
vuh,186
ham,184
to,174
us,148
thaa,146
ne,140
huu;n,137
jo,135
yih,127
aur,125
par,120
ko))ii,109
mai;n,108
;gaalib,107
kyuu;n,100
mujhe,100
hu))aa,98
hii,97
pah,94
kar,92
bah,90
gar,87
phir,75
mujh,75
har,73
mire,73
ay,70
ik,68
kis,68
kuchh,66
gul,62
hu))e,61
hotaa,58
jis,56
kare,56
agar,55
gayaa,52
ek,50
tum,49
mere,48
((ishq,45
jaa))e,44
kahte,44
dekh,43
jab,41
de,40
din,40
kahaa;n,40
tuu,39
ab,39
chaahiye,38
is,38
merii,38
sahii,38
tire,38
yaar,37
yuu;n,37
sar,37
naaz,37
asad,37
rahaa,36
;gam,35
yaa;n,35
;gair,34
jigar,34
yaa,34
hu))ii,33
aa))e,33
mirii,33
vafaa,33
yaad,32
;xudaa,32
mauj-e,32
mai,32
;xaak,32
kiye,31
liye,31
yak,31
baat,30
un,30
meraa,30
;xayaal,29
the,29
ghar,29
apnii,29
ga))ii,29
vaa;n,29
haa))e,28
aayaa,28
tak,28
dil-e,27
aage,27
apne,27
qadar,26
na:zar,26
aaj,26
thii,26
achchhaa,26
ahl-e,26
dost,26
shauq,26
sharaab,25
rang,25
;xuu;n,25
kiyaa,25
aa,25
magar,24
taa,24
tirii,24
tujh,24
ga))e,23
kahe,23
bahaar,22
kabhii,22
kartaa,22
varnah,22
tere,22
kahiye,22
naalah,22
dekhaa,22
lekin,22
;gam-e,22
rab,21
daa;g-e,21
chashm-e,21
;zauq-e,20
ga))ii;n,20
aataa,20
haath,20
kaam,20
paa;nv,20
aap,20
jaanaa,20
mu;nh,20
jahaa;n,20
jaa,20
hastii,20
aa;xir,19
qiyaamat,19
tamaashaa,19
kisii,19
dar,19
mar,19
aatii,19
rahe,18
bahut,18
sham((a,18
nigaah,18
;hasrat-e,18
tamannaa,18
kam,18
miraa,18
puuchh,18
dam,18
apnaa,18
karte,18
za;xm-e,17
diidah-e,17
do,17
jaan,17
mat,17
kyuu;nkar,17
tiraa,17
kiije,17
bane,16
buraa,16
bazm,16
dard,16
hanuuz,16
daryaa,16
hame;n,16
teraa,16
haa;n,16
abhii,16
hote,16
qismat,16
diyaa,16
aave,16
dushman,16
jalvah-e,16
terii,16
junuu;n,16
((umr,15
aa))iinah,15
samjhaa,15
kahii;n,15
khulaa,15
((aashiq,15
kab,15
use,15
kahuu;n,15
saaqii,15
naqsh-e,15
dekhte,15
jaa))egaa,15
qadam,14
havaa,14
bazm-e,14
raqiib,14
so,14
jii,14
baskih,14
hamaare,14
ma((luum,14
baar,14
kaafir,14
jaa;n,14
qa:trah,14
sar-e,14
honaa,14
le,14
nikle,14
dar-o-diivaar,14
za;xm,14
su;xan,13
har-chand,13
rah,13
jalvah,13
aarzuu,13
ba;gair,13
sab,13
kahe;n,13
qaatil,13
dekhnaa,13
adaa,13
mile,13
((aalam,13
niklaa,13
jaataa,13
goyaa,13
but-e,13
yihii,13
;xvush,13
ya((nii,13
kaun,12
tujhe,12
:tara;h,12
;xuun-e,12
aazmaa))ish,12
hamaarii,12
;husn,12
paa,12
nigaah-e,12
dekhiye,12
shab-e,12
mizhgaa;n,12
;xa:t,12
rashk,12
go,12
nafas,12
tan,12
paas,12
;xabar,12
kaho,12
chaman,12
dam-e,11
;zarrah,11
zindagii,11
dii,11
lagaa,11
;haal,11
jaantaa,11
gardan,11
juz,11
az,11
vale,11
rang-e,11
va;hshat,11
sitam,11
ba((d,11
mu;habbat,11
jise,11
nigah,11
pinhaa;n,11
vaqt,11
garebaa;n,11
andaaz-e,11
balaa,11
ma;hv-e,11
;husn-e,10
;xas,10
namak,10
josh-e,10
saath,10
duur,10
fanaa,10
:taaqat-e,10
naale,10
giryah,10
paayaa,10
daad,10
dunyaa,10
naam,10
((aziiz,10
.zu((f,10
jafaa,10
marne,10
.sa;hraa,10
nihaa;n,10
kah,10
raah,10
raat,10
bistar,10
shab,10
ta;gaaful,10
bayaa;n,10
aasaa;n,10
kahaa,10
majnuu;n,10
;gaafil,10
fur.sat,10
talak,10
ban,10
aa))inah,10
;haq,10
la;z;zat-e,10
jal,10
hotii,10
hamaaraa,10
taar-e,10
ulfat,10
vaa,10
vagarnah,10
zabaa;n,9
havaa-e,9
lab,9
baa;ndhte,9
jaate,9
dimaa;g,9
kaf-e,9
paidaa,9
.sad,9
rakhtaa,9
te;g-e,9
vuhii,9
inti:zaar,9
zulf,9
log,9
mataa((-e,9
sun,9
tiir,9
aab,9
kal,9
shikaayat,9
bin,9
baare,9
vaa))e,9
be-;xvudii,9
;hasrat,9
garchih,9
baaqii,9
gaye,9
aa))ii,9
rakh,9
diidaar,9
tamaam,8
hogaa,8
baadah,8
((ar.z-e,8
havas,8
bas,8
hay,8
;xuu,8
aisii,8
;haa.sil,8
rakhte,8
aashnaa,8
naqaab,8
qasam,8
pareshaa;n,8
chiraa;g-e,8
bhar,8
karam,8
garm,8
.suurat-e,8
sair-e,8
khe;nch,8
mi;t,8
pa;raa,8
aah,8
u;nhe;n,8
samjhe,8
aasmaa;n,8
daaman,8
chiraa;gaa;n,8
bosah,8
aisaa,8
aa;nkh,8
.sadaa,8
;xvaab,8
;xayaal-e,8
detaa,8
baa;g,8
mudda((aa,8
maanaa,7
karuu;n,7
pa;re,7
lail;aa,7
aa;nkho;n,7
aane,7
tang,7
rahii,7
kaash,7
jaatii,7
rishtah-e,7
naa;xun,7
jaa))uu;n,7
;xuubaa;n,7
kiijiye,7
jaave,7
rusvaa,7
lahuu,7
naamah-bar,7
salaamat,7
jauhar-e,7
pahle,7
chaak,7
tasallii,7
havas-e,7
naalah-e,7
qatl,7
marg,7
rag-e,7
lab-e,7
dekho,7
mi;sl-e,7
bhalaa,7
ranj-e,7
martaa,7
davaa,7
;hariif-e,7
imti;haa;n,7
nigah-e,7
.sabaa,7
sharm,7
naaz-e,7
paa-e,7
sham((-e,7
u;thaa,7
aag,7
judaa,7
;xaanah-e,7
shauq-e,7
barq,7
man:zuur,7
aatish,7
gumaa;n,7
mubaarak,7
parde,7
aa;gosh-e,7
kuuche,7
barq-e,7
va.sl,7
mushkil,7
zanjiir,7
;xi.zr,6
dahr,6
furo;g-e,6
((ahd,6
shor-e,6
baa;ndhaa,6
aavaaz,6
hujuum-e,6
diivaar,6
gulistaa;n,6
kare;n,6
garm-e,6
gul-e,6
junuun-e,6
:zaahir,6
yuusuf,6
rauzan,6
in,6
qadr-e,6
zamii;n,6
shabnam,6
zulf-e,6
qafas,6
nang-e,6
banaa,6
((aduu,6
vaqt-e,6
zamaane,6
aatish-e,6
aadmii,6
samajhte,6
;xandah-e,6
tavaqqu((,6
daam-e,6
sitamgar,6
:zaalim,6
tumhii;n,6
((adam,6
zamaanah,6
u;thaa))iye,6
;xandah,6
((umr-e,6
jaante,6
takalluf,6
rusvaa))ii,6
;xaraab,6
sho;xii-e,6
itnaa,6
andaaz,6
bedaad-e,6
sang,6
;xvud,6
dar-e,6
daa;g,6
;xuub,6
faryaad,6
jaadah-e,6
baar-haa,6
jaa))e;n,6
pardah,6
tangii-e,6
;xaa:tir,6
muddat,6
shu((lah-e,6
kahtaa,6
;hisaab,6
khul,6
;zikr,6
vaah,6
;haif,6
javaab,6
;hairaa;n,6
chal,6
jaise,6
a;sar,6
u;th,6
ra;hm,6
jaam-e,6
;halqah-e,6
tar,6
;xalq,6
tark-e,6
aazaar,6
bayaabaa;n,6
saaz-e,6
zindaa;n,6
:taaqat,6
mur;g-e,6
tumhe;n,6
shu((lah,6
pasand,6
bai;the,6
garmii,6
taa;siir,6
((ajz,6
ghabraa,6
;hinaa,6
falak,6
gulshan,6
siinah,6
gardish-e,6
;xanjar,6
;hayaa,6
gilah,6
aate,5
idhar,5
.sub;h,5
ajzaa-e,5
liyaa,5
tadbiir,5
garduu;n,5
sailaab,5
jam((a,5
la;z;zat,5
shikvah-e,5
guzar,5
partav-e,5
rakhuu;n,5
saamaan-e,5
;gala:t,5
aa))iinah-e,5
nafas-e,5
soz-e,5
muqaabil,5
ta.savvur,5
vaas:te,5
;xvaab-e,5
aise,5
baal-o-par,5
((aish,5
ta.sviir,5
((ajab,5
:talab,5
qada;h,5
maa;nge,5
.suurat,5
;haqiiqat,5
va((dah-e,5
mukarrar,5
qa.zaa,5
jaanuu;n,5
mah,5
((ushshaaq,5
samajh,5
raaz-e,5
saa,5
chaahe,5
kuu-e,5
:tarz-e,5
daam,5
ru;x,5
;hairat,5
rashk-e,5
bhuul,5
.sub;h-e,5
bulbul,5
sa;xt,5
raah-e,5
butaa;n,5
raushan,5
nairang-e,5
dete,5
ma:tlab,5
denaa,5
dandaa;n,5
taqriir,5
;xaar-e,5
diivaanah,5
puuchhe,5
sivaa,5
karne,5
usii,5
saa;gar,5
bajaa,5
;xuu;n-chakaa;n,5
taskii;n,5
a;hbaab,5
maujah-e,5
aab-e,5
va:tan,5
mizhgaan-e,5
chaahaa,5
chashm,5
darbaa;n,5
mai-e,5
chaar,5
chaak-e,5
.su;hbat-e,5
;xaar,5
du((aa,5
;gaalib-e,5
jaa))iye,5
ka((be,5
jagah,5
;xaalii,5
na;gmah,5
bai;thaa,5
aastaa;n,5
fa.sl-e,5
gilaa,5
;haal-e,5
jahaan,5
:zulm,5
roz-e,5
lo,5
char;x-e,5
sivaa-e,5
sang-e,5
ruu-e,5
chho;raa,5
jalve,5
kushtah,5
gauhar,5
mil,5
taqaa.zaa,5
biimaar,5
da((v;aa,5
duud-e,5
shaah,5
suu-e,5
nashaa:t,5
marte,5
baazaar,5
naa.si;h,5
chale,5
mazah,5
tamaashaa-e,5
rah-e,5
;xuld,5
saayah,5
betaabii,5
rote,5
jaane,5
ashk,5
:taraf,5
siinah-e,5
dast-e,5
rahe;n,5
ma;hfil,5
viiraa;n,4
pa;rii,4
diivaar-e,4
baalii;n,4
ho;n,4
dekhuu;n,4
aa;nkhe;n,4
;zarre,4
hunar,4
jiite,4
shaayad,4
kahyo,4
laakho;n,4
diye,4
jale,4
bad-gumaa;n,4
duu;n,4
rasaa,4
be-takalluf,4
paas-e,4
dono;n,4
((aafiyat,4
vi.saal,4
parvaanah,4
saayah-e,4
zabaan,4
;xvaahish,4
lu:tf-e,4
raftaar,4
((aish-e,4
muu,4
hazaar,4
naa-umiidii,4
qumrii,4
shaadii,4
firaaq,4
maaraa,4
aaraam,4
hijr,4
sazaa,4
mu;hii:t-e,4
shikvah,4
fareb,4
fareb-e,4
kholte,4
luu;n,4
i.z:tiraab,4
dukh,4
lage,4
arbaab-e,4
jauhar,4
patthar,4
dar-;xvur-e,4
sa;har,4
qaa.sid,4
ruk,4
hone,4
nigaar,4
sake,4
ummiid,4
;xvushii,4
dekhne,4
vaa((i:z,4
goshah-e,4
buto;n,4
guzre,4
chaltaa,4
((ar.z,4
rahne,4
;xirman,4
nab.z-e,4
abr-e,4
sau,4
be-sabab,4
suvaidaa,4
udhar,4
sa((ii-e,4
shahr,4
;zauq,4
naalah'haa-e,4
siine,4
paa))e,4
zaanuu,4
maana((-e,4
baad,4
.sarf-e,4
nikaltii,4
sakuu;n,4
bar-:taraf,4
saa))e,4
qais,4
((aalam-e,4
qaid,4
bekasii,4
shikast-e,4
safar,4
bihisht,4
mast,4
;xvurshiid-e,4
:tuufaan-e,4
tez,4
va((de,4
baal-e,4
saktii,4
shamshiir,4
bisaa:t-e,4
aamad-e,4
dikhlaa,4
.sadaa-e,4
baab,4
baar-e,4
ma((nii,4
baadah-e,4
faa))idah,4
;dar,4
jeb,4
mai-kadah,4
bahaarii,4
((ishq-e,4
mastii,4
taab-e,4
;xaraabii,4
paimaan-e,4
qa:trah-e,4
himmat,4
va;hshat-e,4
saadagii,4
pardah-e,4
dostii,4
paa))ii,4
sunaa,4
kohkan,4
lagii,4
navaa-e,4
saa;hil,4
sho;x,4
juu-e,4
ma;hshar,4
naazuk,4
;xvushaa,4
z,4
saa;gar-e,4
kartii,4
tab,4
al-l;aah,4
daryaa-e,4
ba;hr,4
:taala((-e,4
dard-e,4
saktaa,4
jaadah,4
zaahid,4
jaam,4
diivaar-o-dar,4
dasht-e,4
rahn-e,4
raa;hat,4
zaar,4
marnaa,4
jamaal,4
kafan,4
((uryaa;n,4
hameshah,4
bismil,4
baahar,4
aagahii,4
guftaar,4
maut,4
((ishrat-e,4
likhaa,4
sozan,4
taab,4
likh,4
aaftaab,4
pairaahan,4
jitnaa,4
hosh,4
dasht,4
logo;n,4
:tarab,4
buu-e,4
aanaa,4
;xiraam-e,4
kalaam,4
jihat,3
minnat-e,3
fur.sat-e,3
;hu.zuur,3
((arsh,3
mai-;xaanah-e,3
musht-e,3
.su;hbat,3
u;thaayaa,3
va;hshii,3
maah-e,3
mihrbaa;n,3
niyaaz,3
hamah,3
fikr-e,3
dushmanii,3
dho,3
kahye,3
;xam,3
badle,3
miir,3
namak-daa;n,3
nishaa:t-e,3
band,3
pursish,3
qaraar,3
shu((le,3
pursish-e,3
ka((bah,3
saudaa-e,3
aabilah-paa,3
ham-su;xan,3
kha;tkaa,3
;xamosh,3
ri.zvaa;n,3
rone,3
andoh-e,3
himmat-e,3
faari;g,3
chhe;r,3
khol,3
anjuman,3
bajaa-e,3
na;zr-e,3
tajallii,3
abr,3
sa((y,3
bulandii,3
tan-e,3
vidaa((,3
sakte,3
la;xt-e,3
daur-e,3
bose,3
;xariidaar,3
ba;xshe,3
mast-e,3
;guruur-e,3
shikve,3
;haram,3
jigar-e,3
chup,3
naa-tavaanii,3
((anqaa,3
vus((at-e,3
saamne,3
laalah,3
tanhaa))ii,3
vidaa((-e,3
;xa:taa,3
jaaved,3
jaa-e,3
dars-e,3
safiinah,3
gadaa-e,3
te;g,3
talvaar,3
u;rne,3
ziyaadah,3
to;r,3
miltii,3
afsurdah,3
zunnaar,3
paimaanah-e,3
raftah,3
mar;habaa,3
baa((i;s-e,3
hamdam,3
.zid,3
raho,3
gul;xan,3
;gubaar,3
vahm,3
par-afshaa;n,3
andaazah-e,3
javaanii,3
.sad-rang,3
((andaliib,3
roz,3
;xaak-e,3
ta;hriir,3
shiirii;n,3
iijaad,3
;xaamushii,3
aashiyaa;n,3
farsh-e,3
bad-gumaanii,3
nikaale,3
savaal,3
tumhaarii,3
kashmakash-e,3
thii;n,3
tumhaare,3
ja;zbah-e,3
va((dah,3
jeb-e,3
laa,3
nak'hat-e,3
;xalvat,3
((uryaanii,3
yak-qalam,3
kaun-se,3
khultaa,3
umiid,3
doza;x,3
duud,3
bai;thnaa,3
dast,3
tab-e,3
;gunchah,3
naazish-e,3
hangaamah-e,3
sarv-e,3
;xaa.s,3
charchaa,3
;zaraa,3
siilii-e,3
bantii,3
mudda((ii,3
fitnah-e,3
zabaanii,3
dahan,3
piichhe,3
:tuu:tii,3
khe;nchaa,3
((aam,3
labo;n,3
;thahraa,3
;havaadi;s,3
;haalat,3
guzrii,3
na:z:zaarah,3
giriftaarii-e,3
shaam-e,3
va.z((a,3
karnaa,3
garmii-e,3
betaab,3
ba((d-e,3
maqdam-e,3
taazah,3
gard,3
zer-e,3
rozgaar,3
sarv,3
((unvaa;n,3
rah-guzar,3
pech-o-taab,3
bun-e,3
mazaa,3
hijraa;n,3
vaa-rastagii,3
sailaab-e,3
baraabar,3
maanind-e,3
;xaamah,3
ash((aar,3
faraa;gat,3
maa;ng,3
vaj'h-e,3
kashaakash,3
agarchih,3
gosh,3
shiishe,3
;xamyaazah,3
ishaare,3
rakhaa,3
maare,3
bad-;xuu,3
giriftaar,3
qaamat,3
baaz,3
guhar,3
ranj,3
dihqaa;n,3
ham-zabaa;n,3
be-vafaa,3
ma.zmuu;n,3
;tuu;t,3
dhokaa,3
suntaa,3
bedaad,3
ravaa;n,3
saaqii-e,3
.sahbaa,3
pare,3
:tuufaa;n,3
vujuud,3
bhaage,3
karo,3
shabistaa;n,3
zindagaanii,3
shash,3
naumiidii-e,3
jiine,3
jabii;n,3
punbah,3
vahm-e,3
viiraanii,3
paanii,3
andeshah,3
miltaa,3
chaahtaa,3
sakaa,3
besh,3
gard-e,3
be-mihr,3
miinaa,3
rahegaa,3
;xafaa,3
adaa-e,3
ulfat-e,3
afsurdagii,3
u;r,3
saraapaa,3
jallaad,3
;xizaa;n,3
sha;x.s,3
;xaa;n,3
ruu,3
aazurdah,3
giriftaar-e,3
mizhah-e,3
lagaa))e,3
nashv-o-numaa,3
shikast,3
u;thaa))e,3
i((tibaar,3
((u;zr-e,3
nau,3
hove,3
;xamoshii,3
gosh-e,3
dau;re,3
mizhah,3
mihr-e,3
:tilism-e,3
dushvaar,3
shab'haa-e,3
chand,3
vaadii-e,3
be-a;sar,3
farhaad,3
afsos,3
nashaa:t-e,3
na:z:zaare,3
balaa-e,3
nafrat,3
khel,3
kise,3
aamad,3
qar.z,3
jaraa;hat-e,3
ravaanii,3
fi;gaa;n,3
malaamat,3
nikohish,3
;xaamah-e,3
band-e,3
sar-garm-e,3
i;hsaa;n,3
letaa,3
raa.zii,3
paar,3
a;sar-e,3
dimaa;g-e,3
dekhtaa,3
qa:tre,3
;gurbat,3
buu,3
;had,3
marham,3
jam,3
bahtar,3
;xumaar-e,3
;xandah'haa-e,3
baal-kushaa,3
qalam,3
ta((miir,3
;xam-e,3
paarah-e,3
mauj,3
sabzah-e,3
tanhaa,3
bahaa-e,3
taar,3
andar,3
aatish-kadah,3
iimaa;n,3
kashmakash,3
diid,3
tapish-e,3
paataa,3
be-jaa,3
be-daad-e,3
biinish,3
maktuub,3
khe;nche,3
sabzah,3
angusht,3
ma;hruumii-e,3
faraaham,3
naa-chaar,3
;haalaa;nkih,2
u;the,2
mushkii;n,2
be-zabaanii,2
((aalii,2
kotaahii-e,2
chhuu;taa,2
lagtii,2
giraa;n,2
chhupaa))e,2
si;hr,2
:zarf-e,2
dashnah-e,2
shahiid-e,2
jigar-tishnah-e,2
pairahan,2
kan((aa;n,2
naam-e,2
furqat,2
mu;xta.sar,2
bijlii,2
gulsitaa;n,2
mu((taqid-e,2
ma((aa.sii,2
;haa.sil-e,2
dahaan-e,2
vaa-maa;ndagii,2
shar;h-e,2
da((vat-e,2
;xastagii,2
naa-kaam,2
qaid-e,2
na:zaarah-soz,2
;xa:t:t-e,2
((ilaaj,2
nii;nd,2
;garq-e,2
zangaar,2
kitne,2
i;xtiyaar,2
((aqd-e,2
((u;zr,2
gavaaraa,2
dandaa;n-numaa,2
i;sbaat,2
((iis;aa,2
dikhaataa,2
phire,2
dino;n,2
qafas-e,2
le;nge,2
;zarrah-e,2
ro,2
ganjiinah-e,2
gor,2
daanah,2
daanaa,2
;xvaarii,2
haay,2
naa-sazaa,2
zabaan-e,2
saraasar,2
baa;ndhe,2
nashtar,2
:tuur,2
shahiidaan-e,2
likhtaa,2
rag,2
aa))inah-e,2
;gunche,2
makaan,2
bulaa,2
gardan-e,2
kyuu;nkih,2
khod,2
muhr-e,2
;gubaar-e,2
be-qaraarii,2
jaraa;hat,2
:taaq-e,2
;xalish-e,2
sang-o-;xisht,2
paarsaa))ii,2
bar,2
tah-e,2
taa;xiir,2
bad,2
bashar,2
.saa;hib,2
piyaalah,2
raftaar-e,2
aan,2
sair,2
ru;x.sat-e,2
giraa;n-jaanii,2
be-;hijaab,2
biimaar-daar,2
zamzam,2
yaas,2
na;zr,2
naqsh,2
marjaa;n,2
nargis,2
asiirii,2
miinaa-e,2
gulzaar,2
bandagii,2
tasliim,2
be-mihrii-e,2
kaisaa,2
man((-e,2
vaa-bastah,2
nekii,2
jiye,2
nihaanii,2
almaas,2
;xuu;n-bahaa,2
bai.zah-e,2
mashq-e,2
guzaaraa,2
pardah-daarii,2
aahe;n,2
punbah-e,2
ka;srat-e,2
qa:t((-e,2
josh,2
.zab:t,2
:tiflaa;n,2
mad;h,2
takliif-e,2
surmah-saa,2
kahtii,2
;xuubii-e,2
maana((,2
ro))e;nge,2
sote,2
be-taabii,2
ro))uu;n,2
ruu-kash-e,2
yaktaa,2
;xushk,2
aashob-e,2
bar-ham,2
sunte,2
laa))e,2
nigaahe;n,2
gir,2
ghiste,2
:ta((nah-e,2
mahtaab,2
;gair-e,2
badan,2
piye,2
laf:z,2
saa))il,2
qudrat,2
((ibaarat,2
pusht-garmii-e,2
rasaa))ii,2
mujhii,2
ta((ajjub,2
saraapaa-naaz,2
giryah-e,2
tim;saal,2
pur-;xuu;n,2
madaar,2
af((ii,2
;than;daa,2
;hijr,2
pesh-e,2
nashshah-e,2
pusht-e,2
dil-lagii,2
bhed,2
jaa))o,2
mauquuf,2
vaqf-e,2
sijdah-e,2
baad-e,2
puuchhtaa,2
mi;taa,2
((uqdah-e,2
jaamah-e,2
mu((aamilah,2
u;thaa))ii,2
lu:tf,2
nisyaa;n,2
zahe,2
nadiim,2
chaahte,2
na((sh,2
u;thtaa,2
manzil,2
.sub;h-dam,2
jaan-e,2
khi;nchtaa,2
aafat,2
baa;g-e,2
;xvud-aaraa,2
za;xmii,2
daraaz,2
i((jaaz-e,2
muu-e,2
sitam-gar,2
tamkii;n,2
leve,2
kau;sar,2
;hau.slah,2
banaa))o,2
jaa;n-gudaaz,2
kaar-o-baar,2
shakl,2
jin,2
bisaa:t,2
kahe;nge,2
batlaa))o,2
kamaa;n,2
kushtah-e,2
surmah,2
((aajiz,2
;xuu;n-fishaa;n,2
piite,2
a;gyaar,2
kamii;n,2
figaar,2
maanind,2
dashnah,2
paate,2
ba;rh,2
zulai;xaa,2
shaa;x-e,2
shaahid-e,2
rindaa;n,2
nishaa;n,2
aa))o,2
nisbat,2
naa-daa;n,2
alam,2
sitamhaa-e,2
thak,2
tu;hfah,2
.sayyaad,2
niyaaz-e,2
qiblah-e,2
mai-kashii,2
diidaar-e,2
darvesh,2
naa-rasaa,2
zor,2
aashuftah-bayaanii,2
mah-e,2
shevah,2
dekhe;n,2
puuchhe;n,2
majlis,2
.zaamin,2
;halqah,2
qaul-e,2
;ganiimat,2
:tarf-e,2
be-vafaa))ii,2
zahr,2
getii,2
naagahaa;n,2
ulajhte,2
bahaar-e,2
kulfat-e,2
;saabit,2
dildaar,2
jaa))egii,2
bazm-aaraa))iyaa;n,2
biinaa,2
qabuul,2
qahr,2
aavaaragii,2
kha;re,2
miirzaa,2
;ha.zrat,2
bolaa,2
chho;rii,2
;halqe,2
;gara.z,2
;gamzah,2
sho;xii,2
gustaa;x,2
laazim,2
hangaam-e,2
:tabii((at,2
kardah,2
pai,2
kamaal-e,2
rangii;n,2
;gaflat,2
kamar,2
farmaave;nge,2
kaan,2
kaar,2
;xa:t-e,2
jaur,2
asiir,2
nasiim,2
ziyaarat-gaah-e,2
anjuman-e,2
.zab:t-e,2
mor,2
auj-e,2
baalish,2
jalvah-garii,2
yaaraan-e,2
rauzan-e,2
((amal,2
andher,2
inti:zaar-e,2
mushtaaq,2
;gunchah-e,2
naa-muraad,2
mard,2
dekhe,2
rahguzar,2
siyaah,2
((aashiq-e,2
mabaadaa,2
achchho;n,2
jastah,2
naqshah,2
jins-e,2
jitne,2
nabard-e,2
guu;n,2
buu-ul-havas,2
dharaa,2
vahaa;n,2
vohii,2
;tapkaa,2
bhaage;nge,2
barg-e,2
bahaanah-e,2
begaanagii,2
milaa,2
taqriib,2
taubah,2
iltifaat,2
a;hraam,2
((ajz-e,2
;gazal,2
;gaib,2
sharmaa,2
saaye,2
pur-;xaar,2
suno,2
ziyaa;n,2
sune,2
rizq,2
re,2
baraa-e,2
mai-;xaanah,2
baadshaah,2
;hinaa))ii,2
puuchho,2
hastii-e,2
i((tibaar-e,2
taqaa.zaa-e,2
ta;gaafulhaa-e,2
vafaadaarii,2
suu,2
durust,2
aabruu-e,2
;gazal-;xvaanii,2
chiiz,2
aazaadii,2
shi((r,2
dikhlaa))e;n,2
khaa,2
kaar-farmaa,2
kahne,2
puuchhaa,2
kaavish-e,2
vo,2
jaave;nge,2
ronaa,2
;hijaab,2
diije,2
sharar,2
zinhaar,2
suraa;g,2
ja;zb-e,2
:tab((a,2
ha;nsii,2
i:zhaar,2
chiraa;gaan-e,2
gadaa))ii,2
qadr,2
ta((n,2
aa))ine,2
ham-aa;goshii,2
rotaa,2
naqaab-e,2
guftaguu,2
ak;sar,2
kaarii,2
bai;thiye,2
rahzan,2
taqdiir,2
gum,2
daamaan-e,2
kare;nge,2
ham-safar,2
tihii,2
pur,2
justajuu,2
be-zaar,2
;xaanah-viiraanii,2
;dare,2
koh,2
marg-e,2
dil-farebii-e,2
falak-e,2
aasmaan,2
;gam-;xvaarii,2
junbish,2
gadaa,2
pai;gaam-e,2
da((vaa-e,2
minnat-kash-e,2
ustaad,2
;ha.zrat-e,2
raaz,2
sabzah-o-gul,2
javaa;n,2
qi.s.sah,2
utnaa,2
mi.sr,2
;darte,2
mausam,2
tim;saal-daar,2
galii,2
aa))uu;n,2
laag,2
chaarah-e,2
baazaar-e,2
ma.zaamii;n,2
da((v;aa-e,2
maktab,2
likhe,2
ka))ii,2
((aba;s,2
ravaa,2
vus((at,2
;xariidaar-e,2
((aarif,2
binaa-e,2
;hairat-e,2
dabistaa;n,2
junbish-e,2
shah,2
shai,2
guzar-gaah-e,2
numaayaa;n,2
aahang-e,2
aa))iine,2
;xum,2
abjad,2
insaa;n,2
badii,2
hangaamah,2
lii,2
.said-e,2
masii;haa,2
burii,2
raunaq,2
imkaa;n,2
chalaa,2
taq.siir,2
peshtar,2
baham,2
na:z:zaarah-e,2
fard,2
fa.sl,2
bataa))o,2
talaafii,2
pareshaanii-e,2
kisliye,2
jaarii,2
sar-navisht,2
sipaas-e,2
saaz,2
saat,2
saal,2
la;raa))ii,2
na;xvat,2
daa))im,2
;xvurshiid,2
qaabil,2
biga;r,2
;xiyaabaa;n,2
;savaab,2
lagaa))o,2
sharar-baar,2
milne,2
naved-e,2
u;thtii,2
nishaanii,2
asbaab-e,2
khaate,2
samandar,2
khaa))ii,2
.sabr-aazmaa,2
kunj-e,2
saamaa;n,2
lene,2
tamannaa-e,2
be-mu;haabaa,2
na;xchiir,2
ashk-baarii,2
girye,2
muzhdah-e,2
dare;g,2
aashuftah-sar,2
maal,2
maan,2
dho))e,2
qufl-e,2
jaanaa;n,2
aaye,2
baate;n,2
naa-tamaamii,2
muqaddamah,2
aave;n,2
rakhtii,2
sataa))e,2
aazmaane,2
;xauf-e,2
ba;xt-e,2
shakl-e,2
zamiin,2
kuuchah-e,2
u;rte,2
rokaa,2
jalaa,2
a.sl-e,2
i((timaad-e,2
;xaamoshii,2
kaash-ke,2
jahaa;n-taab,2
gurezaa;n,2
mu;nd,2
naaf-e,2
;gam-;xvaar-e,2
diidah,2
muzhdah,2
naavuk-e,2
kidhar,2
buraa))ii,2
ha;ns,2
bulaa))e,2
alif,2
aatish-zadah,2
paasbaa;n,2
:turrah-e,2
dekhii,2
qad-e,2
;tapke,2
kamaal,2
likhvaa))e,2
farq,2
mihr,2
hazaaro;n,2
puuchhte,2
ranjuur,2
chupke,2
u;thaane,2
paak,2
fai.z-e,2
sharaar-e,2
;hashr,2
darmiyaa;n,2
;xastah,2
aazaad,2
maqduur,2
muft,2
be-niyaazii,2
bevafaa,2
tausan,2
sunii,2
tishnah-e,2
;hazii;n,2
paikar-e,2
faraa;g,2
((iid,2
sharmindah,2
rafuu,2
baa,2
aadam,2
bahr-e,2
sach,2
achchhe,2
;huur,2
((alii,2
aabaad,2
khodne,2
masjid,2
aah-e,2
;xum-e,2
piitaa,2
ishaarah,2
bodaa,2
ruubaruu,2
aa))inah-siimaa,2
;gaarat-gar-e,2
;xuu-e,2
but,2
naamuus-e,2
dene,2
firaaq-e,2
bhes,2
jaltaa,2
dikhaa,2
raqiibo;n,2
sharm-e,2
chaal,2
bistar-e,2
dahaa;n,2
aa))e;n,2
guzraa,2
biimaar-e,2
diivaaro;n,2
fitnah,2
;ha;zar,2
banaa))e,2
munfa((il,2
((aar-e,2
shaad,2
kahaanii,2
shaam,2
;harf-e,2
mihr-o-vafaa,2
gul-o-laalah,2
kaa;ga;z,2
;xiraam,2
samajhtaa,2
kaashaane,2
ru;x-e,2
;daalaa,2
be-qaraar,2
yak-bayaabaa;n,2
vadii((at-e,2
ustuvaar,2
sard,2
raaz-daa;n,2
ra;hmat,2
rishtah,2
asad-ul-l;aah,2
;gash,2
;xvur,2
hayuul;aa,2
pho;rnaa,2
vafaa-e,2
:tauq,2
;gam-;xvaar,2
pa))e,2
dushman-e,2
tundii-e,2
samjho,2
haatho;n,2
naamuus,2
be-parvaa,2
dosh,2
joshish-e,2
;daal,2
barsaat,2
taak,2
ya((quub,2
aab-giinah,2
dasht-navardii,2
saakinaan-e,2
shiiraazah,2
utar,2
zumurrud,2
teshe,2
sail-e,2
mi;te,2
rakhyo,2
de;nge,2
kaa;ga;z-e,2
shaah-e,2
batlaa,2
aashuftagii,2
halaak-e,2
a.sl,2
laalah-kaarii,2
saudaa,2
khe;nchtaa,2
likhe;nge,2
aaraa))ish-e,2
pataa,2
man:zar,2
sub;hah-e,2
gunaaho;n,2
vabaal-e,2
chhu;taa,2
namuud,2
ham-saa,2
na))e,2
uljhaa,2
.sirf,2
pii,2
gunaah,2
kaavish'haa-e,2
le;n,2
;hasad,2
do-((aalam,2
qulzum-e,2
agle,2
phire;n,2
surme,2
barahman,2
kuhan,2
aabilo;n,2
((adaavat,2
((ibaadat,2
chho;r,2
pilaa,2
parvaa,2
bad-naam,1
shiguftagii,1
rang-o-saaz'haa,1
;xuu;n-;galtiidan-e,1
((araq,1
gomago,1
daa;nto;n,1
bhaagne,1
;xuub-ruuyo;n,1
;xvurshiid-jamaal,1
va.z((-e,1
pahu;nche,1
ni((mat,1
kho))e,1
auj,1
khule,1
;hinaa-e,1
sar-gashtagii,1
but-kade,1
maatam,1
giriftaarii,1
hu;n,1
pho;r,1
biim-e,1
;xair,1
najaf-o-:tauf-e,1
khapaataa,1
reshah-davaanii,1
khaayaa,1
a((:zam,1
naaqi.s-o-kaamil,1
siikhe,1
phirtii,1
be,1
;hiile,1
iltijaa,1
:zaahira:n,1
diivaar-juu,1
urdii,1
utne,1
millate;n,1
qadam-bos,1
shuguftan-haa,1
majnuun-e,1
ulfa:t'haa-e,1
((ar.sah-e,1
jafaa))e;n,1
nazaakat,1
;xaanah-viiraa;n-saazii-e,1
rahbar-e,1
maatam-;xaanah,1
;xo,1
akbar,1
chhupaane,1
aatishii;n,1
bharam,1
.sul;h,1
junuu;n-jaulaa;n,1
fu.zuul-o-jur))at-e,1
kul,1
zindah,1
kaalbud-e,1
vaa-bastah-e,1
payaam-e,1
arzaanii,1
;xafaqaanii,1
be-nang-o-naam,1
liijo,1
kaa;te,1
.zauq-e,1
ru;xsaar-e,1
phirne,1
;hujrah,1
be-shaanah-e,1
;xamoshiyo;n,1
shahinshaah-e,1
majbuur,1
sunaa))uu;n,1
thamaa,1
mur;g,1
guftago,1
zindaaniyo;n,1
;xastah-tan,1
girah-e,1
lu;taataa,1
;haajaat,1
ghabraave;nge,1
iqbaal-e,1
be-;xvudo;n,1
humaa,1
na:z:zaarah-o-;xayaal,1
dil-o-mizhgaa;n,1
bah-;zarrah,1
berab:tii-e,1
aarzuu))e;n,1
sang-dil,1
baadah-noshii-e,1
:taraavat-e,1
sar-giraanii,1
minnat,1
te;g-aazmaa,1
ruudaad-e,1
parhez,1
haihaat,1
taake,1
vufuur-e,1
maq.sad,1
tuu;nbe,1
baadah-noshii,1
shar:t-e,1
sitam-kash,1
iltihaab,1
piyaalah-o-saa;gar,1
dau;raa))e,1
kushaad-e,1
ghisegaa,1
ishaaraa,1
tho;rii,1
baaziichah-e,1
harzah,1
bhuuke,1
ishaarat,1
niilii-faam,1
ma;hmil,1
nuq.saa;n,1
phuul,1
:turrah,1
sai;nk;ro;n,1
;gariib-navaaz,1
dafn,1
aa))inah-daarii-e,1
isti;gnaa-e,1
.zaamin-e,1
lab-o-dandaa;n,1
re;xtah,1
sa:t;h-e,1
u;raa,1
;hayaat-e,1
:tuufaanii-e,1
dast-giirii,1
aa))iyo,1
mutaqaabil,1
;hikmat,1
kushaayish,1
kahnaa,1
jazaa,1
mushkil-e,1
dil-o-dil,1
i;xtilaa:t,1
baalish-e,1
ul;taa,1
qudrat-e,1
be-dimaa;gii,1
shast-e,1
parvaaz-e,1
pa;rh,1
munkar-e,1
naa-kaamii,1
nikalte,1
furuu((,1
lag,1
.sariir-e,1
iqliim,1
lat,1
rangii;n-navaa))ii,1
samjhe;n,1
aastii;n,1
ijaazat,1
na.siir-e,1
rastaa,1
nishaan-e,1
sabaq-e,1
;gariibii,1
u;the;nge,1
daar-o-rasan,1
aasaa))ish,1
dar-pardah,1
khe;nchuu;ngaa,1
be-kafan,1
bache;n,1
nahii,1
be-gunah-kush-o-;haq,1
shab-o-roz-o-maah-o-saal,1
rahguzaar,1
rah-guzaar,1
tamaashaa))ii,1
diijiyo,1
purze,1
diijiye,1
;xvud-biin-o-;xvud-aaraa,1
naumed,1
tarastaa,1
shikvah-sanj-e,1
puuchhuu;n,1
de;n,1
inti.zaar,1
chho;re,1
idraak,1
do-niim,1
miqdaar-e,1
vaa-rastah,1
chho;ro,1
ra.zaamand,1
faanuus,1
sa;harii,1
afshardah-e,1
andeshe,1
kinaare,1
inti:zaam,1
sanjaab,1
;xatm,1
sharaar,1
savaar-e,1
mai-kash,1
bante,1
ba;ndhe,1
bujhte,1
phiro,1
giraa;n-nishii;n,1
aabaad-e,1
aahuu,1
nus;xah-e,1
hadyah,1
naviid,1
bulaataa,1
((aish-o-jaah,1
rahzanii,1
lip;taa,1
ba;xye,1
so;xtah,1
qanaa((at,1
jaa;n-sipaarii,1
jaaniye,1
:tuumaar-e,1
rahnaa,1
dast-o-paa,1
sotaa,1
munaajaat,1
;xudaavand-e,1
ma((aash-e,1
pahu;nch,1
sahl,1
ham-saaye,1
i((timaad,1
.sa;hraa-navard,1
rutbe,1
.suurate;n,1
farmaa))o,1
qaa))il,1
;xissat,1
kaam-o-dahan,1
pai-ravii,1
la;rte,1
malak-ul-maut,1
raakh,1
guzarte,1
bhuule,1
yak-kaf,1
u;thye,1
mu.z:tarib,1
u;raane,1
dhamkii,1
dukaan-e,1
ta.savvuf,1
dil-barii,1
jigar-;xaraash,1
shaadaab-e,1
tund,1
sar-angusht-e,1
sitaare,1
dil-daar,1
:tuu:tii-e,1
i((tidaal,1
jam((iyyat-e,1
vaa-shud-e,1
be-savaal,1
;xair-baad,1
shiirii;n-bayaanii,1
fasaa;n,1
tuhmat,1
vakiil,1
be-darvaazah,1
jaa;n-sitaa;n-tar,1
piir,1
.suur,1
;husain,1
neshtar,1
be-chain,1
aazaado;n,1
:tab((-e,1
mai-parastii,1
;xajaalat,1
qiimat-e,1
rau,1
lahnaa,1
bhare,1
((umr-o-asad,1
sharm-saar,1
guzartaa,1
ittifaaqii,1
numuud-e,1
surmah-e,1
daaman-afshaanii,1
laalah-zaar,1
qada;h-;xvaar,1
daam-gaah,1
vaj'h,1
mukaukab,1
qad-o-gesuu,1
aazaar-e,1
nayastaa;n,1
duurii-e,1
sharaab-e,1
ba;ndhaa,1
mausam-e,1
paas-baa;n,1
aa))inah-daar,1
dushvaarii-e,1
muqaddar,1
shiguftah,1
miinaa))ii,1
be-sharaab-o-dil-e,1
tuhmate;n,1
za;hmat,1
naalah-farsaa))ii,1
be-((ishq,1
niim-;gamzah,1
tafriqah,1
vafaadaar,1
niyaam-e,1
la;rko;n,1
maa;ndagii,1
reshagii,1
dhotaa,1
safar-e,1
;hikaayat-e,1
((ar.se,1
biga;rtaa,1
fusuu;n-gar,1
;xaanah-zaad-e,1
iimaan-o-aagahii,1
mu:trib,1
kaakul-e,1
chalii,1
bayaan-e,1
majmuu((ah-e,1
banaayaa,1
ra;xsh-e,1
va;hshat-o-sheftah,1
be-pardah,1
shikaar,1
silvaane,1
saamaan,1
la;h:zah,1
shiishah-e,1
maryam,1
mu;gannii-e,1
mu;xaalif,1
bak,1
sitam-zadagaa;n,1
mu.savvarii,1
biinaa))ii,1
ka;ttii,1
be-mai,1
gaaliyo;n,1
sulaimaa;n,1
jamshed,1
bed,1
quv;aa,1
jaa;n-fizaa,1
beqaraarii,1
;haraam,1
bai;th,1
sau;npii,1
ma;hv,1
shahpar-e,1
shevah-e,1
piirii,1
kabaab-e,1
((iyaadat,1
gauhar-farosh,1
naz((a,1
;xvaastah,1
yahaa;n,1
dau;rte,1
guzartii,1
chhu;t,1
;hariif,1
mahiine,1
gahvaarah-junbaanii,1
lakad-kob-e,1
azal,1
kufr,1
((alaavah,1
auro;n,1
dabii,1
parii,1
dijlah,1
jalvah-farmaa))ii,1
nihaalii,1
dard-o-alam,1
badalne,1
aashuftah-saro;n,1
majlis-furoz-e,1
vujuud-o-((adam,1
;xayaalii,1
pate,1
martabah,1
mi;ttaa,1
maa))idah-e,1
;hasb-e,1
saamaa;n-:taraaz-e,1
nu:tq,1
girnii,1
pa-e,1
zamaa;n,1
.saf-e,1
ro))iye,1
maqaam-e,1
dil-furoz,1
vafaa-;xvurdagaa;n,1
bad-mastii-e,1
aurang-e,1
dil-o-jaa;n,1
piinas,1
mun;harif,1
jalvah'haa-e,1
dast-o-baazuu,1
be-i;xtiyaar-e,1
;xuu;n-naab,1
kisuu,1
aarzuu-e,1
pii;tuu;n,1
be-jurm,1
be-.sadaa,1
khaa))uu;n,1
kaafar,1
;zillat,1
pareshaaniyaa;n,1
jalvah-zaar-e,1
pak;raa,1
kishvar-e,1
qahr-o-((ataab,1
burdan-e,1
:tuulaanii,1
milegaa,1
faut-e,1
gul-farosh,1
tasliim-e,1
a;hvaal-e,1
parastaarii-e,1
;xvudaa,1
qiblah,1
banegii,1
mai-o-saa;gar,1
;xuu;n-;galtiidah-e,1
gulhaa-e,1
tal;xii-e,1
naa-mihrbaan,1
jeb-o-daaman,1
farsh,1
ayaa;g,1
palko;n,1
;xa:tar,1
u;ngliyaa;n,1
taazah-vaaridaan-e,1
shinaavar,1
dil-aazurdagaa;n,1
ba:t-e,1
namruud,1
chaaho,1
paave,1
sar-mastiyaa;n,1
;gaib-e,1
((iimaa-e,1
hamvaar,1
daamaa;n,1
;gala:tiihaa-e,1
dost-daarii,1
aaramiidagii,1
biim,1
dar-havaa-e,1
.sa;hraa-dast-gaah-o-qa:trah,1
khaanaa,1
:tay,1
fashaar-e,1
;hasrataa,1
salaam,1
gauhar-e,1
fard-e,1
ta((alluq,1
rindaanah,1
zabaa;nhaa-e,1
.sub;h-o-mihr,1
sar-o-saamaa;n,1
naachte,1
sanam-parasto;n,1
;hasrat-parast-e,1
dil-jam((ii,1
darbaanii,1
pardaaz,1
asiiro;n,1
rahzan-e,1
mubaddal,1
tabaahii,1
sijdah,1
dil-sitaa;n,1
diidah-o-dil,1
;hau.sle,1
batlaa))e;n,1
:tu((mah,1
rahiin-e,1
riyaa))ii,1
;thahre;n,1
gavaah-e,1
jhaa;rii,1
maqtal,1
chhupnaa,1
be-raunaqii-e,1
aazaadah-o-;xvud-bii;n,1
daryaa-aashnaa,1
ghaas,1
ziinat-e,1
chhe;re,1
yuusuf-e,1
baa-ham-digar,1
;xusrau,1
daastaan-e,1
guunah,1
kaa;n;to;n,1
libaas,1
kholnaa,1
jaa;n-gudaazii-e,1
jhukne,1
navaazish,1
muflisaa;n,1
laalah-o-gul-o-nasrii;n,1
ta((riif,1
rah-numaa,1
taf-e,1
mi;tnaa,1
la((l-o-zumurrud-o-zar-o-gauhar,1
mudda((ii-o-diidah,1
guldastah,1
kaa))inaat,1
baa-vujuud-e,1
pech-o-;xam,1
kaasah-e,1
tajaahul-peshagii,1
;xvaab-naak,1
chaahuu;n,1
suruur-o-soz,1
shahiido;n,1
siyah,1
o,1
mai-o-angabii;n,1
baniye,1
kaamyaab,1
shafaa,1
chaman-:taraazii-e,1
rau;ndii,1
munkir,1
mansuub,1
pahu;nchaa,1
chashmhaa-e,1
dafiinah,1
raft,1
puuchhnaa,1
dikhaa))ii,1
;daraataa,1
mazduur,1
:tauf-e,1
rakhye,1
baarish,1
burdah,1
((aari.z,1
au.zaa((-e,1
bahraa,1
nau-;xez,1
qatl-gah-e,1
;harii.s-e,1
sair-o-tamaashaa,1
dil-pa;ziir,1
navaazish'haa-e,1
faaqah-mastii,1
;tapaktaa,1
.sad-hazaar,1
sar-taa-sar-e,1
laate,1
badr,1
sar-chashmah-e,1
;haajat-e,1
;dhuu;n;de,1
jam((-o-;xarj-e,1
diigar,1
bastiyo;n,1
:taalib-e,1
barso;n,1
kushuudah,1
naamah,1
zard,1
;hujjat,1
;xvushaamad-:talabo;n,1
raq.s-e,1
giraa;n-baarii-e,1
huujiyo,1
shaahid-baaz,1
siyah-posh,1
ek-saa,1
dashne,1
zindaa;n-;xaanah,1
nabard,1
daulat-o-dii;n,1
javaahir,1
zang,1
tadarv,1
darmaa;ndagii,1
tis,1
huujiye,1
mukaafaat,1
gunjaa))ish,1
sar-giraa;n,1
kavaakib-sipah-o-mihr-((alam,1
naazuk-badan,1
aashnaa))ii,1
ijaazat-e,1
shabaanah,1
nafii,1
punbah-aagii;n,1
kaam-e,1
pa;rii;n,1
ruu;h-e,1
juuyaa,1
baajaa,1
fai.z,1
naa-((aaqibat-andesh,1
zahrah-e,1
gum-gashtah,1
kaar-o-baar-e,1
;hau.salah,1
rok,1
bai.zah-aasaa,1
du((aa))e;n,1
tajdiid-e,1
;xaanah-viiraa;n-saaz,1
shoriidah-e,1
:tuufaa;n-gaah-e,1
ba;gair-e,1
laataa,1
afsaanah,1
be-ka;saafat,1
;gala:tii,1
giryah-o-lab,1
zabuunii-kash-e,1
nuktah-saraa,1
barastii,1
va.sl-e,1
jam((-o-;xarj,1
((araq-e,1
lagaava;t,1
((aliih,1
((aashiqii,1
;xusrav-e,1
dil-o-dii;n,1
((aqiidah,1
mardumak-e,1
aazmaanaa,1
soch,1
;haj,1
aatish-parast,1
be-;haa.sil,1
just-juu,1
ishtiyaaq-angez,1
taab-o-tuvaa;n,1
laa))iq-e,1
iltifaat-e,1
dil-o-diidah,1
na;xshab,1
nishaan,1
taraavish,1
.sar.sar,1
saa;xtah-o-fa.sl-e,1
jaa;n-sitaa;n,1
be-iltifaatii,1
gul-chiin,1
qa.suur,1
pindaar,1
baadah-;xvaar,1
dilbaraa;n,1
;xaraab-e,1
;xafaa))ii,1
shabnam-istaa;n,1
ba;xyah-e,1
baadah-o-saa;gar,1
barii;n,1
rah-guzar-e,1
bole,1
mushaahadah-e,1
:tannaaz,1
bachcho;n,1
ma;hshar-e,1
siim-tan,1
va;hshat-kadah,1
ta))ammul,1
((aari.z-e,1
gaz,1
na:zaarah-e,1
kaakul,1
.sad-daanah,1
;xuu;n-naabah-mashrab,1
naa.siyah-saa,1
shorish-e,1
pariizaado;n,1
daftar,1
faryaadii,1
raqam,1
ugaataa,1
be-raunaqii,1
la;riye,1
na.siibo;n,1
bahne,1
tujh-sii,1
fitno;n,1
fidaa,1
.sifaat,1
navaa-pardaaz,1
bataa))uu;n,1
farqat,1
u;rtii,1
pur-gul,1
baad-pemaa))ii,1
giraa;n-maayah,1
naa-saaz,1
;hijaab-e,1
raahbar,1
na;gmah-sanj,1
na:zaarah,1
bairuun-e,1
juu))ibaar-e,1
saa;hil-e,1
sabz-e,1
sako,1
dar-o-diivaar-e,1
takraar-e,1
dukhte,1
pa;rhye,1
laa))ii,1
naayaab,1
mard-afgan-e,1
shab-rau,1
:tabii((ato;n,1
aa))iinah-daarii,1
gaaliyaa;n,1
biimaarii-e,1
sul:taa;n,1
;xuu;n-gashtah,1
mushtaaq-e,1
saa;gar-o-miinaa,1
nuktah-daa;n,1
naa-shiguftah,1
;xuu;n-baar-e,1
shafaq,1
((adaavat-e,1
utre,1
hushyaar,1
.safaa-e,1
kinaarah,1
sangii;n,1
lab-tishnah-e,1
maanii,1
jaa;n-kaahii-e,1
rab:t,1
naa-shinaas,1
alam-e,1
chande,1
shuguftan-e,1
qatl-gah,1
takraar,1
taufiir-e,1
partav,1
shiguftan-e,1
shoriidah-;haal,1
josh-o-;xarosh,1
ka;tne,1
be-adabo;n,1
ni;saar,1
bar-paa,1
samajhnii,1
diivaan-e,1
but-;xaanah,1
tuhmat-kash-e,1
pahchaantaa,1
maa,1
taraanah-e,1
tasliim-o-badaa,1
yaaro;n,1
kam;xvaab,1
mudda((aa-:talabii,1
tangnaa-e,1
tale,1
ma;hfile;n,1
.sabr-:talab,1
jalvah-gaah,1
((inaayat,1
shuhrat,1
giraa;n-maayagii-e,1
;gamhaa-e,1
muyassar,1
girah,1
kaliisaa,1
kulah,1
man.suur,1
giraa,1
kaimuus,1
char;x,1
ma((aanii,1
((unvaan-e,1
fariiduun-o-jam-o-kai;xusrav-o-daaraab-o-bahman,1
dushnaam,1
nok,1
andeshah'haa-e,1
shoriidah,1
kujaa,1
:tabii((at-e,1
sabab,1
((uyuub-e,1
sipaarii,1
chhi;rkaa,1
laanaa,1
diivaanagii,1
payaam-o-chashm,1
;gariib,1
mu((iin-e,1
magas,1
inti;xaab,1
muvaa;xa;zah-e,1
samaa((,1
aafat-e,1
gardish,1
bayaan,1
mahshar,1
paikaa;n,1
ma;zkuur,1
guftguu,1
ka;te,1
ta((liim-e,1
koso;n,1
ta;hammul,1
mu((aamalah,1
((ibrat-e,1
ru;x.sat,1
rag-o-pai,1
reshah,1
ashk-e,1
subuk-sar,1
aa;zar-fishaa;n,1
be-;xabar,1
fasaanah-;xvaanii-e,1
aabaadii,1
jalii,1
aavaarah,1
baras,1
siyah-;xaanah-e,1
rind-e,1
:ta((nah,1
dil-aashuftagaa;n,1
nuktah-chii;n,1
rakaab,1
;xvaahishe;n,1
raah-o-rasm-e,1
la;rakpan,1
yaktaa))ii,1
ra((naa))ii-e,1
rast;xez-andaazah,1
bhuulaa,1
zanjiir-e,1
dillagii,1
navaahaa-e,1
nikalnaa,1
millat-o-mulk,1
gustaa;xii-e,1
nayyar,1
;gam-;xaane,1
pardah-daarii-e,1
khaave;nge,1
sipaas,1
bad-tar,1
shu((aa((,1
rah-o-rasm-e,1
zar,1
za;hmat-e,1
parvarish,1
ajzaa,1
na;gmah-saraa,1
;xaan-maa;n-;xaraab,1
jaa))iyo,1
re;xte,1
naaz-o-;gamzah,1
kaaf-e,1
.zu((f-e,1
balaa))e;n,1
sar-niguu;n,1
mala;x,1
piyuu;n,1
bahaadur-e,1
sufrah,1
((aql-o-dil-o-jaa;n,1
daa;g-saamaa;n,1
chhi;rke,1
ba;xyah,1
;xaaliq-e,1
ranjish-e,1
laale,1
aazmaa))e,1
;hayaat-o-band-e,1
bichhaa))e,1
girtaa,1
lashkar,1
baato;n,1
;xuu-kardah-e,1
shikeb-o-.sabr-e,1
sharmindagii,1
sho;x-o-((aashiq-e,1
angez,1
;xvurshed,1
maanuu;n,1
paivand,1
daadah,1
i;xfaa-e,1
jaane;n,1
niim-jaa;n,1
saiyaarah,1
dahan-e,1
shevan,1
tamkiin-e,1
talaafii-e,1
nek,1
((a;zaab,1
rahye,1
bayaabaa;n-navard-e,1
kaifiiyat-e,1
taab-o-tavaa;n,1
infa((aal,1
chakiidan,1
;hadii;s-e,1
sargashtah-e,1
;xaamosh,1
aab-o-havaa-e,1
kahaaro;n,1
iimaan,1
be-gunah,1
naz((,1
pahluu-e,1
kushaadah,1
kasb-e,1
fusurdagii,1
ta;zkirah-e,1
gul-fishaaniihaa-e,1
;halqah'haa-e,1
((itaab,1
andaaz-o-adaa,1
aabruu,1
aab-ruu,1
tashviish-e,1
parii-paikar,1
gunbad-e,1
kandhaa,1
nuzuul,1
ikraam,1
sarmaayah,1
hijr-e,1
naa-kardah,1
khoyaa,1
asaamii,1
piyo,1
daliil,1
kesh,1
be-.sarfah,1
daab,1
ma;hsharistaan-e,1
ghabraa))e;n,1
ba;xsh,1
gul-afshaanii-e,1
a((.zaa,1
aave;nge,1
sarmaayah-e,1
naukar,1
pahu;nchte,1
takyah-gaah-e,1
infi((aal,1
aaftaab-parast,1
;xudaa))ii,1
tan-aasaanii,1
rahtii,1
parniyaa;n,1
cha;taknaa,1
makii;n,1
davaam,1
i;xlaa.s,1
naalah-farsaa,1
aa))iinah-;xaane,1
:turfah,1
ravaanah,1
kaav-kaav-e,1
thamtaa,1
ruktaa,1
barshkaal-e,1
zer-baar-e,1
shahiidaa;n,1
isti;gnaa,1
ma((;zuur,1
dar-tishnagii-murdagaa;n,1
mihrbaaniihaa-e,1
nafas-parvar,1
maane,1
mu;gtanam,1
khulegaa,1
juzv-e,1
be-bahrah,1
sarshaar-e,1
:zan,1
aazaadii-e,1
nagiin-e,1
;daale;nge,1
;xvush-o-naa-;xvush,1
masjuud,1
bekasii-haa-e,1
dar-pa-e,1
na:z:zaaragii,1
kisht,1
maqbuul,1
aab-o-gil,1
bahaa))ii,1
chashm-o-gosh,1
dar-qafaa-e,1
ham-:tar;hii-o-dard-e,1
ibn-e,1
parii-ru;x,1
yaas-;xez,1
gul-chiin-e,1
piir-e,1
vujuud-e,1
afsurdagii-e,1
milnaa,1
chakkar,1
vajd-e,1
pardah-daar-e,1
jamaal-e,1
:tahuur,1
pa;rye,1
muqarrar,1
shahaadat,1
nau;hah-;xvaa;n,1
jalvah-rezii-e,1
;zauq-fizaa,1
palang,1
diidaar-jo,1
((inaa;n-guse;xtah,1
mare,1
siyah-mastii-e,1
karoge,1
kaa;ga.z,1
.zarar,1
safedii,1
huujo,1
jalaane,1
be-;hau.slagii,1
va.sl-o-yaad-e,1
sabze,1
mu((aaf,1
shaahid,1
mashhad-e,1
fitnah-;xuu,1
kushaad-o-bast-e,1
be-i;xtiyaar,1
banii,1
anaa-al-ba;hr,1
gunaahgaar,1
rah-o-sitam-e,1
mash;guul-e,1
;xanjar-aazmaa,1
hangaame,1
girih,1
daa))im-ul-;habs,1
laavegii,1
ma;hramii-e,1
sitam-o-jor-e,1
lipa;tnaa,1
kho,1
saadagii-o-purkaarii,1
far.z,1
;xuftah,1
thame,1
koshish,1
.saaf,1
pas,1
burrish-e,1
in.saaf,1
mai-;xaane,1
taskiin,1
tamhiid-e,1
kamand-e,1
nabaatii,1
kahve;n,1
arzaanii-e,1
shahryaar,1
nesh,1
suraa;g-e,1
sulaimaa;n-jaah,1
fanaa-ta((liim-e,1
te;g-o-kafan,1
daftar-e,1
aarzuu-;xiraamii,1
girii,1
la((l-e,1
((aks-e,1
bulbule;n,1
sar-o-paa,1
tinkaa,1
na((l-bahaa,1
ruu-kashii,1
shaane,1
shaa))ibah-e,1
aamad-aamad-e,1
raqiib-e,1
taa;siir-e,1
;zarii((ah-e,1
chaman-o-;xuubii-e,1
faujdaarii,1
lete,1
;haa))il,1
khe;nchuu;n,1
phiraa,1
ruu-shinaas-e,1
;haqiiqat-e,1
guharhaa-e,1
;xizaanii-e,1
armaan,1
naasuur,1
vi.saal-e,1
ziyaad,1
taqv;aa,1
haft,1
bad-((ahdii,1
samjhe;nge,1
jaage,1
jannat-e,1
;husn-parastii,1
;xaak-andaaz,1
chiin-e,1
la;z;zat-yaab,1
raunaq-e,1
rasm-o-raah,1
kamiin-e,1
shu((aa((-e,1
buzurg,1
shuniidan,1
.suurat-;xaanah-e,1
;gam-naak,1
rezah-e,1
ma((dan,1
:zann,1
tishnah-kaamii,1
dil-bastagii,1
;hijraa;n,1
naak,1
aastaan-e,1
pur-pech-o-;xam,1
naar,1
makaa;n,1
naa-in.saaf,1
qais-o-kohkan,1
;tuk;raa,1
radd-e,1
na:zar-gaah-e,1
shuhuud,1
talaash-e,1
aa;gosh-kushaa))ii,1
zindaanii-e,1
par-fishaanii,1
dhabbe,1
samjhuu;ngaa,1
pur-((arbadah,1
ulfa:t,1
ruktii,1
baraa))e,1
;gamzah-o-((ishvah-o-adaa,1
kashash-e,1
dar-;xvar,1
yak-((aalam-o-((aalam,1
yaas-o-ummiid,1
khaane,1
aa;nsuu,1
reshah-e,1
uchhal,1
kaa;n,1
likhuu;n,1
;xaraabaat,1
chor,1
silsilah-e,1
bar-;xvurdaar-e,1
((al;ii-al-ra;gm-e,1
naqshaa,1
aah-o-fi;gaa;n,1
;hall-e,1
khai;nche,1
viiraanii-sii,1
be-;xarosh,1
khulne,1
dil-sitaanii,1
;gala:t-bardaar,1
naa-ummiidvaarii,1
((uquubat,1
bedil,1
aa))inah-;xaane,1
vaaqi((ah,1
;gam-gusaarii,1
pa))e-ham,1
lagne,1
be-mazaa,1
sazaa-e,1
paashnah,1
rasm-o-rah-e,1
aablah,1
((ataab,1
;zahn,1
bedaad-gar,1
;xuu;n-rez,1
za((m,1
;ga.zab,1
;haq-e,1
jaa))oge,1
nau;hah-e,1
su;xan-e,1
;gariibaa;n,1
dast-gaah-e,1
vaqto;n,1
pareshaanii,1
laraztaa,1
nasheb-o-faraaz,1
cha;rh,1
be-minnat-e,1
tahiiyah-e,1
shiishah-baaz,1
ghabraa))egaa,1
be-shiiraazah,1
baqaa,1
be-;xvudii-o-hushyaarii,1
bujhaa))e,1
;gaflat-e,1
maariye,1
shu((lah-baar,1
abr-o-shab-e,1
a((maar,1
shikaayat-e,1
rahguzaar-e,1
farishto;n,1
;xalish,1
;hamzah,1
;te;rhaa,1
baavujuud-e,1
namak-paash-e,1
saadah-dil,1
nau;hah-gar,1
kungur-e,1
be-;xuun-e,1
;hikaayaat-e,1
adab,1
barq-;xiraam,1
parastish,1
be-;xvaabii,1
.sar.sar-e,1
be-;hijaab-e,1
chhe;re;nge,1
chii;xuu;n,1
be-;xvaab,1
ma;hruum,1
angusht-e,1
chain,1
pinhaanii,1
:taraavat,1
aazurdagii-e,1
u;thte,1
ugaa,1
naa-yaaft,1
nikammaa,1
rangaarang,1
bane;nge,1
buud-e,1
ii;n,1
mile;n,1
faryaad-e,1
.saiyaad,1
lagaave,1
u;thaate,1
((ibrat,1
bar-sabiil-e,1
;xvush-;haal,1
u;nglii,1
sitam-:zariif,1
bove,1
;xaal-e,1
kaa))ii,1
hangaamah-aaraa,1
javaahir-e,1
sar-manzil-e,1
nuur-ul-((ain-e,1
pa;rtii,1
paaband-e,1
tamannaa))e;n,1
ma((shuuqii-o-be-;hau.salagii,1
kinaar-e,1
aab-juu,1
saaqii-o-;zauq-e,1
naa-tamaamii-e,1
durd-e,1
yak-jahaa;n,1
muva;h;hid,1
jitnii,1
parii-chahrah,1
dilbar,1
jangal,1
.saiqal,1
tujh-saa,1
samajhyo,1
shaa((ir,1
bebaakii-o-gustaa;xii,1
iram,1
nau-bahaar-e,1
mai-parastaa;n,1
.saa((iqah-o-shu((lah-o-siimaab,1
bhaagaa,1
churaanaa,1
;zaliil,1
naagahaanii,1
jaltii,1
shikan,1
qiyaas,1
ravish-e,1
:taali((-e,1
chiir,1
niim-shabii,1
kaukabah-e,1
z-baskih,1
numuu,1
be-:talab,1
zulfe;n,1
chaltii,1
chashm-o-chiraa;g-e,1
puuchhne,1
be-zabaa;n,1
naisitaa;n,1
mulaaqaat,1
daad-o-sitad,1
bad-gumaanii-e,1
shiddat,1
paa))idaarii,1
ham-diigar,1
dii;n-daar,1
zaanuu-e,1
be-sar-o-paa,1
;xuu;n-shudah-e,1
da((ve,1
tunuk-aabii,1
ham-rahaa;n,1
itnii,1
barsh-kaal,1
chhu;tii,1
maq.sad-e,1
naamah-e,1
janaazah,1
pesh-dastii,1
:zulmat-gustarii,1
shumaar-e,1
faarsii,1
libaas-e,1
ma-aal,1
mudda((;aa,1
chang-o-rabaab,1
gul-fishaanii,1
sharaf,1
phuu;nkaa,1
zabuu;n,1
nakiire;n,1
larazne,1
jaam-o-subuu,1
;duubii,1
;xi:t:tah-e,1
nujuum,1
:tarz-o-ravish,1
mara.z,1
dil'haa-e,1
naa-saazii-e,1
naalo;n,1
chaarah-gar,1
chukii;n,1
daf((-e,1
bayaabaa;n-navard,1
paa))e;n,1
la;r,1
qa;h:t-e,1
vafaa-daarii,1
gumaan,1
chuntaa,1
;xvush-navaayaan-e,1
durdii-kash-e,1
be-i((tidaaliyo;n,1
mushaahadah,1
firdaus-e,1
khi;nch,1
afzaa))ish-e,1
paikaan-e,1
qadd-e,1
rahte,1
giraanii,1
pai;gaarah-juu,1
mile;nge,1
chhuu;tuu;n,1
mushkile;n,1
chaar-mauj,1
tataar,1
z-bas,1
jigar-daarii,1
fishaar-e,1
dil-kash,1
ijaabat,1
shaamat,1
ummat,1
;xuu;n-naabah-fishaa;n,1
dara;xshaa;n,1
;garrah-e,1
saadagii-aamoz-e,1
((anbarii;n,1
muft-e,1
baazuu,1
piir-zan,1
dare;gaa,1
;gaarat-garii,1
kirishmah,1
baa;xtan,1
marii.z-e,1
;xauf,1
baam,1
chaahne-vaalaa,1
be-havaa-e,1
nijaat,1
baag,1
be-panaah,1
qaa:ta((-e,1
karishmah,1
naqsh-o-nigaar-e,1
paivastah,1
bedard,1
pii;tne,1
nikaalaa,1
;gaazah,1
a;xtar-shumaarii,1
diivaanagii-e,1
shab-o-roz,1
;hammaam,1
baa;ndh,1
naafah,1
be-rab:tii-e,1
kisvat-e,1
be-bunyaad,1
ka;rii,1
ihtizaaz,1
gul-dastah-e,1
taskiin-e,1
shor,1
guluu,1
auraaq-e,1
gunah,1
gumaan-e,1
shar((-o-aa))iin,1
ashyaa,1
shikaayat'haa-e,1
;gam-gusaar,1
;xuu;n-baar,1
pardaa,1
dillii,1
sirishk-aaluudah,1
khilne,1
ma;gfarat,1
pha;nsaayaa,1
aahuu-e,1
valvale,1
tabassum-e,1
baa((i;s,1
shaayaan-e,1
laa;gar,1
gunjaa))ish-e,1
;zaahir,1
qa:trah-o-mauj-o-;hubaab,1
tamkiin-o-.zab:t,1
baad-o-bah,1
dil-o-dast-e,1
paraune,1
mudda((aa-e,1
fatiilah,1
but-shikanii,1
qahr-o-;ga.zab,1
ma((muure,1
pighlaa,1
rakhne,1
daaman-o-taar-e,1
maujuud,1
rakhe,1
mudaam,1
;xaar-;xaar-e,1
qulzum-aashaamii,1
nazdiik,1
((arbadah-juu,1
jiitaa,1
ubhrii;n,1
dil-o-jigar,1
.sa;hraa-e,1
vaazh-guu;n,1
biga;rnaa,1
khujaataa,1
sam,1
masaa))il-e,1
sho;x-e,1
bad-;xvaah,1
sar-garm,1
mu.zma;hil,1
buu;nd,1
;xaakistar-nishiinii,1
.sad-guunah,1
taaraaj-e,1
ma((shuuq-farebii,1
naqd,1
.sad-na:zar,1
;xirman-e,1
tamkiin-o-hosh,1
aas,1
mu;haabaa,1
((uqde,1
tapish,1
kaafii,1
par-fishaanii-e,1
pahu;nchaa))e;n,1
ma;hram,1
pur-shor,1
siimaab,1
halaak,1
insaan,1
resh-e,1
be-kaarii-e,1
.sadaf-e,1
;daaliye,1
dhoke,1
itraa))e,1
ul;tii,1
.suvar,1
zavaal,1
saadah,1
mihr-o-mah,1
bhaa))ii,1
be-daad,1
;hasrat-sanj,1
((i:tr-e,1
afgaar,1
kas,1
dikhlaave,1
sabaq,1
rafuu-e,1
kaisii,1
baraat-e,1
savaal-o-javaab,1
ki,1
samjhuu;n,1
kafiil-e,1
raag,1
((i:tr-saa-e,1
.saiqal-e,1
raas,1
;xudaa-parast,1
;tuu;te,1
ta((liim,1
ustuvaarii,1
;xvud-daarii-e,1
:tavaaf-e,1
daliil-e,1
sa;xtii-kashaan-e,1
be-;xvudii-e,1
ra;xshindah,1
rahrau,1
dastaar,1
musalmaa;n,1
chalne,1
gaa;rho,1
bahaane,1
a:tfaal,1
nashaa:t-aahang,1
taqriib-e,1
guhar-baar,1
;gaflat-shi((aarii,1
naumiidii,1
baa;g-baanii-e,1
jhuu;t,1
bustaanii,1
kaar-gar,1
hilte,1
sikhaataa,1
mu.zmar,1
chashm-numaa))ii,1
((ar.sah,1
vara((,1
.sa;hraa-gard,1
fitnah-o-fasaad,1
giiraa))ii,1
;savaab-e,1
girdaab,1
saraab-e,1
bandagii-e,1
sar-bar,1
lakhna))uu,1
.sarfah,1
chuke,1
hogii,1
laal,1
laam,1
be-aabruu,1
na;gmah-e,1
gul-farosh-e,1
aab-daar,1
malnaa,1
dhaul-dhappaa,1
chaar-duham,1
gurez-paa,1
begaanagii-e,1
nuur-e,1
naazaa;n,1
siyah-mast,1
sa:tvat,1
rab:t-e,1
tez-saa,1
zavaal-aamaadah,1
u;thaataa,1
qa:t,1
naa-mihrbaa;n,1
aashuftah-navaa,1
barahnagii,1
ghisne,1
par-e,1
maqaam,1
likkhaa,1
abr-o-baad,1
sarishtah-daarii,1
hu))o;n,1
az-dast-raftah,1
be-;hijaabiyaa;n,1
jaa;n-daadah-e,1
sar-ba-sar,1
maajraa,1
barjaa-maa;ndah,1
jurm,1
banaat-ul-na((sh-e,1
sa;nbhalne,1
tishnagii-e,1
itraataa,1
niind,1
bote,1
hathka;n;de,1
la((l-o-guhar,1
badlaa,1
guzashtah,1
naalaa;n,1
shiirii;n-su;xan,1
nairang,1
vaa-maa;ndagiyaa;n,1
mai-kadah-e,1
sozish-e,1
karo;ro;n,1
;xuu;n-naabah-fishaanii,1
laash-e,1
gustaa;xii,1
kashaakash'haa-e,1
naachaar,1
roke,1
kam-tar,1
;ha:z:z-e,1
tishnah-kaam,1
;xuunii;n-navaa-e,1
farq-e,1
ram,1
shoriidagii,1
khe;ncho,1
ba;hr-e,1
qafaa-e,1
ranjuurii,1
sharmindah-e,1
gulistaan-e,1
kalejaa,1
aham,1
:tama((-e,1
;hairat-kadah-e,1
shikaar-e,1
vaa-gardiidah,1
liyaalii,1
pyaas,1
pach,1
milii,1
na.siib,1
lagan,1
abruu,1
man.sab-e,1
be-dast-o-paa))ii,1
ibraam,1
jhukaa,1
mubtalaa-e,1
gul-faam-e,1
guftah-e,1
rukne,1
shikastan,1
faryaadii-e,1
;gazal-;xvaa;n,1
zabuunii-e,1
tez-rau,1
;xa:t:t-o-;xaal,1
sitam-zadah,1
shaq,1
((ishq-o-mazduurii-e,1
khaa))e,1
aahan,1
amn,1
samajhye,1
qad,1
qimaar-;xaanah-e,1
bedaar-e,1
sharmaa))e,1
qai,1
baadah-aashaamii,1
gulfaam,1
niko-naamii-e,1
be-davaa,1
ta;h.siil,1
tund-;xuu,1
lagaayaa,1
naay-o-nosh,1
;gazal-saraa,1
be-sham((a,1
naa-kaamii-e,1
dilaa,1
gul-katar,1
jaulaa;n,1
baaliin-e,1
bharuu;n,1
tamkii;n-aazmaa,1
mah-ru;xo;n,1
mushkil-pasand,1
;gamzah-e,1
bhale,1
be-partav-e,1
;hasrat-parast,1
aashiyaan,1
;xuu-gar,1
;xirqah-o-sajjaadah,1
vadii((at-;xaanah-e,1
((anbar-baar-e,1
;xaanah-;xaraabii,1
ham-peshah-o-ham-mashrab-o-ham-raaz,1
naa.siyah-farsaa,1
;hasuud,1
judaa))ii,1
shafaq-aaluudah,1
laatii,1
iqliim-e,1
chaah,1
mu.siibat,1
sar-sabz,1
bik,1
pur-shikan,1
aasmaanii,1
aatish-baar,1
raftah-e,1
:tilism,1
jaano,1
nus;xah'haa-e,1
paidaa))ii,1
rahuu;n,1
rizq-e,1
;xirad,1
gor-e,1
shash-jihat-e,1
muqaabil-o-da((vaa-e,1
mah-:tal((ato;n,1
jaa))e;nge,1
ma((shuuq-e,1
jaagiir-e,1
aatish-diidah,1
;habaab-e,1
udaas,1
sau;npaa,1
;dhaa;npaa,1
;xaanaqaah,1
la;z;zat'haa-e,1
farmaatii,1
kam-aazaar,1
;xum-kadah,1
sa:tvat-e,1
taaliif-e,1
i((tiqaad,1
lu;ttaa,1
dabaa,1
bu((d,1
sarosh,1
bho;n,1
chaarah-juu))ii,1
suud-e,1
armu;gaa;n,1
sar-taa-paa,1
a;ndherii,1
guftaar-e,1
bo,1
to;raa,1
maq:ta((-e,1
naazukii,1
ruubkaar,1
peshe,1
ummed,1
subuk-dast,1
((iid-e,1
do-((aalam-dasht,1
shai;x-o-barhaman,1
qiimat,1
mastaanah,1
naa-;xvush,1
likhte,1
;xastah-e,1
:ta((n-e,1
;haajat,1
yaadgaar-e,1
suud,1
pak;re,1
shuhuud-o-shaahid-o-mashhuud,1
tiryaakii-e,1
;gaaliyah-mo,1
na.sii;hat-niyosh,1
;zimmah,1
be-zabaano;n,1
;xas-e,1
vaam,1
((ishrat-gah-e,1
shaahinshaah,1
rezish-e,1
chang,1
dard-mand,1
ham-nafaso;n,1
naab,1
;hijaab-o-vidaa((-e,1
raah-guzar,1
((aalii-guhar,1
mi;taataa,1
qible,1
mizaaj,1
kishtii-e,1
a;hvaal,1
va;hdat,1
;xaam,1
ho;ngii,1
tamaashaa-dost,1
yak-junbish-e,1
chhurii,1
.sanam-kadah,1
be-dar-o-diivaar,1
fat;h,1
amaa;n,1
za;xmiyo;n,1
aaraa))ish,1
bad-;xuuyaa;n,1
sarv-qad,1
muraad,1
baavar,1
ug,1
be-;his,1
cha;rhii,1
ravaanii-e,1
buu-turaab,1
afsuus,1
sar-panjah-e,1
nabard-peshah,1
mardaanah,1
;xaatir-e,1
niim-roz,1
zu((m-e,1
rusvaa-e,1
mashhuur,1
nai,1
varaq-gardaanii-e,1
nadaamat,1
but-;xaane,1
.sadmah-e,1
baidaa-e,1
tamaashaa))ii-e,1
aa;gosh-kushaa,1
javvaalah,1
mihr-o-maah,1
;xaashaak,1
be-ayyaam-e,1
maafaat,1
.sile,1
:turrah'haa-e,1
duur-daraaz,1
tarkash,1
u;re;nge,1
inkaar,1
bar-ruu-e,1
saadagiihaa-e,1
;huure;n,1
mihr-aasaa,1
.sad-jalvah-e,1
yak-shahr,1
javaa;n-marg,1
u;rtii-sii,1
paasu;x-e,1
samjhaave;nge,1
kashaakash-e,1
kisht-e,1
fikr,1
chahrah,1
vabaal,1
qadiim,1
i;htiyaa:t,1
radiif-e,1
ka;t,1
kaasah,1
iqaamat,1
khulnaa,1
aaftaab-e,1
rusvaa))ii-e,1
shiir,1
gul-baaz,1
ham-naamii-e,1
junuu;n-((alaamat,1
daa;go;n,1
shi((ro;n,1
imtiyaaz-e,1
baa;g-baan,1
balaa))o;n,1
zakaat-e,1
bad-mast,1
gird-baad-e,1
jism,1
majaal-e,1
va;hshat-;xiraamiihaa-e,1
maar,1
maah,1
pardah-sanj-e,1
sipand-e,1
musarrat-e,1
.sabr-e,1
lakiire;n,1
ziist,1
fitraak,1
jaadaad-e,1
;dartaa,1
nisyah-o-naqd-e,1
gah-o-be-gah,1
((ahd-e,1
zabaanii-e,1
naaz-o-adaa,1
ba((iid,1
baa;ng-e,1
jaa;n-gusil,1
qariib,1
va:ziifah-;xvaar,1
jur))at-aazmaa,1
chubho,1
samaa))ii,1
aah-o-faryaad,1
((aql,1
havaa-;xvaahii,1
suukh,1
na;gmah'haa-e,1
taariikii-e,1
;garqah-e,1
shikan-e,1
mahjuur-e,1
baa))i;s,1
afsuun-e,1
shukr,1
((ibrat-nigaah,1
mihr-vash,1
aafaaq,1
raa;hat-:talabii,1
paadaash-e,1
phirtaa,1
rihaa,1
sabzah-zaar,1
;xeme,1
be-daad-fan,1
ghistaa,1
la:tmah-e,1
chho;re;nge,1
daabte,1
chhupaanaa,1
be-mudda((aa,1
purkaar,1
shajar-e,1
jinnat,1
kaa;ga;zii,1
baa;g-baan-o-kaf-e,1
ga;nvaa,1
bojh,1
nihaal,1
tu;xm,1
shaadmaanii,1
:ta((no;n,1
janaaze,1
niim-baaz,1
;gusl-e,1
i.z:tiraab-e,1
idraak-e,1
aatish-afshaanii,1
sikandar,1
abnaa-e,1
mauj-zan,1
chho;re;n,1
aare,1
chashmak'haa-e,1
((azm-e,1
;xvud-raftah-e,1
rahtaa,1
;tapaktii,1
chhide,1
ko;nd,1
;xvushtar,1
kaifiyyat-e,1
nashshah'haa,1
afshurdan,1
darvaazah,1
phande,1
mar;siyah,1
ok,1
aaluudah,1
chaalaak,1
jaave;n,1
sabz,1
:zuhuur,1
dast-o-;xanjar-e,1
paa-bastagii-e,1
chahre,1
gosht,1
mai-o-na;gmah,1
a;xtar,1
fardaa-o-dii,1
sitam-iijaad,1
zindaan-e,1
goshe,1
be-dast-o-paa,1
paasbaanii,1
giyaah,1
.sahbaa-e,1
;xudaa-saaz,1
:tabii((ii,1
ro))e;n,1
pursish'haa-e,1
faryaad-o-aah-o-zaarii,1
qa:t((a,1
kamaan,1
paa))uu;n,1
naumiid,1
ganjifah-baaz-e,1
dallaal-e,1
gudaa;xtah,1
shu((aa-e,1
;xaa:tir-e,1
piyaa,1
faro,1
ruubakaarii,1
fa.zaa-e,1
((uhde,1
pashemaa;n,1
be-dar,1
bataa,1
naqqaash-e,1
lai,1
mizhah'haa-e,1
baanii,1
;dhuu;n;dtaa,1
uftaadah,1
((ayaar-e,1
garebaanii,1
anjaam-e,1
muunis,1
aa))iin-e,1
dil-o-chashm-e,1
((u;zr-;xvaah-e,1
aafiriinish,1
.salaa-e,1
piine,1
naa-rasaa))ii,1
az-baskih,1
qiblah-numaa,1
aa))inah-pardaaz,1
tiir-e,1
;tapkaane,1
:tayuur,1
khet,1
khaa))iyo,1
zahrah,1
mun;ha.sir,1
talaf,1
bulbul-e,1
be-karaa;n,1
jaavidaanii-e,1
supurd,1
lau;h-e,1
dar-maa;ndagii,1
sitaarah-e,1
murdah,1
dab,1
qalam-e,1
jabiin-e,1
shigaaf,1
dai,1
;xaaraa,1
shikastah,1
;xas-o-;xaashaak-e,1
navaa-sanjaan-e,1
bai;the;n,1
baab-e,1
ka;srat-aaraa))ii-e,1
phiruu;n,1
;gaarat,1
ruu-siyaah,1
:tarab-inshaa-e,1
;xvurshiid-o-maah,1
:taaqat-rubaa,1
mizhgaanii,1
:zuhuurii,1
laave;nge,1
hinduustaan,1
sa;xt-jaaniihaa-e,1
chorii,1
zahr-e,1
:tauq-e,1
bujhaa,1
denii,1
ugtii,1
a;hmaqo;n,1
sar-niguunii,1
dikhaa))uu;ngaa,1
madrasah,1
suvaidaa-e,1
;xaraash-e,1
diyaar-e,1
nihang,1
;gam-o-shaadii,1
pand-e,1
((aks,1
bandah-parvar,1
((aadat,1
;hasrat-zadah,1
muhr,1
girah-kushaa,1
begaanah-e,1
khare,1
likhiye,1
pahluu,1
nam-e,1
var:tah-e,1
;hu.zuur-e,1
yaarii,1
be-par-o-baalii,1
daad-;xvaah,1
:taa((at-o-zuhd,1
((aalam-aaraa))ii,1
band-o-bast,1
bachte,1
kaise,1
hadaf-e,1
:zulmat-kade,1
so;xtan,1
:tuul,1
aatish-nafas,1
zanaan-e,1
tapiidan,1
naavuk-figan,1
khode;n,1
:talabgaar-e,1
yaqii;n,1
shiishah-o-qada;h-o-kuuzah-o-sabuu,1
((inaa;n-giir,1
yak-af;gaa;n,1
((ishrat,1
tamhiid,1
pastii,1
zuud-pashemaa;n,1
ziyaarat-kadah,1
laa))uu;n,1
ta((ziir,1
nikalne,1
jaanegaa,1
maze,1
asad-e,1
galyo;n,1
saaqii-garii,1
chaahne,1
tunuk-:zarfii-e,1
khe;nchii,1
hoshyaarii,1
dar-kaar,1
ta.savvur-e,1
tez-e,1
ijaaraa,1
shah-par,1
.said,1
ta;haiyur,1
paane,1
khe;nchiye,1
na-shuniidan,1
;gazaal,1
havaa-;xvaah,1
aab-o-havaa,1
sataa))ish,1
sub;hah-o-zunnaar,1
bal;gamii,1
:taa))uus,1
madfan,1
bekasii-e,1
intiqaam,1
tal;x-navaa))ii,1
paa-buus,1
((adaalat-e,1
taraashaa,1
ma.sla;hat,1
naadaa;n,1
ruu;h,1
ra((uunat,1
zindagaanii-e,1
sabad-e,1
ranj-aashnaa,1
bikhar,1
tevarii,1
u;rtaa,1
aalaat-e,1
mu:trib-e,1
ma:tlab-e,1
.si;h;hat,1
;saanii,1
:tiflaan-e,1
marhuun-e,1
;gam-kadah,1
furozaa;n,1
kuredte,1
sar-o-barg-e,1
;xas-o-;xaashaak,1
sust-ruu,1
shi((aar,1
((ishq-o-naa-guziir-e,1
jhaga;rte,1
((amaarii,1
;xaan-maa;n,1
daur,1
nashshe,1
:zarf,1
chhi;rke;n,1
pa))-e,1
i;xtiraa((-e,1
pa;ruu;n,1
zamaanah-e,1
;xalvat-e,1
ma:tluub,1
subuk,1
sarv-o-.sanobar,1
niiruu-e,1
sataayish-gar,1
dikhaa))e;n,1
((aajiz-e,1
siyaahii,1
la;rtaa,1
mu.savvir,1
mazaar,1
jannat,1
baarbud-e,1
be-dimaa;g,1
la;xt-la;xt,1
shaan,1
sham((e;n,1
rahve,1
sunaa))e,1
ta;gaaful-dost,1
mihr-baa;n,1
bos-e,1
taufiiq,1
jalvah-numaa,1
itne,1
arzaa;n,1
sar-kash,1
puuchhii,1
laave,1
;dubo,1
daraazii,1
naa-tavaanii-e,1
sul:tanat,1
farmaa;n-ravaa-e,1
;gamze,1
andaaze,1
jaavidaa;n,1
nashshah,1
parvaaz,1
chhalle,1
.zaruur,1
qabaa,1
hajr,1
sharaab-;xaane,1
larze,1
;gulaam-e,1
mihmaa;n,1
naqd-e,1
bekaar,1
andoh-rubaa,1
;huuraan-e,1
tabassumhaa-e,1
fusuun-e,1
baadbaan-e,1
raate;n,1
nau-aamoz-e,1
((aalam-taab,1
guzarnaa,1
su;xan-var,1
turbat,1
zamzamah-e,1
shumaar,1
gul'haa-e,1
;harakat,1
tishnah-lab,1
rahyo,1
;duboyaa,1
zar-e,1
sar;had-e,1
paikaan,1
sang-aamadah,1
ta;gayyur,1
daruu;n,1
shiishah,1
;gammaazii,1
dhuvaa;n,1
hech-madaanii,1
;xalal,1
kaar-gaah-e,1
;xaakistar-o-bulbul,1
;xuubaan-e,1
valekin,1
:taa((at,1
hilaal,1
kha;tke,1
((izz-o-naaz,1
mu.saa;hib,1
juuyaa-e,1
;dhuu;n;dhaa,1
ma:tlaq,1
gulbaa;ng-e,1
duunaa,1
raah-zan,1
chhe;ruu;n,1
garm-baazaar-e,1
dil-kushaa,1
ma;hruum-e,1
farishtah,1
koh-e,1
;haqq-e,1
motii,1
;dhuu;n;dhe,1
murdan,1
ayyaam-e,1
;gala:t-andaaz,1
al-amaa;n,1
varaq,1
niim-kash,1
bad-aamozii-e,1
majruu;h-e,1
naa-yaab,1
il;aahii,1
gul-chii;n,1
shabistaan-e,1
ru;xsaar,1
jahaan-e,1
ruu;h-ul-qudus,1
ma((ri.z-e,1
laaf-e,1
chhe;riye,1
buud,1
aashnaa-e,1
nasiim-e,1
chipak,1
mi;saal,1
;thaanii,1
;sabaat,1
pech-o-taab-e,1
apnaa-saa,1
sozaa;n,1
ta((ziyat-e,1
sar-naame,1
duu))ii,1
khaa))e;n,1
maa;ngaa,1
;xaanah-aaraa))ii,1
chale;n,1
khai;nchtaa,1
maktab-e,1
chaahe;n,1
;gam-;xvaaragii,1
;harf,1
rusuum,1
;taale;nge,1
diin-o-dil,1
laakh,1
bujhtii,1
dair,1
be-dilii,1
mu.siibat-e,1
naa-;xudaa,1
siyaasat-e,1
sub;hah,1
dast-gardaa;n,1
ham-damii,1
pusht-;xaar,1
shakeb-e,1
sheftagii,1
mushk-buu,1
naa-;haq,1
yaqiin-e,1
sau;np,1
((inaa;n-giir-e,1
sha;gl,1
ganj'haa-e,1
sar-taa-sar,1
;hairaanii,1
ba;gal,1
;haajat-mand,1
;xvud-aaraa))ii,1
mushtamil,1
;xaamah-farsaa,1
dost-daar-e,1
ban'ne,1
saraab,1
mu;haal,1
valii,1
jalvah-gar,1
shinaa,1
ma((shuuq,1
daraaz-dastii-e,1
suruur-e,1
((alam,1
dushvaar-pasand,1
puujnaa,1
sher,1
korii-e,1
kaavish,1
maatam-e,1
ta.sviir-numaa,1
paa-andaaz,1
rindaan-e,1
rago;n,1
chho;ruu;ngaa,1
be-baak,1
nuqsaa;n,1
puujtaa,1
chaarah-saazii-e,1
na:zar'haa-e,1
;xajlat-e,1
khulii,1
ravish-o-mastii-e,1
saf;hah-e,1
be-girah,1
rihaa))ii,1
.salaa,1
zahr-aab,1
((arbadah-maidaa;n,1
((u;zr-;xvaah,1
;xumaar,1
kitnaa,1
;gayuur,1
ubhraa,1
aashtii-e,1
bharne,1
kuudakii,1
qad-o-ru;x,1
sataanaa,1
jaulaan-e,1
;haq-shinaas,1
raaz'haa-e,1
boriyaa,1
paarah'haa-e,1
ranjishe;n,1
majbuurii-o-da((vaa-e,1
khaa))iye,1
ham-nishii;n,1
;zaat,1
qabaa-e,1
sarshaar,1
((aib,1
safaal,1
laalah-o-gul,1
parii-vash,1
taqliid-e,1
vaajib,1
gavaah,1
;xastah-jaa;n,1
do-dam,1
faqa:t,1
siinah-gudaaz,1
;xalvat-o-jalvat,1
naa-saaz-gaarii,1
((anaa.sir,1
mad;h-e,1
ul;te,1
kap;re,1
tasbii;h-e,1
khil,1
mihr-giyaa,1
kahve,1
chaarah-saaz,1
hal-min-maziid,1
kunisht,1
la:taafat,1
baa;ndhiye,1
bard-e,1
pih,1
min-jumlah-e,1
tapaak-e,1
;xaatim-e,1
bihisht-shamaa))il,1
anjum-e,1
mu;htaaj-e,1
baa:tin,1
baa:til,1
;hukm,1
ham-saayah,1
;xuu;n-naabah,1
digar,1
silk-e,1
dil-aazaar,1
baaz-gasht,1
furo;g,1
haul-e,1
sirishk-e,1
naasi;x,1
tim;saal-e,1
jur))at-e,1
shiiraazah-e,1
zuhd,1
aa))e;nge,1
nadiim-e,1
shaanah-kash-e,1
la))iim,1
anguur,1
juzv,1
jalte,1
doshiinah,1
;guruur,1
saadah-dilii,1
dashnah-o-;xanjar,1
ma((zuulii-e,1
fitne,1
a.snaam-e,1
navaa-sanj-e,1
yagaanah,1
karuu;ngaa,1
pai;gaam,1
nuur,1
aavaaragiihaa-e,1
va.sf-e,1
samand-e,1
mu((ayyan,1
rusuum-o-quyuud,1
faqiiro;n,1
tajammul,1
chiraa;g,1
mar;guub-e,1
janaab,1
