urdu,transliteration,count
ہے,hai,1101
سے,se,511
میں,me;n,491
نہ,nah,416
کہ,kih,388
کو,ko,371
کی,kii,296
کا,kaa,291
ہو,ho,290
نہیں,nahii;n,288
کے,ke,269
کیا,kyaa,240
ہیں,hai;n,205
دل,dil,195
بھی,bhii,186
وہ,vuh,186
ہم,ham,184
تو,to,174
اس,us,148
تھا,thaa,146
نے,ne,140
ہوں,huu;n,137
جو,jo,135
یہ,yih,127
اور,aur,125
پر,par,120
کوئی,ko))ii,109
میں,mai;n,108
غالب,;gaalib,107
کیوں,kyuu;n,100
مجھے,mujhe,100
ہوا,hu))aa,98
ہی,hii,97
پہ,pah,94
کر,kar,92
بہ,bah,90
گر,gar,87
پھر,phir,75
مجھ,mujh,75
ہر,har,73
مرے,mire,73
ای,ay,70
اک,ik,68
کس,kis,68
کچھ,kuchh,66
گل,gul,62
ہوے,hu))e,61
ہوتا,hotaa,58
جس,jis,56
کرے,kare,56
اگر,agar,55
گیا,gayaa,52
ایک,ek,50
تم,tum,49
میرے,mere,48
عشق,((ishq,45
جائے,jaa))e,44
کہتے,kahte,44
دیکھ,dekh,43
جب,jab,41
دے,de,40
دن,din,40
کہاں,kahaa;n,40
تو,tuu,39
اب,ab,39
چاہیے,chaahiye,38
اس,is,38
میری,merii,38
سہی,sahii,38
ترے,tire,38
یار,yaar,37
یوں,yuu;n,37
سر,sar,37
ناز,naaz,37
اسد,asad,37
رہا,rahaa,36
غم,;gam,35
یاں,yaa;n,35
غیر,;gair,34
جگر,jigar,34
یا,yaa,34
ہوئی,hu))ii,33
آئے,aa))e,33
مری,mirii,33
وفا,vafaa,33
یاد,yaad,32
خدا,;xudaa,32
موجِ,mauj-e,32
مے,mai,32
خاک,;xaak,32
کیے,kiye,31
لیے,liye,31
یک,yak,31
بات,baat,30
ان,un,30
میرا,meraa,30
خیال,;xayaal,29
تھے,the,29
گھر,ghar,29
اپنی,apnii,29
گئی,ga))ii,29
واں,vaa;n,29
ہائے,haa))e,28
آیا,aayaa,28
تک,tak,28
دلِ,dil-e,27
آگے,aage,27
اپنے,apne,27
قدر,qadar,26
نظر,na:zar,26
آج,aaj,26
تھی,thii,26
اچّھا,achchhaa,26
اہلِ,ahl-e,26
دوست,dost,26
شوق,shauq,26
شراب,sharaab,25
رنگ,rang,25
خوں,;xuu;n,25
کیا,kiyaa,25
آ,aa,25
مگر,magar,24
تا,taa,24
تری,tirii,24
تجھ,tujh,24
گئے,ga))e,23
کہے,kahe,23
بہار,bahaar,22
کبھی,kabhii,22
کرتا,kartaa,22
ورنہ,varnah,22
تیرے,tere,22
کہیے,kahiye,22
نالہ,naalah,22
دیکھا,dekhaa,22
لیکن,lekin,22
غمِ,;gam-e,22
رب,rab,21
داغِ,daa;g-e,21
چشمِ,chashm-e,21
ذوقِ,;zauq-e,20
گئیں,ga))ii;n,20
آتا,aataa,20
ہاتھ,haath,20
کام,kaam,20
پانو,paa;nv,20
آپ,aap,20
جانا,jaanaa,20
منہ,mu;nh,20
جہاں,jahaa;n,20
جا,jaa,20
ہستی,hastii,20
آخر,aa;xir,19
قیامت,qiyaamat,19
تماشا,tamaashaa,19
کسی,kisii,19
در,dar,19
مر,mar,19
آتی,aatii,19
رہے,rahe,18
بہت,bahut,18
شمع,sham((a,18
نگاہ,nigaah,18
حسرتِ,;hasrat-e,18
تمنّا,tamannaa,18
کم,kam,18
مرا,miraa,18
پوچھ,puuchh,18
دم,dam,18
اپنا,apnaa,18
کرتے,karte,18
زخمِ,za;xm-e,17
دیدہِ,diidah-e,17
دو,do,17
جان,jaan,17
مت,mat,17
کیونکر,kyuu;nkar,17
ترا,tiraa,17
کیجے,kiije,17
بنے,bane,16
برا,buraa,16
بزم,bazm,16
درد,dard,16
ہنوز,hanuuz,16
دریا,daryaa,16
ہمیں,hame;n,16
تیرا,teraa,16
ہاں,haa;n,16
ابھی,abhii,16
ہوتے,hote,16
قسمت,qismat,16
دیا,diyaa,16
آوے,aave,16
دشمن,dushman,16
جلوہِ,jalvah-e,16
تیری,terii,16
جنوں,junuu;n,16
عمر,((umr,15
آئینہ,aa))iinah,15
سمجھا,samjhaa,15
کہیں,kahii;n,15
کھلا,khulaa,15
عاشق,((aashiq,15
کب,kab,15
اسے,use,15
کہوں,kahuu;n,15
ساقی,saaqii,15
نقشِ,naqsh-e,15
دیکھتے,dekhte,15
جاۓگا,jaa))egaa,15
قدم,qadam,14
ہوا,havaa,14
بزمِ,bazm-e,14
رقیب,raqiib,14
سو,so,14
جی,jii,14
بسکہ,baskih,14
ہمارے,hamaare,14
معلوم,ma((luum,14
بار,baar,14
کافر,kaafir,14
جاں,jaa;n,14
قطرہ,qa:trah,14
سرِ,sar-e,14
ہونا,honaa,14
لے,le,14
نکلے,nikle,14
درودیوار,dar-o-diivaar,14
زخم,za;xm,14
سخن,su;xan,13
ہر چند,har-chand,13
رہ,rah,13
جلوہ,jalvah,13
آرزو,aarzuu,13
بغیر,ba;gair,13
سب,sab,13
کہیں,kahe;n,13
قاتل,qaatil,13
دیکھنا,dekhnaa,13
ادا,adaa,13
ملے,mile,13
عالم,((aalam,13
نکلا,niklaa,13
جاتا,jaataa,13
گویا,goyaa,13
بتِ,but-e,13
یہی,yihii,13
خوش,;xvush,13
یعنی,ya((nii,13
کون,kaun,12
تجھے,tujhe,12
طرح,:tara;h,12
خونِ,;xuun-e,12
آزمائش,aazmaa))ish,12
ہماری,hamaarii,12
حسن,;husn,12
پا,paa,12
نگاہِ,nigaah-e,12
دیکھیے,dekhiye,12
شبِ,shab-e,12
مژگاں,mizhgaa;n,12
خط,;xa:t,12
رشک,rashk,12
گو,go,12
نفس,nafas,12
تن,tan,12
پاس,paas,12
خبر,;xabar,12
کہو,kaho,12
چمن,chaman,12
دمِ,dam-e,11
ذرّہ,;zarrah,11
زندگی,zindagii,11
دی,dii,11
لگا,lagaa,11
حال,;haal,11
جانتا,jaantaa,11
گردن,gardan,11
جز,juz,11
از,az,11
ولے,vale,11
رنگِ,rang-e,11
وحشت,va;hshat,11
ستم,sitam,11
بعد,ba((d,11
محبّت,mu;habbat,11
جسے,jise,11
نگہ,nigah,11
پنہاں,pinhaa;n,11
وقت,vaqt,11
گریباں,garebaa;n,11
اندازِ,andaaz-e,11
بلا,balaa,11
محوِ,ma;hv-e,11
حسنِ,;husn-e,10
خس,;xas,10
نمک,namak,10
جوشِ,josh-e,10
ساتھ,saath,10
دور,duur,10
فنا,fanaa,10
طاقتِ,:taaqat-e,10
نالے,naale,10
گریہ,giryah,10
پایا,paayaa,10
داد,daad,10
دنیا,dunyaa,10
نام,naam,10
عزیز,((aziiz,10
ضعف,.zu((f,10
جفا,jafaa,10
مرنے,marne,10
صحرا,.sa;hraa,10
نہاں,nihaa;n,10
کہہ,kah,10
راہ,raah,10
رات,raat,10
بستر,bistar,10
شب,shab,10
تغافل,ta;gaaful,10
بیاں,bayaa;n,10
آساں,aasaa;n,10
کہا,kahaa,10
مجنوں,majnuu;n,10
غافل,;gaafil,10
فرصت,fur.sat,10
تلک,talak,10
بن,ban,10
آئنہ,aa))inah,10
حق,;haq,10
لخّتِ,la;z;zat-e,10
جل,jal,10
ہوتی,hotii,10
ہمارا,hamaaraa,10
تارِ,taar-e,10
الفت,ulfat,10
وا,vaa,10
وگرنہ,vagarnah,10
زباں,zabaa;n,9
ہواے,havaa-e,9
لب,lab,9
باندھتے,baa;ndhte,9
جاتے,jaate,9
دماغ,dimaa;g,9
کفِ,kaf-e,9
پیدا,paidaa,9
صد,.sad,9
رکھتا,rakhtaa,9
تیغِ,te;g-e,9
وہی,vuhii,9
انتظار,inti:zaar,9
زلف,zulf,9
لوگ,log,9
متاعِ,mataa((-e,9
سن,sun,9
تیر,tiir,9
آب,aab,9
کل,kal,9
شکایت,shikaayat,9
بن,bin,9
بارے,baare,9
وائے,vaa))e,9
بے خودی,be-;xvudii,9
حسرت,;hasrat,9
گرچہ,garchih,9
باقی,baaqii,9
گیے,gaye,9
آئی,aa))ii,9
رکھ,rakh,9
دیدار,diidaar,9
تمام,tamaam,8
ہوگا,hogaa,8
بادہ,baadah,8
عرضِ,((ar.z-e,8
ہوس,havas,8
بس,bas,8
ہی,hay,8
خو,;xuu,8
ایسی,aisii,8
حاصل,;haa.sil,8
رکھتے,rakhte,8
آشنا,aashnaa,8
نقاب,naqaab,8
قسم,qasam,8
پریشاں,pareshaa;n,8
چراغِ,chiraa;g-e,8
بھر,bhar,8
کرم,karam,8
گرم,garm,8
صورتِ,.suurat-e,8
سیرِ,sair-e,8
کھینچ,khe;nch,8
مٹ,mi;t,8
پڑا,pa;raa,8
آہ,aah,8
انہیں,u;nhe;n,8
سمجھے,samjhe,8
آسماں,aasmaa;n,8
دامن,daaman,8
چراغاں,chiraa;gaa;n,8
بوسہ,bosah,8
ایسا,aisaa,8
آنکھ,aa;nkh,8
صدا,.sadaa,8
خواب,;xvaab,8
خیالِ,;xayaal-e,8
دیتا,detaa,8
باغ,baa;g,8
مدّعا,mudda((aa,8
مانا,maanaa,7
کروں,karuu;n,7
پڑے,pa;re,7
لیلیٰ,lail;aa,7
آنکھوں,aa;nkho;n,7
آنے,aane,7
تنگ,tang,7
رہی,rahii,7
کاش,kaash,7
جاتی,jaatii,7
رشتہِ,rishtah-e,7
ناخن,naa;xun,7
جاؤں,jaa))uu;n,7
خوباں,;xuubaa;n,7
کیجیے,kiijiye,7
جاوے,jaave,7
رسوا,rusvaa,7
لہو,lahuu,7
نامہ بر,naamah-bar,7
سلامت,salaamat,7
جوہرِ,jauhar-e,7
پہلے,pahle,7
چاک,chaak,7
تسلی,tasallii,7
ہوسِ,havas-e,7
نالہِ,naalah-e,7
قتل,qatl,7
مرگ,marg,7
رگِ,rag-e,7
لبِ,lab-e,7
دیکھو,dekho,7
مثلِ,mi;sl-e,7
بھلا,bhalaa,7
رنجِ,ranj-e,7
مرتا,martaa,7
دوا,davaa,7
حریفِ,;hariif-e,7
امتحاں,imti;haa;n,7
نگہِ,nigah-e,7
صبا,.sabaa,7
شرم,sharm,7
نازِ,naaz-e,7
پاے,paa-e,7
شمعِ,sham((-e,7
اٹھا,u;thaa,7
آگ,aag,7
جدا,judaa,7
خانہِ,;xaanah-e,7
شوقِ,shauq-e,7
برق,barq,7
منظور,man:zuur,7
آتش,aatish,7
گماں,gumaa;n,7
مبارک,mubaarak,7
پردے,parde,7
آغوشِ,aa;gosh-e,7
کوچے,kuuche,7
برقِ,barq-e,7
وصل,va.sl,7
مشکل,mushkil,7
زنجیر,zanjiir,7
خضر,;xi.zr,6
دہر,dahr,6
فروغِ,furo;g-e,6
عہد,((ahd,6
شورِ,shor-e,6
باندھا,baa;ndhaa,6
آواز,aavaaz,6
ہجومِ,hujuum-e,6
دیوار,diivaar,6
گلستاں,gulistaa;n,6
کریں,kare;n,6
گرمِ,garm-e,6
گلِ,gul-e,6
جنونِ,junuun-e,6
ظاہر,:zaahir,6
یوسف,yuusuf,6
روزن,rauzan,6
ان,in,6
قدرِ,qadr-e,6
زمیں,zamii;n,6
شبنم,shabnam,6
زلفِ,zulf-e,6
قفس,qafas,6
ننگِ,nang-e,6
بنا,banaa,6
عدو,((aduu,6
وقتِ,vaqt-e,6
زمانے,zamaane,6
آتشِ,aatish-e,6
آدمی,aadmii,6
سمجھتے,samajhte,6
خندہِ,;xandah-e,6
توقّع,tavaqqu((,6
دامِ,daam-e,6
ستمگر,sitamgar,6
ظالم,:zaalim,6
تمہیں,tumhii;n,6
عدم,((adam,6
زمانہ,zamaanah,6
اٹھائیے,u;thaa))iye,6
خندہ,;xandah,6
عمرِ,((umr-e,6
جانتے,jaante,6
تکلف,takalluf,6
رسوائی,rusvaa))ii,6
خراب,;xaraab,6
شوخیِ,sho;xii-e,6
اتنا,itnaa,6
انداز,andaaz,6
بیدادِ,bedaad-e,6
سنگ,sang,6
خود,;xvud,6
درِ,dar-e,6
داغ,daa;g,6
خوب,;xuub,6
فریاد,faryaad,6
جادہِ,jaadah-e,6
بار ہا,baar-haa,6
جائیں,jaa))e;n,6
پردہ,pardah,6
تنگیِ,tangii-e,6
خاطر,;xaa:tir,6
مدّت,muddat,6
شعلہِ,shu((lah-e,6
کہتا,kahtaa,6
حساب,;hisaab,6
کھل,khul,6
ذکر,;zikr,6
واہ,vaah,6
حیف,;haif,6
جواب,javaab,6
حیراں,;hairaa;n,6
چل,chal,6
جیسے,jaise,6
اثر,a;sar,6
اٹھ,u;th,6
رحم,ra;hm,6
جامِ,jaam-e,6
حلقہِ,;halqah-e,6
تر,tar,6
خلق,;xalq,6
ترکِ,tark-e,6
آزار,aazaar,6
بیاباں,bayaabaa;n,6
سازِ,saaz-e,6
زنداں,zindaa;n,6
طاقت,:taaqat,6
مرغِ,mur;g-e,6
تمہیں,tumhe;n,6
شعلہ,shu((lah,6
پسند,pasand,6
بیٹھے,bai;the,6
گرمی,garmii,6
تاثیر,taa;siir,6
عجز,((ajz,6
گھبرا,ghabraa,6
حنا,;hinaa,6
فلک,falak,6
گلشن,gulshan,6
سینہ,siinah,6
گردشِ,gardish-e,6
خنجر,;xanjar,6
حیا,;hayaa,6
گلہ,gilah,6
آتے,aate,5
ادھر,idhar,5
صبح,.sub;h,5
اجزاے,ajzaa-e,5
لیا,liyaa,5
تدبیر,tadbiir,5
گردوں,garduu;n,5
سیلاب,sailaab,5
جمع,jam((a,5
لخّت,la;z;zat,5
شکوہِ,shikvah-e,5
گزر,guzar,5
پرتوِ,partav-e,5
رکھوں,rakhuu;n,5
سامانِ,saamaan-e,5
غلط,;gala:t,5
آئینہِ,aa))iinah-e,5
نفسِ,nafas-e,5
سوزِ,soz-e,5
مقابل,muqaabil,5
تصوّر,ta.savvur,5
واسطے,vaas:te,5
خوابِ,;xvaab-e,5
ایسے,aise,5
بالوپر,baal-o-par,5
عیش,((aish,5
تصویر,ta.sviir,5
عجب,((ajab,5
طلب,:talab,5
قدح,qada;h,5
مانگے,maa;nge,5
صورت,.suurat,5
حقیقت,;haqiiqat,5
وعدہِ,va((dah-e,5
مکرّر,mukarrar,5
قضا,qa.zaa,5
جانوں,jaanuu;n,5
مہ,mah,5
عشّاق,((ushshaaq,5
سمجھ,samajh,5
رازِ,raaz-e,5
سا,saa,5
چاہے,chaahe,5
کوے,kuu-e,5
طرزِ,:tarz-e,5
دام,daam,5
رخ,ru;x,5
حیرت,;hairat,5
رشکِ,rashk-e,5
بھول,bhuul,5
صبحِ,.sub;h-e,5
بلبل,bulbul,5
سخت,sa;xt,5
راہِ,raah-e,5
بتاں,butaa;n,5
روشن,raushan,5
نیرنگِ,nairang-e,5
دیتے,dete,5
مطلب,ma:tlab,5
دینا,denaa,5
دنداں,dandaa;n,5
تقریر,taqriir,5
خارِ,;xaar-e,5
دیوانہ,diivaanah,5
پوچھے,puuchhe,5
سوا,sivaa,5
کرنے,karne,5
اسی,usii,5
ساغر,saa;gar,5
بجا,bajaa,5
خوں چکاں,;xuu;n-chakaa;n,5
تسکیں,taskii;n,5
احباب,a;hbaab,5
موجہِ,maujah-e,5
آبِ,aab-e,5
وطن,va:tan,5
مژگانِ,mizhgaan-e,5
چاہا,chaahaa,5
چشم,chashm,5
درباں,darbaa;n,5
مےِ,mai-e,5
چار,chaar,5
چاکِ,chaak-e,5
صحبتِ,.su;hbat-e,5
خار,;xaar,5
دعا,du((aa,5
غالبِ,;gaalib-e,5
جائیے,jaa))iye,5
کعبے,ka((be,5
جگہ,jagah,5
خالی,;xaalii,5
نغمہ,na;gmah,5
بیٹھا,bai;thaa,5
آستاں,aastaa;n,5
فصلِ,fa.sl-e,5
گلا,gilaa,5
حالِ,;haal-e,5
جہان,jahaan,5
ظلم,:zulm,5
روزِ,roz-e,5
لو,lo,5
چرخِ,char;x-e,5
سواے,sivaa-e,5
سنگِ,sang-e,5
روے,ruu-e,5
چھوڑا,chho;raa,5
جلوے,jalve,5
کشتہ,kushtah,5
گوہر,gauhar,5
مل,mil,5
تقاضا,taqaa.zaa,5
بیمار,biimaar,5
دعویٰ,da((v;aa,5
دودِ,duud-e,5
شاہ,shaah,5
سوے,suu-e,5
نشاط,nashaa:t,5
مرتے,marte,5
بازار,baazaar,5
ناصح,naa.si;h,5
چلے,chale,5
مزہ,mazah,5
تماشاے,tamaashaa-e,5
رہِ,rah-e,5
خلد,;xuld,5
سایہ,saayah,5
بیتابی,betaabii,5
روتے,rote,5
جانے,jaane,5
اشک,ashk,5
طرف,:taraf,5
سینہِ,siinah-e,5
دستِ,dast-e,5
رہیں,rahe;n,5
محفل,ma;hfil,5
ویراں,viiraa;n,4
پڑی,pa;rii,4
دیوارِ,diivaar-e,4
بالیں,baalii;n,4
ہوں,ho;n,4
دیکھوں,dekhuu;n,4
آنکھیں,aa;nkhe;n,4
ذرّے,;zarre,4
ہنر,hunar,4
جیتے,jiite,4
شاید,shaayad,4
کہیو,kahyo,4
لاکھوں,laakho;n,4
دیے,diye,4
جلے,jale,4
بد گماں,bad-gumaa;n,4
دوں,duu;n,4
رسا,rasaa,4
بے تکلف,be-takalluf,4
پاسِ,paas-e,4
دونوں,dono;n,4
عافیت,((aafiyat,4
وصال,vi.saal,4
پروانہ,parvaanah,4
سایہِ,saayah-e,4
زبان,zabaan,4
خواہش,;xvaahish,4
لطفِ,lu:tf-e,4
رفتار,raftaar,4
عیشِ,((aish-e,4
مو,muu,4
ہزار,hazaar,4
نا امیدی,naa-umiidii,4
قمری,qumrii,4
شادی,shaadii,4
فراق,firaaq,4
مارا,maaraa,4
آرام,aaraam,4
ہجر,hijr,4
سزا,sazaa,4
محیطِ,mu;hii:t-e,4
شکوہ,shikvah,4
فریب,fareb,4
فریبِ,fareb-e,4
کھولتے,kholte,4
لوں,luu;n,4
اضطراب,i.z:tiraab,4
دکھ,dukh,4
لگے,lage,4
اربابِ,arbaab-e,4
جوہر,jauhar,4
پتّھر,patthar,4
در خورِ,dar-;xvur-e,4
سحر,sa;har,4
قاصد,qaa.sid,4
رک,ruk,4
ہونے,hone,4
نگار,nigaar,4
سکے,sake,4
امّید,ummiid,4
خوشی,;xvushii,4
دیکھنے,dekhne,4
واعظ,vaa((i:z,4
گوشہِ,goshah-e,4
بتوں,buto;n,4
گزرے,guzre,4
چلتا,chaltaa,4
عرض,((ar.z,4
رہنے,rahne,4
خرمن,;xirman,4
نبضِ,nab.z-e,4
ابرِ,abr-e,4
سو,sau,4
بے سبب,be-sabab,4
سویدا,suvaidaa,4
ادھر,udhar,4
سعیِ,sa((ii-e,4
شہر,shahr,4
ذوق,;zauq,4
نالہہاے,naalah'haa-e,4
سینے,siine,4
پائے,paa))e,4
زانو,zaanuu,4
مانعِ,maana((-e,4
باد,baad,4
صرفِ,.sarf-e,4
نکلتی,nikaltii,4
سکوں,sakuu;n,4
بر طرف,bar-:taraf,4
سائے,saa))e,4
قیس,qais,4
عالمِ,((aalam-e,4
قید,qaid,4
بیکسی,bekasii,4
شکستِ,shikast-e,4
سفر,safar,4
بہشت,bihisht,4
مست,mast,4
خورشیدِ,;xvurshiid-e,4
طوفانِ,:tuufaan-e,4
تیز,tez,4
وعدے,va((de,4
بالِ,baal-e,4
سکتی,saktii,4
شمشیر,shamshiir,4
بساطِ,bisaa:t-e,4
آمدِ,aamad-e,4
دکھلا,dikhlaa,4
صداے,.sadaa-e,4
باب,baab,4
بارِ,baar-e,4
معنی,ma((nii,4
بادہِ,baadah-e,4
فائدہ,faa))idah,4
ڈر,;dar,4
جیب,jeb,4
مے کدہ,mai-kadah,4
بہاری,bahaarii,4
عشقِ,((ishq-e,4
مستی,mastii,4
تابِ,taab-e,4
خرابی,;xaraabii,4
پیمانِ,paimaan-e,4
قطرہِ,qa:trah-e,4
ہمّت,himmat,4
وحشتِ,va;hshat-e,4
سادگی,saadagii,4
پردہِ,pardah-e,4
دوستی,dostii,4
پائی,paa))ii,4
سنا,sunaa,4
کوہکن,kohkan,4
لگی,lagii,4
نواے,navaa-e,4
ساحل,saa;hil,4
شوخ,sho;x,4
جوے,juu-e,4
محشر,ma;hshar,4
نازک,naazuk,4
خوشا,;xvushaa,4
ز,z,4
ساغرِ,saa;gar-e,4
کرتی,kartii,4
تب,tab,4
ال لیٰہ,al-l;aah,4
دریاے,daryaa-e,4
بحر,ba;hr,4
طالعِ,:taala((-e,4
دردِ,dard-e,4
سکتا,saktaa,4
جادہ,jaadah,4
زاہد,zaahid,4
جام,jaam,4
دیوارودر,diivaar-o-dar,4
دشتِ,dasht-e,4
رہنِ,rahn-e,4
راحت,raa;hat,4
زار,zaar,4
مرنا,marnaa,4
جمال,jamaal,4
کفن,kafan,4
عریاں,((uryaa;n,4
ہمیشہ,hameshah,4
بسمل,bismil,4
باہر,baahar,4
آگہی,aagahii,4
گفتار,guftaar,4
موت,maut,4
عشرتِ,((ishrat-e,4
لکھا,likhaa,4
سوزن,sozan,4
تاب,taab,4
لکھ,likh,4
آفتاب,aaftaab,4
پیراہن,pairaahan,4
جتنا,jitnaa,4
ہوش,hosh,4
دشت,dasht,4
لوگوں,logo;n,4
طرب,:tarab,4
بوے,buu-e,4
آنا,aanaa,4
خرامِ,;xiraam-e,4
کلام,kalaam,4
جہت,jihat,3
منّتِ,minnat-e,3
فرصتِ,fur.sat-e,3
حضور,;hu.zuur,3
عرش,((arsh,3
مے خانہِ,mai-;xaanah-e,3
مشتِ,musht-e,3
صحبت,.su;hbat,3
اٹھایا,u;thaayaa,3
وحشی,va;hshii,3
ماہِ,maah-e,3
مہرباں,mihrbaa;n,3
نیاز,niyaaz,3
ہمہ,hamah,3
فکرِ,fikr-e,3
دشمنی,dushmanii,3
دھو,dho,3
کہیے,kahye,3
خم,;xam,3
بدلے,badle,3
میر,miir,3
نمک داں,namak-daa;n,3
نشاطِ,nishaa:t-e,3
بند,band,3
پرسش,pursish,3
قرار,qaraar,3
شعلے,shu((le,3
پرسشِ,pursish-e,3
کعبہ,ka((bah,3
سوداے,saudaa-e,3
آبلہ پا,aabilah-paa,3
ہم سخن,ham-su;xan,3
کھٹکا,kha;tkaa,3
خموش,;xamosh,3
رضواں,ri.zvaa;n,3
رونے,rone,3
اندوہِ,andoh-e,3
ہمّتِ,himmat-e,3
فارغ,faari;g,3
چھیڑ,chhe;r,3
کھول,khol,3
انجمن,anjuman,3
بجاے,bajaa-e,3
نذرِ,na;zr-e,3
تجلی,tajallii,3
ابر,abr,3
سعی,sa((y,3
بلندی,bulandii,3
تنِ,tan-e,3
وداع,vidaa((,3
سکتے,sakte,3
لختِ,la;xt-e,3
دورِ,daur-e,3
بوسے,bose,3
خریدار,;xariidaar,3
بخشے,ba;xshe,3
مستِ,mast-e,3
غرورِ,;guruur-e,3
شکوے,shikve,3
حرم,;haram,3
جگرِ,jigar-e,3
چپ,chup,3
نا توانی,naa-tavaanii,3
عنقا,((anqaa,3
وسعتِ,vus((at-e,3
سامنے,saamne,3
لالہ,laalah,3
تنہائی,tanhaa))ii,3
وداعِ,vidaa((-e,3
خطا,;xa:taa,3
جاوید,jaaved,3
جاے,jaa-e,3
درسِ,dars-e,3
سفینہ,safiinah,3
گداے,gadaa-e,3
تیغ,te;g,3
تلوار,talvaar,3
اڑنے,u;rne,3
زیادہ,ziyaadah,3
توڑ,to;r,3
ملتی,miltii,3
افسردہ,afsurdah,3
زنّار,zunnaar,3
پیمانہِ,paimaanah-e,3
رفتہ,raftah,3
مرحبا,mar;habaa,3
باعثِ,baa((i;s-e,3
ہمدم,hamdam,3
ضد,.zid,3
رہو,raho,3
گلخن,gul;xan,3
غبار,;gubaar,3
وہم,vahm,3
پر افشاں,par-afshaa;n,3
اندازہِ,andaazah-e,3
جوانی,javaanii,3
صد رنگ,.sad-rang,3
عندلیب,((andaliib,3
روز,roz,3
خاکِ,;xaak-e,3
تحریر,ta;hriir,3
شیریں,shiirii;n,3
ایجاد,iijaad,3
خامشی,;xaamushii,3
آشیاں,aashiyaa;n,3
فرشِ,farsh-e,3
بد گمانی,bad-gumaanii,3
نکالے,nikaale,3
سوال,savaal,3
تمہاری,tumhaarii,3
کشمکشِ,kashmakash-e,3
تھیں,thii;n,3
تمہارے,tumhaare,3
جذبہِ,ja;zbah-e,3
وعدہ,va((dah,3
جیبِ,jeb-e,3
لا,laa,3
نکہتِ,nak'hat-e,3
خلوت,;xalvat,3
عریانی,((uryaanii,3
یک قلم,yak-qalam,3
کون سے,kaun-se,3
کھلتا,khultaa,3
امید,umiid,3
دوزخ,doza;x,3
دود,duud,3
بیٹھنا,bai;thnaa,3
دست,dast,3
تبِ,tab-e,3
غنچہ,;gunchah,3
نازشِ,naazish-e,3
ہنگامہِ,hangaamah-e,3
سروِ,sarv-e,3
خاص,;xaa.s,3
چرچا,charchaa,3
ذرا,;zaraa,3
سیلیِ,siilii-e,3
بنتی,bantii,3
مدّعی,mudda((ii,3
فتنہِ,fitnah-e,3
زبانی,zabaanii,3
دہن,dahan,3
پیچھے,piichhe,3
طوطی,:tuu:tii,3
کھینچا,khe;nchaa,3
عام,((aam,3
لبوں,labo;n,3
ٹھہرا,;thahraa,3
حوادث,;havaadi;s,3
حالت,;haalat,3
گزری,guzrii,3
نظّارہ,na:z:zaarah,3
گرفتاریِ,giriftaarii-e,3
شامِ,shaam-e,3
وضع,va.z((a,3
کرنا,karnaa,3
گرمیِ,garmii-e,3
بیتاب,betaab,3
بعدِ,ba((d-e,3
مقدمِ,maqdam-e,3
تازہ,taazah,3
گرد,gard,3
زیرِ,zer-e,3
روزگار,rozgaar,3
سرو,sarv,3
عنواں,((unvaa;n,3
رہ گزر,rah-guzar,3
پیچوتاب,pech-o-taab,3
بنِ,bun-e,3
مزا,mazaa,3
ہجراں,hijraa;n,3
وا رستگی,vaa-rastagii,3
سیلابِ,sailaab-e,3
برابر,baraabar,3
مانندِ,maanind-e,3
خامہ,;xaamah,3
اشعار,ash((aar,3
فراغت,faraa;gat,3
مانگ,maa;ng,3
وجہِ,vaj'h-e,3
کشاکش,kashaakash,3
اگرچہ,agarchih,3
گوش,gosh,3
شیشے,shiishe,3
خمیازہ,;xamyaazah,3
اشارے,ishaare,3
رکھا,rakhaa,3
مارے,maare,3
بد خو,bad-;xuu,3
گرفتار,giriftaar,3
قامت,qaamat,3
باز,baaz,3
گہر,guhar,3
رنج,ranj,3
دہقاں,dihqaa;n,3
ہم زباں,ham-zabaa;n,3
بے وفا,be-vafaa,3
مضموں,ma.zmuu;n,3
ٹوٹ,;tuu;t,3
دھوکا,dhokaa,3
سنتا,suntaa,3
بیداد,bedaad,3
رواں,ravaa;n,3
ساقیِ,saaqii-e,3
صہبا,.sahbaa,3
پرے,pare,3
طوفاں,:tuufaa;n,3
وجود,vujuud,3
بھاگے,bhaage,3
کرو,karo,3
شبستاں,shabistaa;n,3
زندگانی,zindagaanii,3
شش,shash,3
نومیدیِ,naumiidii-e,3
جینے,jiine,3
جبیں,jabii;n,3
پنبہ,punbah,3
وہمِ,vahm-e,3
ویرانی,viiraanii,3
پانی,paanii,3
اندیشہ,andeshah,3
ملتا,miltaa,3
چاہتا,chaahtaa,3
سکا,sakaa,3
بیش,besh,3
گردِ,gard-e,3
بے مہر,be-mihr,3
مینا,miinaa,3
رہےگا,rahegaa,3
خفا,;xafaa,3
اداے,adaa-e,3
الفتِ,ulfat-e,3
افسردگی,afsurdagii,3
اڑ,u;r,3
سراپا,saraapaa,3
جلاد,jallaad,3
خزاں,;xizaa;n,3
شخص,sha;x.s,3
خاں,;xaa;n,3
رو,ruu,3
آزردہ,aazurdah,3
گرفتارِ,giriftaar-e,3
مژہِ,mizhah-e,3
لگائے,lagaa))e,3
نشوونما,nashv-o-numaa,3
شکست,shikast,3
اٹھائے,u;thaa))e,3
اعتبار,i((tibaar,3
عذرِ,((u;zr-e,3
نو,nau,3
ہووے,hove,3
خموشی,;xamoshii,3
گوشِ,gosh-e,3
دوڑے,dau;re,3
مژہ,mizhah,3
مہرِ,mihr-e,3
طلسمِ,:tilism-e,3
دشوار,dushvaar,3
شبہاے,shab'haa-e,3
چند,chand,3
وادیِ,vaadii-e,3
بے اثر,be-a;sar,3
فرہاد,farhaad,3
افسوس,afsos,3
نشاطِ,nashaa:t-e,3
نظّارے,na:z:zaare,3
بلاے,balaa-e,3
نفرت,nafrat,3
کھیل,khel,3
کسے,kise,3
آمد,aamad,3
قرض,qar.z,3
جراحتِ,jaraa;hat-e,3
روانی,ravaanii,3
فغاں,fi;gaa;n,3
ملامت,malaamat,3
نکوہش,nikohish,3
خامہِ,;xaamah-e,3
بندِ,band-e,3
سر گرمِ,sar-garm-e,3
احساں,i;hsaa;n,3
لیتا,letaa,3
راضی,raa.zii,3
پار,paar,3
اثرِ,a;sar-e,3
دماغِ,dimaa;g-e,3
دیکھتا,dekhtaa,3
قطرے,qa:tre,3
غربت,;gurbat,3
بو,buu,3
حد,;had,3
مرہم,marham,3
جم,jam,3
بہتر,bahtar,3
خمارِ,;xumaar-e,3
خندہہاے,;xandah'haa-e,3
بال کشا,baal-kushaa,3
قلم,qalam,3
تعمیر,ta((miir,3
خمِ,;xam-e,3
پارہِ,paarah-e,3
موج,mauj,3
سبزہِ,sabzah-e,3
تنہا,tanhaa,3
بہاے,bahaa-e,3
تار,taar,3
اندر,andar,3
آتش کدہ,aatish-kadah,3
ایماں,iimaa;n,3
کشمکش,kashmakash,3
دید,diid,3
تپشِ,tapish-e,3
پاتا,paataa,3
بے جا,be-jaa,3
بے دادِ,be-daad-e,3
بینش,biinish,3
مکتوب,maktuub,3
کھینچے,khe;nche,3
سبزہ,sabzah,3
انگشت,angusht,3
محرومیِ,ma;hruumii-e,3
فراہم,faraaham,3
نا چار,naa-chaar,3
حالانکہ,;haalaa;nkih,2
اٹھے,u;the,2
مشکیں,mushkii;n,2
بے زبانی,be-zabaanii,2
عالی,((aalii,2
کوتاہیِ,kotaahii-e,2
چھوٹا,chhuu;taa,2
لگتی,lagtii,2
گراں,giraa;n,2
چھپائے,chhupaa))e,2
سحر,si;hr,2
ظرفِ,:zarf-e,2
دشنہِ,dashnah-e,2
شہیدِ,shahiid-e,2
جگر تشنہِ,jigar-tishnah-e,2
پیرہن,pairahan,2
کنعاں,kan((aa;n,2
نامِ,naam-e,2
فرقت,furqat,2
مختصر,mu;xta.sar,2
بجلی,bijlii,2
گلستاں,gulsitaa;n,2
معتقدِ,mu((taqid-e,2
معاصی,ma((aa.sii,2
حاصلِ,;haa.sil-e,2
دہانِ,dahaan-e,2
وا ماندگی,vaa-maa;ndagii,2
شرحِ,shar;h-e,2
دعوتِ,da((vat-e,2
خستگی,;xastagii,2
نا کام,naa-kaam,2
قیدِ,qaid-e,2
نظارہ سوز,na:zaarah-soz,2
خطِّ,;xa:t:t-e,2
علاج,((ilaaj,2
نیند,nii;nd,2
غرقِ,;garq-e,2
زنگار,zangaar,2
کتنے,kitne,2
اختیار,i;xtiyaar,2
عقدِ,((aqd-e,2
عذر,((u;zr,2
گوارا,gavaaraa,2
دنداں نما,dandaa;n-numaa,2
اثبات,i;sbaat,2
عیسیٰ,((iis;aa,2
دکھاتا,dikhaataa,2
پھرے,phire,2
دنوں,dino;n,2
قفسِ,qafas-e,2
لیں‌گے,le;nge,2
ذرّہِ,;zarrah-e,2
رو,ro,2
گنجینہِ,ganjiinah-e,2
گور,gor,2
دانہ,daanah,2
دانا,daanaa,2
خواری,;xvaarii,2
ہای,haay,2
نا سزا,naa-sazaa,2
زبانِ,zabaan-e,2
سراسر,saraasar,2
باندھے,baa;ndhe,2
نشتر,nashtar,2
طور,:tuur,2
شہیدانِ,shahiidaan-e,2
لکھتا,likhtaa,2
رگ,rag,2
آئنہِ,aa))inah-e,2
غنچے,;gunche,2
مکان,makaan,2
بلا,bulaa,2
گردنِ,gardan-e,2
کیونکہ,kyuu;nkih,2
کھود,khod,2
مہرِ,muhr-e,2
غبارِ,;gubaar-e,2
بے قراری,be-qaraarii,2
جراحت,jaraa;hat,2
طاقِ,:taaq-e,2
خلشِ,;xalish-e,2
سنگوخشت,sang-o-;xisht,2
پارسائی,paarsaa))ii,2
بر,bar,2
تہِ,tah-e,2
تاخیر,taa;xiir,2
بد,bad,2
بشر,bashar,2
صاحب,.saa;hib,2
پیالہ,piyaalah,2
رفتارِ,raftaar-e,2
آن,aan,2
سیر,sair,2
رخصتِ,ru;x.sat-e,2
گراں جانی,giraa;n-jaanii,2
بے حجاب,be-;hijaab,2
بیمار دار,biimaar-daar,2
زمزم,zamzam,2
یاس,yaas,2
نذر,na;zr,2
نقش,naqsh,2
مرجاں,marjaa;n,2
نرگس,nargis,2
اسیری,asiirii,2
میناے,miinaa-e,2
گلزار,gulzaar,2
بندگی,bandagii,2
تسلیم,tasliim,2
بے مہریِ,be-mihrii-e,2
کیسا,kaisaa,2
منعِ,man((-e,2
وا بستہ,vaa-bastah,2
نیکی,nekii,2
جیے,jiye,2
نہانی,nihaanii,2
الماس,almaas,2
خوں بہا,;xuu;n-bahaa,2
بیضہِ,bai.zah-e,2
مشقِ,mashq-e,2
گزارا,guzaaraa,2
پردہ داری,pardah-daarii,2
آہیں,aahe;n,2
پنبہِ,punbah-e,2
کثرتِ,ka;srat-e,2
قطعِ,qa:t((-e,2
جوش,josh,2
ضبط,.zab:t,2
طفلاں,:tiflaa;n,2
مدح,mad;h,2
تکلیفِ,takliif-e,2
سرمہ سا,surmah-saa,2
کہتی,kahtii,2
خوبیِ,;xuubii-e,2
مانع,maana((,2
روئیں‌گے,ro))e;nge,2
سوتے,sote,2
بے تابی,be-taabii,2
روؤں,ro))uu;n,2
رو کشِ,ruu-kash-e,2
یکتا,yaktaa,2
خشک,;xushk,2
آشوبِ,aashob-e,2
بر ہم,bar-ham,2
سنتے,sunte,2
لائے,laa))e,2
نگاہیں,nigaahe;n,2
گر,gir,2
گھستے,ghiste,2
طعنہِ,:ta((nah-e,2
مہتاب,mahtaab,2
غیرِ,;gair-e,2
بدن,badan,2
پیے,piye,2
لفظ,laf:z,2
سائل,saa))il,2
قدرت,qudrat,2
عبارت,((ibaarat,2
پشت گرمیِ,pusht-garmii-e,2
رسائی,rasaa))ii,2
مجھی,mujhii,2
تعجّب,ta((ajjub,2
سراپا ناز,saraapaa-naaz,2
گریہِ,giryah-e,2
تمثال,tim;saal,2
پر خوں,pur-;xuu;n,2
مدار,madaar,2
افعی,af((ii,2
ٹھنڈا,;than;daa,2
حجر,;hijr,2
پیشِ,pesh-e,2
نشّہِ,nashshah-e,2
پشتِ,pusht-e,2
دل لگی,dil-lagii,2
بھید,bhed,2
جاؤ,jaa))o,2
موقوف,mauquuf,2
وقفِ,vaqf-e,2
سجدہِ,sijdah-e,2
بادِ,baad-e,2
پوچھتا,puuchhtaa,2
مٹا,mi;taa,2
عقدہِ,((uqdah-e,2
جامہِ,jaamah-e,2
معاملہ,mu((aamilah,2
اٹھائی,u;thaa))ii,2
لطف,lu:tf,2
نسیاں,nisyaa;n,2
زہے,zahe,2
ندیم,nadiim,2
چاہتے,chaahte,2
نعش,na((sh,2
اٹھتا,u;thtaa,2
منزل,manzil,2
صبح دم,.sub;h-dam,2
جانِ,jaan-e,2
کھنچتا,khi;nchtaa,2
آفت,aafat,2
باغِ,baa;g-e,2
خود آرا,;xvud-aaraa,2
زخمی,za;xmii,2
دراز,daraaz,2
اعجازِ,i((jaaz-e,2
موے,muu-e,2
ستم گر,sitam-gar,2
تمکیں,tamkii;n,2
لیوے,leve,2
کوثر,kau;sar,2
حوصلہ,;hau.slah,2
بناؤ,banaa))o,2
جاں گداز,jaa;n-gudaaz,2
گرہ,girah,2
کاروبار,kaar-o-baar,2
شکل,shakl,2
جن,jin,2
بساط,bisaa:t,2
کہیں‌گے,kahe;nge,2
بتلاؤ,batlaa))o,2
کماں,kamaa;n,2
کشتہِ,kushtah-e,2
سرمہ,surmah,2
عاجز,((aajiz,2
خوں فشاں,;xuu;n-fishaa;n,2
پیتے,piite,2
اغیار,a;gyaar,2
کمیں,kamii;n,2
فگار,figaar,2
مانند,maanind,2
دشنہ,dashnah,2
پاتے,paate,2
بڑھ,ba;rh,2
زلیخا,zulai;xaa,2
شاخِ,shaa;x-e,2
شاہدِ,shaahid-e,2
رنداں,rindaa;n,2
نشاں,nishaa;n,2
آؤ,aa))o,2
نسبت,nisbat,2
نا داں,naa-daa;n,2
الم,alam,2
ستمہاے,sitamhaa-e,2
تھک,thak,2
تحفہ,tu;hfah,2
صیّاد,.sayyaad,2
نیازِ,niyaaz-e,2
قبلہِ,qiblah-e,2
مے کشی,mai-kashii,2
دیدارِ,diidaar-e,2
درویش,darvesh,2
نا رسا,naa-rasaa,2
زور,zor,2
آشفتہ بیانی,aashuftah-bayaanii,2
مہِ,mah-e,2
شیوہ,shevah,2
دیکھیں,dekhe;n,2
پوچھیں,puuchhe;n,2
مجلس,majlis,2
ضامن,.zaamin,2
حلقہ,;halqah,2
قولِ,qaul-e,2
غنیمت,;ganiimat,2
طرفِ,:tarf-e,2
بے وفائی,be-vafaa))ii,2
زہر,zahr,2
ناگہاں,naagahaa;n,2
الجھتے,ulajhte,2
بہارِ,bahaar-e,2
کلفتِ,kulfat-e,2
ثابت,;saabit,2
دلدار,dildaar,2
جاۓگی,jaa))egii,2
بزم آرائیاں,bazm-aaraa))iyaa;n,2
بینا,biinaa,2
قبول,qabuul,2
قہر,qahr,2
آوارگی,aavaaragii,2
کھڑے,kha;re,2
میرزا,miirzaa,2
حضرت,;ha.zrat,2
بولا,bolaa,2
چھوڑی,chho;rii,2
حلقے,;halqe,2
غرض,;gara.z,2
غمزہ,;gamzah,2
شوخی,sho;xii,2
گستاخ,gustaa;x,2
لازم,laazim,2
ہنگامِ,hangaam-e,2
طبیعت,:tabii((at,2
کردہ,kardah,2
پے,pai,2
کمالِ,kamaal-e,2
رنگیں,rangii;n,2
غفلت,;gaflat,2
کمر,kamar,2
فرماویں‌گے,farmaave;nge,2
کان,kaan,2
کار,kaar,2
خطِ,;xa:t-e,2
جور,jaur,2
اسیر,asiir,2
نسیم,nasiim,2
زیارت گاہِ,ziyaarat-gaah-e,2
انجمنِ,anjuman-e,2
ضبطِ,.zab:t-e,2
مور,mor,2
اوجِ,auj-e,2
بالش,baalish,2
جلوہ گری,jalvah-garii,2
یارانِ,yaaraan-e,2
روزنِ,rauzan-e,2
عمل,((amal,2
اندھیر,andher,2
انتظارِ,inti:zaar-e,2
مشتاق,mushtaaq,2
غنچہِ,;gunchah-e,2
نا مراد,naa-muraad,2
مرد,mard,2
دیکھے,dekhe,2
رہگزر,rahguzar,2
سیاہ,siyaah,2
عاشقِ,((aashiq-e,2
مبادا,mabaadaa,2
اچّھوں,achchho;n,2
جستہ,jastah,2
نقشہ,naqshah,2
جنسِ,jins-e,2
جتنے,jitne,2
نبردِ,nabard-e,2
بو ال ہوس,buu-ul-havas,2
دھرا,dharaa,2
وہاں,vahaa;n,2
ووہی,vohii,2
ٹپکا,;tapkaa,2
بھاگیں‌گے,bhaage;nge,2
برگِ,barg-e,2
بہانہِ,bahaanah-e,2
بیگانگی,begaanagii,2
ملا,milaa,2
تقریب,taqriib,2
توبہ,taubah,2
التفات,iltifaat,2
احرام,a;hraam,2
عجزِ,((ajz-e,2
غزل,;gazal,2
غیب,;gaib,2
شرما,sharmaa,2
سایے,saaye,2
پر خار,pur-;xaar,2
سنو,suno,2
زیاں,ziyaa;n,2
سنے,sune,2
رزق,rizq,2
رے,re,2
براے,baraa-e,2
مے خانہ,mai-;xaanah,2
بادشاہ,baadshaah,2
حنائی,;hinaa))ii,2
پوچھو,puuchho,2
ہستیِ,hastii-e,2
اعتبارِ,i((tibaar-e,2
تقاضاے,taqaa.zaa-e,2
تغافلہاے,ta;gaafulhaa-e,2
وفاداری,vafaadaarii,2
سو,suu,2
درست,durust,2
آبروے,aabruu-e,2
غزل خوانی,;gazal-;xvaanii,2
چیز,chiiz,2
آزادی,aazaadii,2
شعر,shi((r,2
دکھلائیں,dikhlaa))e;n,2
کھا,khaa,2
کار فرما,kaar-farmaa,2
کہنے,kahne,2
پوچھا,puuchhaa,2
بے سروپا,be-sar-o-paa,2
کاوشِ,kaavish-e,2
وو,vo,2
جاویں‌گے,jaave;nge,2
رونا,ronaa,2
حجاب,;hijaab,2
دیجے,diije,2
شرر,sharar,2
زنہار,zinhaar,2
سراغ,suraa;g,2
جذبِ,ja;zb-e,2
طبع,:tab((a,2
ہنسی,ha;nsii,2
اظہار,i:zhaar,2
چراغانِ,chiraa;gaan-e,2
گدائی,gadaa))ii,2
قدر,qadr,2
تعن,ta((n,2
آئنے,aa))ine,2
ہم آغوشی,ham-aa;goshii,2
روتا,rotaa,2
نقابِ,naqaab-e,2
گفتگو,guftaguu,2
اکثر,ak;sar,2
کاری,kaarii,2
بیٹھیے,bai;thiye,2
رہزن,rahzan,2
تقدیر,taqdiir,2
گم,gum,2
دامانِ,daamaan-e,2
کریں‌گے,kare;nge,2
ہم سفر,ham-safar,2
تہی,tihii,2
پر,pur,2
جستجو,justajuu,2
بے زار,be-zaar,2
خانہ ویرانی,;xaanah-viiraanii,2
ڈرے,;dare,2
کوہ,koh,2
مرگِ,marg-e,2
دل فریبیِ,dil-farebii-e,2
فلکِ,falak-e,2
آسمان,aasmaan,2
غم خواری,;gam-;xvaarii,2
جنبش,junbish,2
گدا,gadaa,2
پیغامِ,pai;gaam-e,2
دعواے,da((vaa-e,2
منّت کشِ,minnat-kash-e,2
استاد,ustaad,2
حضرتِ,;ha.zrat-e,2
راز,raaz,2
سبزہوگل,sabzah-o-gul,2
جواں,javaa;n,2
قصّہ,qi.s.sah,2
گوں,gau;n,2
اتنا,utnaa,2
مصر,mi.sr,2
ڈرتے,;darte,2
موسم,mausam,2
گیتی,giitii,2
تمثال دار,tim;saal-daar,2
گلی,galii,2
آؤں,aa))uu;n,2
لاگ,laag,2
چارہِ,chaarah-e,2
بازارِ,baazaar-e,2
مضامیں,ma.zaamii;n,2
دعویِٰ,da((v;aa-e,2
مکتب,maktab,2
لکھے,likhe,2
کئی,ka))ii,2
عبث,((aba;s,2
روا,ravaa,2
وسعت,vus((at,2
خریدارِ,;xariidaar-e,2
عارف,((aarif,2
بناے,binaa-e,2
حیرتِ,;hairat-e,2
دبستاں,dabistaa;n,2
جنبشِ,junbish-e,2
شہ,shah,2
شے,shai,2
گزر گاہِ,guzar-gaah-e,2
نمایاں,numaayaa;n,2
آہنگِ,aahang-e,2
آئینے,aa))iine,2
خم,;xum,2
ابجد,abjad,2
انساں,insaa;n,2
بدی,badii,2
ہنگامہ,hangaamah,2
لی,lii,2
صیدِ,.said-e,2
مسیحا,masii;haa,2
بری,burii,2
رونق,raunaq,2
امکاں,imkaa;n,2
چلا,chalaa,2
تقصیر,taq.siir,2
پیشتر,peshtar,2
بہم,baham,2
نظّارہِ,na:z:zaarah-e,2
فرد,fard,2
فصل,fa.sl,2
بتاؤ,bataa))o,2
تلافی,talaafii,2
پریشانیِ,pareshaanii-e,2
کسلیے,kisliye,2
جاری,jaarii,2
سر نوشت,sar-navisht,2
سپاسِ,sipaas-e,2
ساز,saaz,2
سات,saat,2
سال,saal,2
لڑائی,la;raa))ii,2
نخوت,na;xvat,2
دائم,daa))im,2
خورشید,;xvurshiid,2
قابل,qaabil,2
بگڑ,biga;r,2
خیاباں,;xiyaabaa;n,2
ثواب,;savaab,2
لگاؤ,lagaa))o,2
شرر بار,sharar-baar,2
ملنے,milne,2
نویدِ,naved-e,2
اٹھتی,u;thtii,2
نشانی,nishaanii,2
اسبابِ,asbaab-e,2
کھاتے,khaate,2
سمندر,samandar,2
کھائی,khaa))ii,2
صبر آزما,.sabr-aazmaa,2
کنجِ,kunj-e,2
ساماں,saamaa;n,2
لینے,lene,2
تمنّاے,tamannaa-e,2
بے محابا,be-mu;haabaa,2
نخچیر,na;xchiir,2
اشک باری,ashk-baarii,2
گریے,girye,2
مژدہِ,muzhdah-e,2
دریغ,dare;g,2
آشفتہ سر,aashuftah-sar,2
مال,maal,2
مان,maan,2
دھوئے,dho))e,2
قفلِ,qufl-e,2
جاناں,jaanaa;n,2
آیے,aaye,2
باتیں,baate;n,2
نا تمامی,naa-tamaamii,2
مقدّمہ,muqaddamah,2
آویں,aave;n,2
رکھتی,rakhtii,2
ستائے,sataa))e,2
آزمانے,aazmaane,2
خوفِ,;xauf-e,2
بختِ,ba;xt-e,2
شکلِ,shakl-e,2
زمین,zamiin,2
کوچہِ,kuuchah-e,2
اڑتے,u;rte,2
روکا,rokaa,2
جلا,jalaa,2
اصلِ,a.sl-e,2
اعتمادِ,i((timaad-e,2
خاموشی,;xaamoshii,2
کاش کے,kaash-ke,2
جہاں تاب,jahaa;n-taab,2
گریزاں,gurezaa;n,2
مند,mu;nd,2
نافِ,naaf-e,2
غم خوارِ,;gam-;xvaar-e,2
دیدہ,diidah,2
مژدہ,muzhdah,2
ناوکِ,naavuk-e,2
کدھر,kidhar,2
برائی,buraa))ii,2
ہنس,ha;ns,2
بلائے,bulaa))e,2
الف,alif,2
آتش زدہ,aatish-zadah,2
پاسباں,paasbaa;n,2
طرّہِ,:turrah-e,2
دیکھی,dekhii,2
قدِ,qad-e,2
ٹپکے,;tapke,2
کمال,kamaal,2
لکھوائے,likhvaa))e,2
فرق,farq,2
مہر,mihr,2
ہزاروں,hazaaro;n,2
پوچھتے,puuchhte,2
رنجور,ranjuur,2
چپکے,chupke,2
اٹھانے,u;thaane,2
پاک,paak,2
فیضِ,fai.z-e,2
شرارِ,sharaar-e,2
حشر,;hashr,2
درمیاں,darmiyaa;n,2
خستہ,;xastah,2
آزاد,aazaad,2
مقدور,maqduur,2
مفت,muft,2
بے نیازی,be-niyaazii,2
بیوفا,bevafaa,2
توسن,tausan,2
سنی,sunii,2
تشنہِ,tishnah-e,2
حزیں,;hazii;n,2
پیکرِ,paikar-e,2
فراغ,faraa;g,2
عید,((iid,2
شرمندہ,sharmindah,2
رفو,rafuu,2
با,baa,2
آدم,aadam,2
بہرِ,bahr-e,2
سچ,sach,2
اچّھے,achchhe,2
حور,;huur,2
علی,((alii,2
آباد,aabaad,2
کھودنے,khodne,2
مسجد,masjid,2
آہِ,aah-e,2
خمِ,;xum-e,2
پیتا,piitaa,2
اشارہ,ishaarah,2
بودا,bodaa,2
روبرو,ruubaruu,2
آئنہ سیما,aa))inah-siimaa,2
غارت گرِ,;gaarat-gar-e,2
خوے,;xuu-e,2
بت,but,2
ناموسِ,naamuus-e,2
دینے,dene,2
فراقِ,firaaq-e,2
بھیس,bhes,2
جلتا,jaltaa,2
دکھا,dikhaa,2
رقیبوں,raqiibo;n,2
شرمِ,sharm-e,2
چال,chaal,2
بسترِ,bistar-e,2
دہاں,dahaa;n,2
آئیں,aa))e;n,2
گزرا,guzraa,2
بیمارِ,biimaar-e,2
دیواروں,diivaaro;n,2
فتنہ,fitnah,2
حذر,;ha;zar,2
بنائے,banaa))e,2
منفعل,munfa((il,2
عارِ,((aar-e,2
شاد,shaad,2
کہانی,kahaanii,2
شام,shaam,2
حرفِ,;harf-e,2
مہرووفا,mihr-o-vafaa,2
گلولالہ,gul-o-laalah,2
کاغذ,kaa;ga;z,2
خرام,;xiraam,2
سمجھتا,samajhtaa,2
کاشانے,kaashaane,2
رخِ,ru;x-e,2
ڈالا,;daalaa,2
بے قرار,be-qaraar,2
یک بیاباں,yak-bayaabaa;n,2
ودیعتِ,vadii((at-e,2
استوار,ustuvaar,2
سرد,sard,2
راز داں,raaz-daa;n,2
رحمت,ra;hmat,2
رشتہ,rishtah,2
اسد ال لیٰہ,asad-ul-l;aah,2
غش,;gash,2
خور,;xvur,2
ہیولیٰ,hayuul;aa,2
پھوڑنا,pho;rnaa,2
وفاے,vafaa-e,2
طوق,:tauq,2
غم خوار,;gam-;xvaar,2
پئے,pa))e,2
دشمنِ,dushman-e,2
تندیِ,tundii-e,2
سمجھو,samjho,2
ہاتھوں,haatho;n,2
ناموس,naamuus,2
بے پروا,be-parvaa,2
دوش,dosh,2
جوششِ,joshish-e,2
ڈال,;daal,2
برسات,barsaat,2
تاک,taak,2
یعقوب,ya((quub,2
آب گینہ,aab-giinah,2
دشت نوردی,dasht-navardii,2
ساکنانِ,saakinaan-e,2
شیرازہ,shiiraazah,2
اتر,utar,2
زمرّد,zumurrud,2
تیشے,teshe,2
سیلِ,sail-e,2
مٹے,mi;te,2
رکھیو,rakhyo,2
دیں‌گے,de;nge,2
کاغذِ,kaa;ga;z-e,2
شاہِ,shaah-e,2
بتلا,batlaa,2
آشفتگی,aashuftagii,2
ہلاکِ,halaak-e,2
اصل,a.sl,2
لالہ کاری,laalah-kaarii,2
سودا,saudaa,2
کھینچتا,khe;nchtaa,2
لکھیں‌گے,likhe;nge,2
آرائشِ,aaraa))ish-e,2
پتا,pataa,2
منظر,man:zar,2
سبحہِ,sub;hah-e,2
گناہوں,gunaaho;n,2
وبالِ,vabaal-e,2
چھٹا,chhu;taa,2
نمود,namuud,2
ہم سا,ham-saa,2
نئے,na))e,2
الجھا,uljhaa,2
صرف,.sirf,2
پی,pii,2
گناہ,gunaah,2
کاوشہاے,kaavish'haa-e,2
لیں,le;n,2
حسد,;hasad,2
دو عالم,do-((aalam,2
قلزمِ,qulzum-e,2
اگلے,agle,2
پھریں,phire;n,2
سرمے,surme,2
برہمن,barahman,2
کہن,kuhan,2
آبلوں,aabilo;n,2
عداوت,((adaavat,2
عبادت,((ibaadat,2
چھوڑ,chho;r,2
پلا,pilaa,2
پروا,parvaa,2
بد نام,bad-naam,1
شگفتگی,shiguftagii,1
رنگوسازہا,rang-o-saaz'haa,1
خوں غلتیدنِ,;xuu;n-;galtiidan-e,1
عرق,((araq,1
گومگو,gomago,1
دانتوں,daa;nto;n,1
بھاگنے,bhaagne,1
خوب رویوں,;xuub-ruuyo;n,1
خورشید جمال,;xvurshiid-jamaal,1
وضعِ,va.z((-e,1
پہنچے,pahu;nche,1
نعمت,ni((mat,1
کھوئے,kho))e,1
اوج,auj,1
کھلے,khule,1
حناے,;hinaa-e,1
سر گشتگی,sar-gashtagii,1
بت کدے,but-kade,1
ماتم,maatam,1
گرفتاری,giriftaarii,1
ہں,hu;n,1
پھوڑ,pho;r,1
بیمِ,biim-e,1
خیر,;xair,1
نجفوطوفِ,najaf-o-:tauf-e,1
کھپاتا,khapaataa,1
ریشہ دوانی,reshah-davaanii,1
کھایا,khaayaa,1
اعظم,a((:zam,1
ناقصوکامل,naaqi.s-o-kaamil,1
سیکھے,siikhe,1
پھرتی,phirtii,1
حیلے,;hiile,1
التجا,iltijaa,1
ظاہرً,:zaahira:n,1
دیوار جو,diivaar-juu,1
اردی,urdii,1
اتنے,utne,1
ملتیں,millate;n,1
قدم بوس,qadam-bos,1
شگفتن ہا,shuguftan-haa,1
مجنونِ,majnuun-e,1
الفطہاے,ulfa:t'haa-e,1
عرصہِ,((ar.sah-e,1
جفائیں,jafaa))e;n,1
نزاکت,nazaakat,1
خانہ ویراں سازیِ,;xaanah-viiraa;n-saazii-e,1
رہبرِ,rahbar-e,1
ماتم خانہ,maatam-;xaanah,1
خو,;xo,1
اکبر,akbar,1
چھپانے,chhupaane,1
آتشیں,aatishii;n,1
بھرم,bharam,1
صلح,.sul;h,1
جنوں جولاں,junuu;n-jaulaa;n,1
فضولوجرئتِ,fu.zuul-o-jur))at-e,1
کل,kul,1
زندہ,zindah,1
کالبدِ,kaalbud-e,1
وا بستہِ,vaa-bastah-e,1
پیامِ,payaam-e,1
ارزانی,arzaanii,1
خفقانی,;xafaqaanii,1
بے ننگونام,be-nang-o-naam,1
لیجو,liijo,1
کاٹے,kaa;te,1
ضوقِ,.zauq-e,1
رخسارِ,ru;xsaar-e,1
پھرنے,phirne,1
حجرہ,;hujrah,1
بے شانہِ,be-shaanah-e,1
خموشیوں,;xamoshiyo;n,1
شہنشاہِ,shahinshaah-e,1
مجبور,majbuur,1
سناؤں,sunaa))uu;n,1
تھما,thamaa,1
مرغ,mur;g,1
گفتگو,guftago,1
زندانیوں,zindaaniyo;n,1
خستہ تن,;xastah-tan,1
گرہِ,girah-e,1
لٹاتا,lu;taataa,1
حاجات,;haajaat,1
گھبراویں‌گے,ghabraave;nge,1
اقبالِ,iqbaal-e,1
بے خودوں,be-;xvudo;n,1
ہما,humaa,1
نظّارہوخیال,na:z:zaarah-o-;xayaal,1
دلومژگاں,dil-o-mizhgaa;n,1
بہ ذرّہ,bah-;zarrah,1
بیربطیِ,berab:tii-e,1
آرزوئیں,aarzuu))e;n,1
سنگ دل,sang-dil,1
بادہ نوشیِ,baadah-noshii-e,1
طراوتِ,:taraavat-e,1
سر گرانی,sar-giraanii,1
منّت,minnat,1
تیغ آزما,te;g-aazmaa,1
رودادِ,ruudaad-e,1
پرہیز,parhez,1
ہیہات,haihaat,1
تاکے,taake,1
وفورِ,vufuur-e,1
مقصد,maq.sad,1
تونبے,tuu;nbe,1
بادہ نوشی,baadah-noshii,1
شرطِ,shar:t-e,1
ستم کش,sitam-kash,1
التہاب,iltihaab,1
پیالہوساغر,piyaalah-o-saa;gar,1
دوڑائے,dau;raa))e,1
کشادِ,kushaad-e,1
گھسےگا,ghisegaa,1
اشارا,ishaaraa,1
تھوڑی,tho;rii,1
بازیچہِ,baaziichah-e,1
ہرزہ,harzah,1
بھوکے,bhuuke,1
اشارت,ishaarat,1
نیلی فام,niilii-faam,1
محمل,ma;hmil,1
نقصاں,nuq.saa;n,1
پھول,phuul,1
طرّہ,:turrah,1
سینکڑوں,sai;nk;ro;n,1
غریب نواز,;gariib-navaaz,1
دفن,dafn,1
آئنہ داریِ,aa))inah-daarii-e,1
استغناے,isti;gnaa-e,1
ضامنِ,.zaamin-e,1
لبودنداں,lab-o-dandaa;n,1
ریختہ,re;xtah,1
سطحِ,sa:t;h-e,1
اڑا,u;raa,1
حیاتِ,;hayaat-e,1
طوفانیِ,:tuufaanii-e,1
دست گیری,dast-giirii,1
آئیو,aa))iyo,1
متقابل,mutaqaabil,1
حکمت,;hikmat,1
کشایش,kushaayish,1
کہنا,kahnaa,1
جزا,jazaa,1
مشکلِ,mushkil-e,1
دلودل,dil-o-dil,1
اختلاط,i;xtilaa:t,1
بالشِ,baalish-e,1
الٹا,ul;taa,1
قدرتِ,qudrat-e,1
بے دماغی,be-dimaa;gii,1
شستِ,shast-e,1
پروازِ,parvaaz-e,1
پڑھ,pa;rh,1
منکرِ,munkar-e,1
نا کامی,naa-kaamii,1
نکلتے,nikalte,1
فروع,furuu((,1
لگ,lag,1
صریرِ,.sariir-e,1
اقلیم,iqliim,1
لت,lat,1
رنگیں نوائی,rangii;n-navaa))ii,1
سمجھیں,samjhe;n,1
آستیں,aastii;n,1
اجازت,ijaazat,1
نصیرِ,na.siir-e,1
رستا,rastaa,1
نشانِ,nishaan-e,1
سبقِ,sabaq-e,1
غریبی,;gariibii,1
اٹھیں‌گے,u;the;nge,1
دارورسن,daar-o-rasan,1
آسائش,aasaa))ish,1
در پردہ,dar-pardah,1
کھینچونگا,khe;nchuu;ngaa,1
بے کفن,be-kafan,1
بچیں,bache;n,1
نہی,nahii,1
بے گنہ کشوحق,be-gunah-kush-o-;haq,1
شبوروزوماہوسال,shab-o-roz-o-maah-o-saal,1
رہگزار,rahguzaar,1
رہ گزار,rah-guzaar,1
تماشائی,tamaashaa))ii,1
دیجیو,diijiyo,1
پرزے,purze,1
دیجیے,diijiye,1
خود بینوخود آرا,;xvud-biin-o-;xvud-aaraa,1
نومید,naumed,1
ترستا,tarastaa,1
شکوہ سنجِ,shikvah-sanj-e,1
پوچھوں,puuchhuu;n,1
دیں,de;n,1
انتضار,inti.zaar,1
چھوڑے,chho;re,1
ادراک,idraak,1
دو نیم,do-niim,1
مقدارِ,miqdaar-e,1
وا رستہ,vaa-rastah,1
چھوڑو,chho;ro,1
رضامند,ra.zaamand,1
فانوس,faanuus,1
سحری,sa;harii,1
افشردہِ,afshardah-e,1
اندیشے,andeshe,1
کنارے,kinaare,1
انتظام,inti:zaam,1
سنجاب,sanjaab,1
ختم,;xatm,1
شرار,sharaar,1
سوارِ,savaar-e,1
مے کش,mai-kash,1
بنتے,bante,1
بندھے,ba;ndhe,1
بجھتے,bujhte,1
پھرو,phiro,1
گراں نشیں,giraa;n-nishii;n,1
آبادِ,aabaad-e,1
آہو,aahuu,1
نسخہِ,nus;xah-e,1
ہدیہ,hadyah,1
نوید,naviid,1
بلاتا,bulaataa,1
عیشوجاہ,((aish-o-jaah,1
رہزنی,rahzanii,1
لپٹا,lip;taa,1
بخیے,ba;xye,1
سوختہ,so;xtah,1
قناعت,qanaa((at,1
جاں سپاری,jaa;n-sipaarii,1
جانیے,jaaniye,1
طومارِ,:tuumaar-e,1
رہنا,rahnaa,1
دستوپا,dast-o-paa,1
سوتا,sotaa,1
مناجات,munaajaat,1
خداوندِ,;xudaavand-e,1
معاشِ,ma((aash-e,1
پہنچ,pahu;nch,1
سہل,sahl,1
ہم سایے,ham-saaye,1
اعتماد,i((timaad,1
صحرا نورد,.sa;hraa-navard,1
رتبے,rutbe,1
صورتیں,.suurate;n,1
فرماؤ,farmaa))o,1
قائل,qaa))il,1
خسّت,;xissat,1
کامودہن,kaam-o-dahan,1
پے روی,pai-ravii,1
لڑتے,la;rte,1
ملک ال موت,malak-ul-maut,1
راکھ,raakh,1
گزرتے,guzarte,1
بھولے,bhuule,1
یک کف,yak-kaf,1
اٹھیے,u;thye,1
مضطرب,mu.z:tarib,1
اڑانے,u;raane,1
دھمکی,dhamkii,1
دکانِ,dukaan-e,1
تصوّف,ta.savvuf,1
دل بری,dil-barii,1
جگر خراش,jigar-;xaraash,1
شادابِ,shaadaab-e,1
تند,tund,1
سر انگشتِ,sar-angusht-e,1
ستارے,sitaare,1
دل دار,dil-daar,1
طوطیِ,:tuu:tii-e,1
اعتدال,i((tidaal,1
جمعیّتِ,jam((iyyat-e,1
وا شدِ,vaa-shud-e,1
بے سوال,be-savaal,1
خیر باد,;xair-baad,1
شیریں بیانی,shiirii;n-bayaanii,1
فساں,fasaa;n,1
تہمت,tuhmat,1
وکیل,vakiil,1
بے دروازہ,be-darvaazah,1
جاں ستاں تر,jaa;n-sitaa;n-tar,1
پیر,piir,1
صور,.suur,1
حسین,;husain,1
نیشتر,neshtar,1
بے چین,be-chain,1
آزادوں,aazaado;n,1
طبعِ,:tab((-e,1
مے پرستی,mai-parastii,1
خجالت,;xajaalat,1
قیمتِ,qiimat-e,1
رو,rau,1
لہنا,lahnaa,1
بھرے,bhare,1
عمرواسد,((umr-o-asad,1
شرم سار,sharm-saar,1
گزرتا,guzartaa,1
اتّفاقی,ittifaaqii,1
نمودِ,numuud-e,1
سرمہِ,surmah-e,1
دامن افشانی,daaman-afshaanii,1
لالہ زار,laalah-zaar,1
قدح خوار,qada;h-;xvaar,1
دام گاہ,daam-gaah,1
وجہ,vaj'h,1
مکوکب,mukaukab,1
قدوگیسو,qad-o-gesuu,1
آزارِ,aazaar-e,1
نیستاں,nayastaa;n,1
دوریِ,duurii-e,1
شرابِ,sharaab-e,1
بندھا,ba;ndhaa,1
موسمِ,mausam-e,1
پاس باں,paas-baa;n,1
آئنہ دار,aa))inah-daar,1
دشواریِ,dushvaarii-e,1
مقدّر,muqaddar,1
شگفتہ,shiguftah,1
مینائی,miinaa))ii,1
بے شرابودلِ,be-sharaab-o-dil-e,1
تہمتیں,tuhmate;n,1
زحمت,za;hmat,1
نالہ فرسائی,naalah-farsaa))ii,1
بے عشق,be-((ishq,1
نیم غمزہ,niim-;gamzah,1
تفرقہ,tafriqah,1
وفادار,vafaadaar,1
نیامِ,niyaam-e,1
لڑکوں,la;rko;n,1
ماندگی,maa;ndagii,1
ریشگی,reshagii,1
دھوتا,dhotaa,1
سفرِ,safar-e,1
حکایتِ,;hikaayat-e,1
عرصے,((ar.se,1
بگڑتا,biga;rtaa,1
فسوں گر,fusuu;n-gar,1
خانہ زادِ,;xaanah-zaad-e,1
ایمانوآگہی,iimaan-o-aagahii,1
مطرب,mu:trib,1
کاکلِ,kaakul-e,1
چلی,chalii,1
بیانِ,bayaan-e,1
مجموعہِ,majmuu((ah-e,1
بنایا,banaayaa,1
رخشِ,ra;xsh-e,1
وحشتوشیفتہ,va;hshat-o-sheftah,1
بے پردہ,be-pardah,1
شکار,shikaar,1
سلوانے,silvaane,1
سامان,saamaan,1
لحظہ,la;h:zah,1
شیشہِ,shiishah-e,1
قتل گہِ,qatl-gah-e,1
مغنّیِ,mu;gannii-e,1
مخالف,mu;xaalif,1
بک,bak,1
ستم زدگاں,sitam-zadagaa;n,1
مصوّری,mu.savvarii,1
بینائی,biinaa))ii,1
کٹتی,ka;ttii,1
بے مے,be-mai,1
گالیوں,gaaliyo;n,1
سلیماں,sulaimaa;n,1
جمشید,jamshed,1
بید,bed,1
قویٰ,quv;aa,1
جاں فزا,jaa;n-fizaa,1
بیقراری,beqaraarii,1
حرام,;haraam,1
بیٹھ,bai;th,1
سونپی,sau;npii,1
محو,ma;hv,1
شہپرِ,shahpar-e,1
شیوہِ,shevah-e,1
پیری,piirii,1
کبابِ,kabaab-e,1
عیادت,((iyaadat,1
گوہر فروش,gauhar-farosh,1
نزع,naz((a,1
خواستہ,;xvaastah,1
یہاں,yahaa;n,1
دوڑتے,dau;rte,1
گزرتی,guzartii,1
چھٹ,chhu;t,1
حریف,;hariif,1
مہینے,mahiine,1
گہوارہ جنبانی,gahvaarah-junbaanii,1
لکد کوبِ,lakad-kob-e,1
ازل,azal,1
کفر,kufr,1
علاوہ,((alaavah,1
اوروں,auro;n,1
دبی,dabii,1
پری,parii,1
دجلہ,dijlah,1
جلوہ فرمائی,jalvah-farmaa))ii,1
نہالی,nihaalii,1
دردوالم,dard-o-alam,1
بدلنے,badalne,1
آشفتہ سروں,aashuftah-saro;n,1
مجلس فروزِ,majlis-furoz-e,1
وجودوعدم,vujuud-o-((adam,1
خیالی,;xayaalii,1
پتے,pate,1
مرتبہ,martabah,1
مٹتا,mi;ttaa,1
مائدہِ,maa))idah-e,1
حسبِ,;hasb-e,1
ساماں طرازِ,saamaa;n-:taraaz-e,1
نطق,nu:tq,1
گرنی,girnii,1
پِ,pa-e,1
زماں,zamaa;n,1
صفِ,.saf-e,1
روئیے,ro))iye,1
مقامِ,maqaam-e,1
دل فروز,dil-furoz,1
وفا خوردگاں,vafaa-;xvurdagaa;n,1
بد مستیِ,bad-mastii-e,1
اورنگِ,aurang-e,1
دلوجاں,dil-o-jaa;n,1
پینس,piinas,1
منحرف,mun;harif,1
جلوہہاے,jalvah'haa-e,1
دستوبازو,dast-o-baazuu,1
بے اختیارِ,be-i;xtiyaar-e,1
خوں ناب,;xuu;n-naab,1
کسو,kisuu,1
آرزوے,aarzuu-e,1
پیٹوں,pii;tuu;n,1
بے جرم,be-jurm,1
بے صدا,be-.sadaa,1
کھاؤں,khaa))uu;n,1
کافر,kaafar,1
ذلت,;zillat,1
پریشانیاں,pareshaaniyaa;n,1
جلوہ زارِ,jalvah-zaar-e,1
پکڑا,pak;raa,1
کشورِ,kishvar-e,1
قہروعتاب,qahr-o-((ataab,1
بردنِ,burdan-e,1
طولانی,:tuulaanii,1
ملےگا,milegaa,1
فوتِ,faut-e,1
گل فروش,gul-farosh,1
تسلیمِ,tasliim-e,1
احوالِ,a;hvaal-e,1
پرستاریِ,parastaarii-e,1
خودا,;xvudaa,1
قبلہ,qiblah,1
بنےگی,banegii,1
مےوساغر,mai-o-saa;gar,1
خوں غلتیدہِ,;xuu;n-;galtiidah-e,1
گلہاے,gulhaa-e,1
تلخیِ,tal;xii-e,1
نا مہربان,naa-mihrbaan,1
جیبودامن,jeb-o-daaman,1
فرش,farsh,1
ایاغ,ayaa;g,1
پلکوں,palko;n,1
خطر,;xa:tar,1
انگلیاں,u;ngliyaa;n,1
تازہ واردانِ,taazah-vaaridaan-e,1
شناور,shinaavar,1
دل آزردگاں,dil-aazurdagaa;n,1
بطِ,ba:t-e,1
نمرود,namruud,1
چاہو,chaaho,1
پاوے,paave,1
سر مستیاں,sar-mastiyaa;n,1
غیبِ,;gaib-e,1
عیماے,((iimaa-e,1
ہموار,hamvaar,1
داماں,daamaa;n,1
غلطیہاے,;gala:tiihaa-e,1
دوست داری,dost-daarii,1
آرمیدگی,aaramiidagii,1
بیم,biim,1
در ہواے,dar-havaa-e,1
صحرا دست گاہوقطرہ,.sa;hraa-dast-gaah-o-qa:trah,1
کھانا,khaanaa,1
طی,:tay,1
فشارِ,fashaar-e,1
حسرتا,;hasrataa,1
سلام,salaam,1
گوہرِ,gauhar-e,1
فردِ,fard-e,1
تعلق,ta((alluq,1
رندانہ,rindaanah,1
زبانہاے,zabaa;nhaa-e,1
صبحومہر,.sub;h-o-mihr,1
سروساماں,sar-o-saamaa;n,1
ناچتے,naachte,1
سنم پرستوں,sanam-parasto;n,1
حسرت پرستِ,;hasrat-parast-e,1
دل جمعی,dil-jam((ii,1
دربانی,darbaanii,1
پرداز,pardaaz,1
اسیروں,asiiro;n,1
رہزنِ,rahzan-e,1
مبدّل,mubaddal,1
تباہی,tabaahii,1
سجدہ,sijdah,1
دل ستاں,dil-sitaa;n,1
دیدہودل,diidah-o-dil,1
حوصلے,;hau.sle,1
بتلائیں,batlaa))e;n,1
طعمہ,:tu((mah,1
رہینِ,rahiin-e,1
ریائی,riyaa))ii,1
ٹھہریں,;thahre;n,1
گواہِ,gavaah-e,1
جھاڑی,jhaa;rii,1
مقتل,maqtal,1
چھپنا,chhupnaa,1
بے رونقیِ,be-raunaqii-e,1
آزادہوخود بیں,aazaadah-o-;xvud-bii;n,1
دریا آشنا,daryaa-aashnaa,1
گھاس,ghaas,1
زینتِ,ziinat-e,1
چھیڑے,chhe;re,1
یوسفِ,yuusuf-e,1
با ہم دگر,baa-ham-digar,1
خسرو,;xusrau,1
داستانِ,daastaan-e,1
گونہ,guunah,1
کانٹوں,kaa;n;to;n,1
لباس,libaas,1
کھولنا,kholnaa,1
جاں گدازیِ,jaa;n-gudaazii-e,1
جھکنے,jhukne,1
نوازش,navaazish,1
مفلساں,muflisaa;n,1
لالہوگلونسریں,laalah-o-gul-o-nasrii;n,1
تعریف,ta((riif,1
رہ نما,rah-numaa,1
تفِ,taf-e,1
مٹنا,mi;tnaa,1
لعلوزمرّدوزروگوہر,la((l-o-zumurrud-o-zar-o-gauhar,1
مدّعیودیدہ,mudda((ii-o-diidah,1
گلدستہ,guldastah,1
کائنات,kaa))inaat,1
با وجودِ,baa-vujuud-e,1
پیچوخم,pech-o-;xam,1
کاسہِ,kaasah-e,1
تجاہل پیشگی,tajaahul-peshagii,1
خواب ناک,;xvaab-naak,1
چاہوں,chaahuu;n,1
سروروسوز,suruur-o-soz,1
شہیدوں,shahiido;n,1
سیہ,siyah,1
او,o,1
مےوانگبیں,mai-o-angabii;n,1
بنیے,baniye,1
کامیاب,kaamyaab,1
شفا,shafaa,1
چمن طرازیِ,chaman-:taraazii-e,1
روندی,rau;ndii,1
منکر,munkir,1
منسوب,mansuub,1
پہنچا,pahu;nchaa,1
چشمہاے,chashmhaa-e,1
دفینہ,dafiinah,1
رفت,raft,1
پوچھنا,puuchhnaa,1
دکھائی,dikhaa))ii,1
ڈراتا,;daraataa,1
مزدور,mazduur,1
طوفِ,:tauf-e,1
رکھیے,rakhye,1
بارش,baarish,1
بردہ,burdah,1
عارض,((aari.z,1
اوضاعِ,au.zaa((-e,1
بہرا,bahraa,1
نو خیز,nau-;xez,1
حریصِ,;harii.s-e,1
سیروتماشا,sair-o-tamaashaa,1
دل پذیر,dil-pa;ziir,1
نوازشہاے,navaazish'haa-e,1
فاقہ مستی,faaqah-mastii,1
ٹپکتا,;tapaktaa,1
ہلتے,hilte,1
صد ہزار,.sad-hazaar,1
سر تا سرِ,sar-taa-sar-e,1
لاتے,laate,1
بدر,badr,1
سر چشمہِ,sar-chashmah-e,1
حاجتِ,;haajat-e,1
ڈھونڈے,;dhuu;n;de,1
جمعوخرجِ,jam((-o-;xarj-e,1
دیگر,diigar,1
بستیوں,bastiyo;n,1
طالبِ,:taalib-e,1
برسوں,barso;n,1
کشودہ,kushuudah,1
نامہ,naamah,1
زرد,zard,1
حجّت,;hujjat,1
خوشامد طلبوں,;xvushaamad-:talabo;n,1
رقصِ,raq.s-e,1
گراں باریِ,giraa;n-baarii-e,1
ہوجیو,huujiyo,1
شاہد باز,shaahid-baaz,1
سیہ پوش,siyah-posh,1
ایک سا,ek-saa,1
دشنے,dashne,1
زنداں خانہ,zindaa;n-;xaanah,1
نبرد,nabard,1
دولتودیں,daulat-o-dii;n,1
جواہر,javaahir,1
زنگ,zang,1
تدرو,tadarv,1
درماندگی,darmaa;ndagii,1
تس,tis,1
ہوجیے,huujiye,1
مکافات,mukaafaat,1
گنجائش,gunjaa))ish,1
سر گراں,sar-giraa;n,1
کواکب سپہومہر علم,kavaakib-sipah-o-mihr-((alam,1
نازک بدن,naazuk-badan,1
آشنائی,aashnaa))ii,1
اجازتِ,ijaazat-e,1
شبانہ,shabaanah,1
نفی,nafii,1
پنبہ آگیں,punbah-aagii;n,1
کامِ,kaam-e,1
پڑیں,pa;rii;n,1
روحِ,ruu;h-e,1
جویا,juuyaa,1
باجا,baajaa,1
فیض,fai.z,1
نا عاقبت اندیش,naa-((aaqibat-andesh,1
زہرہِ,zahrah-e,1
گم گشتہ,gum-gashtah,1
کاروبارِ,kaar-o-baar-e,1
حوصلہ,;hau.salah,1
روک,rok,1
بیضہ آسا,bai.zah-aasaa,1
دعائیں,du((aa))e;n,1
تجدیدِ,tajdiid-e,1
خانہ ویراں ساز,;xaanah-viiraa;n-saaz,1
شوریدہِ,shoriidah-e,1
طوفاں گاہِ,:tuufaa;n-gaah-e,1
بغیرِ,ba;gair-e,1
لاتا,laataa,1
افسانہ,afsaanah,1
بے کثافت,be-ka;saafat,1
غلطی,;gala:tii,1
گریہولب,giryah-o-lab,1
زبونی کشِ,zabuunii-kash-e,1
نکتہ سرا,nuktah-saraa,1
برستی,barastii,1
وصلِ,va.sl-e,1
جمعوخرج,jam((-o-;xarj,1
عرقِ,((araq-e,1
لگاوٹ,lagaava;t,1
علیہ,((aliih,1
عاشقی,((aashiqii,1
خسروِ,;xusrav-e,1
دلودیں,dil-o-dii;n,1
عقیدہ,((aqiidah,1
مردمکِ,mardumak-e,1
آزمانا,aazmaanaa,1
سوچ,soch,1
حج,;haj,1
آتش پرست,aatish-parast,1
بے حاصل,be-;haa.sil,1
جست جو,just-juu,1
اشتیاق انگیز,ishtiyaaq-angez,1
تابوتواں,taab-o-tuvaa;n,1
لائقِ,laa))iq-e,1
التفاتِ,iltifaat-e,1
دلودیدہ,dil-o-diidah,1
نخشب,na;xshab,1
نشان,nishaan,1
تراوش,taraavish,1
صرصر,.sar.sar,1
ساختہوفصلِ,saa;xtah-o-fa.sl-e,1
جاں ستاں,jaa;n-sitaa;n,1
بے التفاتی,be-iltifaatii,1
گل چین,gul-chiin,1
قصور,qa.suur,1
پندار,pindaar,1
بادہ خوار,baadah-;xvaar,1
دلبراں,dilbaraa;n,1
خرابِ,;xaraab-e,1
خفائی,;xafaa))ii,1
شبنم استاں,shabnam-istaa;n,1
بخیہِ,ba;xyah-e,1
بادہوساغر,baadah-o-saa;gar,1
بریں,barii;n,1
رہ گزرِ,rah-guzar-e,1
بولے,bole,1
مشاہدہِ,mushaahadah-e,1
طنّاز,:tannaaz,1
بچّوں,bachcho;n,1
محشرِ,ma;hshar-e,1
سیم تن,siim-tan,1
وحشت کدہ,va;hshat-kadah,1
تئمّل,ta))ammul,1
عارضِ,((aari.z-e,1
گز,gaz,1
نظارہِ,na:zaarah-e,1
کاکل,kaakul,1
صد دانہ,.sad-daanah,1
خوں نابہ مشرب,;xuu;n-naabah-mashrab,1
ناصیہ سا,naa.siyah-saa,1
شورشِ,shorish-e,1
پریزادوں,pariizaado;n,1
دفتر,daftar,1
فریادی,faryaadii,1
رقم,raqam,1
اگاتا,ugaataa,1
بے رونقی,be-raunaqii,1
لڑیے,la;riye,1
نصیبوں,na.siibo;n,1
بہنے,bahne,1
تجھ سی,tujh-sii,1
فتنوں,fitno;n,1
فدا,fidaa,1
صفات,.sifaat,1
نوا پرداز,navaa-pardaaz,1
بتاؤں,bataa))uu;n,1
فرقت,farqat,1
اڑتی,u;rtii,1
پر گل,pur-gul,1
باد پیمائی,baad-pemaa))ii,1
گراں مایہ,giraa;n-maayah,1
نا ساز,naa-saaz,1
حجابِ,;hijaab-e,1
راہبر,raahbar,1
نغمہ سنج,na;gmah-sanj,1
نظارہ,na:zaarah,1
بیرونِ,bairuun-e,1
جوئبارِ,juu))ibaar-e,1
ساحلِ,saa;hil-e,1
سبزِ,sabz-e,1
سکو,sako,1
درودیوارِ,dar-o-diivaar-e,1
تکرارِ,takraar-e,1
دکھتے,dukhte,1
پڑھیے,pa;rhye,1
لائی,laa))ii,1
نایاب,naayaab,1
مرد افگنِ,mard-afgan-e,1
شب رو,shab-rau,1
طبیعتوں,:tabii((ato;n,1
آئینہ داری,aa))iinah-daarii,1
گالیاں,gaaliyaa;n,1
بیماریِ,biimaarii-e,1
سلطاں,sul:taa;n,1
خوں گشتہ,;xuu;n-gashtah,1
مشتاقِ,mushtaaq-e,1
ساغرومینا,saa;gar-o-miinaa,1
نکتہ داں,nuktah-daa;n,1
نا شگفتہ,naa-shiguftah,1
خوں بارِ,;xuu;n-baar-e,1
شفق,shafaq,1
عداوتِ,((adaavat-e,1
اترے,utre,1
ہشیار,hushyaar,1
صفاے,.safaa-e,1
کنارہ,kinaarah,1
سنگیں,sangii;n,1
لب تشنہِ,lab-tishnah-e,1
مانی,maanii,1
جاں کاہیِ,jaa;n-kaahii-e,1
ربط,rab:t,1
نا شناس,naa-shinaas,1
المِ,alam-e,1
چندے,chande,1
شگفتنِ,shuguftan-e,1
قتل گہ,qatl-gah,1
تکرار,takraar,1
توفیرِ,taufiir-e,1
پرتو,partav,1
شگفتنِ,shiguftan-e,1
شوریدہ حال,shoriidah-;haal,1
جوشوخروش,josh-o-;xarosh,1
کٹنے,ka;tne,1
بے ادبوں,be-adabo;n,1
نثار,ni;saar,1
بر پا,bar-paa,1
سمجھنی,samajhnii,1
دیوانِ,diivaan-e,1
بت خانہ,but-;xaanah,1
تہمت کشِ,tuhmat-kash-e,1
پہچانتا,pahchaantaa,1
ما,maa,1
ترانہِ,taraanah-e,1
تسلیموبدا,tasliim-o-badaa,1
یاروں,yaaro;n,1
کمخواب,kam;xvaab,1
مدّعا طلبی,mudda((aa-:talabii,1
تنگناے,tangnaa-e,1
تلے,tale,1
محفلیں,ma;hfile;n,1
صبر طلب,.sabr-:talab,1
جلوہ گاہ,jalvah-gaah,1
عنایت,((inaayat,1
شہرت,shuhrat,1
گراں مایگیِ,giraa;n-maayagii-e,1
غمہاے,;gamhaa-e,1
میسّر,muyassar,1
کلیسا,kaliisaa,1
کلہ,kulah,1
منصور,man.suur,1
گرا,giraa,1
کیموس,kaimuus,1
چرخ,char;x,1
معانی,ma((aanii,1
عنوانِ,((unvaan-e,1
فریدونوجموکیخسروودارابوبہمن,fariiduun-o-jam-o-kai;xusrav-o-daaraab-o-bahman,1
دشنام,dushnaam,1
نوک,nok,1
اندیشہہاے,andeshah'haa-e,1
شوریدہ,shoriidah,1
کجا,kujaa,1
طبیعتِ,:tabii((at-e,1
سبب,sabab,1
عیوبِ,((uyuub-e,1
سپاری,sipaarii,1
چھڑکا,chhi;rkaa,1
لانا,laanaa,1
دیوانگی,diivaanagii,1
پیاموچشم,payaam-o-chashm,1
غریب,;gariib,1
معینِ,mu((iin-e,1
مگس,magas,1
انتخاب,inti;xaab,1
مواخذہِ,muvaa;xa;zah-e,1
سماع,samaa((,1
آفتِ,aafat-e,1
گردش,gardish,1
بیان,bayaan,1
مہشر,mahshar,1
پیکاں,paikaa;n,1
مذکور,ma;zkuur,1
گفتگو,guftguu,1
کٹے,ka;te,1
تعلیمِ,ta((liim-e,1
کوسوں,koso;n,1
تحمّل,ta;hammul,1
معاملہ,mu((aamalah,1
عبرتِ,((ibrat-e,1
رخصت,ru;x.sat,1
رگوپے,rag-o-pai,1
ریشہ,reshah,1
اشکِ,ashk-e,1
سبک سر,subuk-sar,1
آذر فشاں,aa;zar-fishaa;n,1
بے خبر,be-;xabar,1
فسانہ خوانیِ,fasaanah-;xvaanii-e,1
آبادی,aabaadii,1
جلی,jalii,1
آوارہ,aavaarah,1
برس,baras,1
سیہ خانہِ,siyah-;xaanah-e,1
رندِ,rind-e,1
طعنہ,:ta((nah,1
دل آشفتگاں,dil-aashuftagaa;n,1
نکتہ چیں,nuktah-chii;n,1
رکاب,rakaab,1
خواہشیں,;xvaahishe;n,1
راہورسمِ,raah-o-rasm-e,1
لڑکپن,la;rakpan,1
یکتائی,yaktaa))ii,1
رعنائیِ,ra((naa))ii-e,1
رستخیز اندازہ,rast;xez-andaazah,1
بھولا,bhuulaa,1
زنجیرِ,zanjiir-e,1
دلگی,dillagii,1
نواہاے,navaahaa-e,1
نکلنا,nikalnaa,1
ملتوملک,millat-o-mulk,1
گستاخیِ,gustaa;xii-e,1
نیّر,nayyar,1
غم خانے,;gam-;xaane,1
پردہ داریِ,pardah-daarii-e,1
کھاویں‌گے,khaave;nge,1
سپاس,sipaas,1
بد تر,bad-tar,1
شعاع,shu((aa((,1
رہورسمِ,rah-o-rasm-e,1
زر,zar,1
زحمتِ,za;hmat-e,1
پرورش,parvarish,1
اجزا,ajzaa,1
نغمہ سرا,na;gmah-saraa,1
خان ماں خراب,;xaan-maa;n-;xaraab,1
جائیو,jaa))iyo,1
ریختے,re;xte,1
نازوغمزہ,naaz-o-;gamzah,1
کافِ,kaaf-e,1
ضعفِ,.zu((f-e,1
بلائیں,balaa))e;n,1
سر نگوں,sar-niguu;n,1
ملخ,mala;x,1
پیوں,piyuu;n,1
بہادرِ,bahaadur-e,1
سفرہ,sufrah,1
عقلودلوجاں,((aql-o-dil-o-jaa;n,1
داغ ساماں,daa;g-saamaa;n,1
چھڑکے,chhi;rke,1
بخیہ,ba;xyah,1
خالقِ,;xaaliq-e,1
رنجشِ,ranjish-e,1
لالے,laale,1
آزمائے,aazmaa))e,1
حیاتوبندِ,;hayaat-o-band-e,1
بچھائے,bichhaa))e,1
گرتا,girtaa,1
لشکر,lashkar,1
باتوں,baato;n,1
خو کردہِ,;xuu-kardah-e,1
شکیبوصبرِ,shikeb-o-.sabr-e,1
شرمندگی,sharmindagii,1
شوخوعاشقِ,sho;x-o-((aashiq-e,1
انگیز,angez,1
خورشید,;xvurshed,1
مانوں,maanuu;n,1
پیوند,paivand,1
دادہ,daadah,1
اخفاے,i;xfaa-e,1
جانیں,jaane;n,1
نیم جاں,niim-jaa;n,1
سیّارہ,saiyaarah,1
دہنِ,dahan-e,1
شیون,shevan,1
تمکینِ,tamkiin-e,1
تلافیِ,talaafii-e,1
نیک,nek,1
عذاب,((a;zaab,1
رہیے,rahye,1
بیاباں نوردِ,bayaabaa;n-navard-e,1
کیفییتِ,kaifiiyat-e,1
تابوتواں,taab-o-tavaa;n,1
انفعال,infa((aal,1
چکیدن,chakiidan,1
حدیثِ,;hadii;s-e,1
سرگشتہِ,sargashtah-e,1
خاموش,;xaamosh,1
آبوہواے,aab-o-havaa-e,1
کہاروں,kahaaro;n,1
ایمان,iimaan,1
بے گنہ,be-gunah,1
نزع,naz((,1
پہلوے,pahluu-e,1
کشادہ,kushaadah,1
کسبِ,kasb-e,1
فسردگی,fusurdagii,1
تذکرہِ,ta;zkirah-e,1
گل فشانیہاے,gul-fishaaniihaa-e,1
حلقہہاے,;halqah'haa-e,1
عتاب,((itaab,1
اندازوادا,andaaz-o-adaa,1
آبرو,aabruu,1
آب رو,aab-ruu,1
تشویشِ,tashviish-e,1
پری پیکر,parii-paikar,1
گنبدِ,gunbad-e,1
کندھا,kandhaa,1
نزول,nuzuul,1
اکرام,ikraam,1
سرمایہ,sarmaayah,1
ہجرِ,hijr-e,1
نا کردہ,naa-kardah,1
کھویا,khoyaa,1
اسامی,asaamii,1
پیو,piyo,1
دلیل,daliil,1
کیش,kesh,1
بے صرفہ,be-.sarfah,1
داب,daab,1
محشرستانِ,ma;hsharistaan-e,1
گھبرائیں,ghabraa))e;n,1
بخش,ba;xsh,1
گل افشانیِ,gul-afshaanii-e,1
اعضا,a((.zaa,1
آویں‌گے,aave;nge,1
سرمایہِ,sarmaayah-e,1
نوکر,naukar,1
پہنچتے,pahu;nchte,1
تکیہ گاہِ,takyah-gaah-e,1
انفعال,infi((aal,1
آفتاب پرست,aaftaab-parast,1
خدائی,;xudaa))ii,1
تن آسانی,tan-aasaanii,1
رہتی,rahtii,1
پرنیاں,parniyaa;n,1
چٹکنا,cha;taknaa,1
مکیں,makii;n,1
دوام,davaam,1
اخلاص,i;xlaa.s,1
نالہ فرسا,naalah-farsaa,1
آئینہ خانے,aa))iinah-;xaane,1
طرفہ,:turfah,1
روانہ,ravaanah,1
کاو کاوِ,kaav-kaav-e,1
تھمتا,thamtaa,1
رکتا,ruktaa,1
برشکالِ,barshkaal-e,1
زیر بارِ,zer-baar-e,1
شہیداں,shahiidaa;n,1
استغنا,isti;gnaa,1
معذور,ma((;zuur,1
در تشنگی مردگاں,dar-tishnagii-murdagaa;n,1
مہربانیہاے,mihrbaaniihaa-e,1
نفس پرور,nafas-parvar,1
مانے,maane,1
مغتنم,mu;gtanam,1
کھلےگا,khulegaa,1
جزوِ,juzv-e,1
بے بہرہ,be-bahrah,1
سرشارِ,sarshaar-e,1
ظن,:zan,1
آزادیِ,aazaadii-e,1
نگینِ,nagiin-e,1
ڈالیں‌گے,;daale;nge,1
خوشونا خوش,;xvush-o-naa-;xvush,1
مسجود,masjuud,1
بیکسی ہاے,bekasii-haa-e,1
در پِ,dar-pa-e,1
نظّارگی,na:z:zaaragii,1
کشت,kisht,1
مقبول,maqbuul,1
آبوگل,aab-o-gil,1
بہائی,bahaa))ii,1
چشموگوش,chashm-o-gosh,1
در قفاے,dar-qafaa-e,1
ہم طرحیودردِ,ham-:tar;hii-o-dard-e,1
ابنِ,ibn-e,1
پری رخ,parii-ru;x,1
یاس خیز,yaas-;xez,1
گل چینِ,gul-chiin-e,1
پیرِ,piir-e,1
وجودِ,vujuud-e,1
افسردگیِ,afsurdagii-e,1
ملنا,milnaa,1
چکّر,chakkar,1
وجدِ,vajd-e,1
پردہ دارِ,pardah-daar-e,1
جمالِ,jamaal-e,1
طہور,:tahuur,1
پڑیے,pa;rye,1
مقرّر,muqarrar,1
شہادت,shahaadat,1
نوحہ خواں,nau;hah-;xvaa;n,1
جلوہ ریزیِ,jalvah-rezii-e,1
ذوق فزا,;zauq-fizaa,1
پلنگ,palang,1
دیدار جو,diidaar-jo,1
عناں گسیختہ,((inaa;n-guse;xtah,1
مرے,mare,1
سیہ مستیِ,siyah-mastii-e,1
کروگے,karoge,1
کاغض,kaa;ga.z,1
ضرر,.zarar,1
سفیدی,safedii,1
ہوجو,huujo,1
جلانے,jalaane,1
بے حوصلگی,be-;hau.slagii,1
وصلویادِ,va.sl-o-yaad-e,1
سبزے,sabze,1
معاف,mu((aaf,1
شاہد,shaahid,1
مشہدِ,mashhad-e,1
فتنہ خو,fitnah-;xuu,1
کشادوبستِ,kushaad-o-bast-e,1
بے اختیار,be-i;xtiyaar,1
بنی,banii,1
انا ال بحر,anaa-al-ba;hr,1
گناہگار,gunaahgaar,1
رہوستمِ,rah-o-sitam-e,1
مشغولِ,mash;guul-e,1
خنجر آزما,;xanjar-aazmaa,1
ہنگامے,hangaame,1
تجھ سا,tujh-saa,1
دائم ال حبس,daa))im-ul-;habs,1
لاوےگی,laavegii,1
محرمیِ,ma;hramii-e,1
ستموجورِ,sitam-o-jor-e,1
لپٹنا,lipa;tnaa,1
کھو,kho,1
سادگیوپرکاری,saadagii-o-purkaarii,1
فرض,far.z,1
خفتہ,;xuftah,1
تھمے,thame,1
کوشش,koshish,1
صاف,.saaf,1
پس,pas,1
برّشِ,burrish-e,1
انصاف,in.saaf,1
مے خانے,mai-;xaane,1
تسکین,taskiin,1
تمہیدِ,tamhiid-e,1
کمندِ,kamand-e,1
نباتی,nabaatii,1
کہویں,kahve;n,1
ارزانیِ,arzaanii-e,1
شہریار,shahryaar,1
نیش,nesh,1
سراغِ,suraa;g-e,1
سلیماں جاہ,sulaimaa;n-jaah,1
فنا تعلیمِ,fanaa-ta((liim-e,1
تیغوکفن,te;g-o-kafan,1
دفترِ,daftar-e,1
آرزو خرامی,aarzuu-;xiraamii,1
گری,girii,1
لعلِ,la((l-e,1
عکسِ,((aks-e,1
بلبلیں,bulbule;n,1
تنکا,tinkaa,1
نعل بہا,na((l-bahaa,1
رو کشی,ruu-kashii,1
شانے,shaane,1
شائبہِ,shaa))ibah-e,1
آمد آمدِ,aamad-aamad-e,1
رقیبِ,raqiib-e,1
تاثیرِ,taa;siir-e,1
ذریعہِ,;zarii((ah-e,1
چمنوخوبیِ,chaman-o-;xuubii-e,1
فوجداری,faujdaarii,1
لیتے,lete,1
حائل,;haa))il,1
کھینچوں,khe;nchuu;n,1
پھرا,phiraa,1
رو شناسِ,ruu-shinaas-e,1
حقیقتِ,;haqiiqat-e,1
گہرہاے,guharhaa-e,1
خزانیِ,;xizaanii-e,1
ارمان,armaan,1
ناسور,naasuur,1
وصالِ,vi.saal-e,1
زیاد,ziyaad,1
تقویٰ,taqv;aa,1
ہفت,haft,1
بد عہدی,bad-((ahdii,1
سمجھیں‌گے,samjhe;nge,1
جاگے,jaage,1
جنّتِ,jannat-e,1
حسن پرستی,;husn-parastii,1
خاک انداز,;xaak-andaaz,1
چینِ,chiin-e,1
لخّت یاب,la;z;zat-yaab,1
رونقِ,raunaq-e,1
رسموراہ,rasm-o-raah,1
کمینِ,kamiin-e,1
شعاعِ,shu((aa((-e,1
بزرگ,buzurg,1
شنیدن,shuniidan,1
صورت خانہِ,.suurat-;xaanah-e,1
غم ناک,;gam-naak,1
ریزہِ,rezah-e,1
معدن,ma((dan,1
ظنّ,:zann,1
تشنہ کامی,tishnah-kaamii,1
دل بستگی,dil-bastagii,1
حجراں,;hijraa;n,1
ناک,naak,1
آستانِ,aastaan-e,1
پر پیچوخم,pur-pech-o-;xam,1
نار,naar,1
مکاں,makaa;n,1
نا انصاف,naa-in.saaf,1
قیسوکوہکن,qais-o-kohkan,1
ٹکڑا,;tuk;raa,1
ردِّ,radd-e,1
نظر گاہِ,na:zar-gaah-e,1
شہود,shuhuud,1
تلاشِ,talaash-e,1
آغوش کشائی,aa;gosh-kushaa))ii,1
زندانیِ,zindaanii-e,1
پر فشانی,par-fishaanii,1
دھبّے,dhabbe,1
سمجھونگا,samjhuu;ngaa,1
پر عربدہ,pur-((arbadah,1
الفط,ulfa:t,1
رکتی,ruktii,1
برائے,baraa))e,1
غمزہوعشوہوادا,;gamzah-o-((ishvah-o-adaa,1
کششِ,kashash-e,1
در خور,dar-;xvar,1
یک عالموعالم,yak-((aalam-o-((aalam,1
یاسوامّید,yaas-o-ummiid,1
کھانے,khaane,1
آنسو,aa;nsuu,1
ریشہِ,reshah-e,1
اچھل,uchhal,1
کاں,kaa;n,1
لکھوں,likhuu;n,1
خرابات,;xaraabaat,1
چور,chor,1
سلسلہِ,silsilah-e,1
بر خوردارِ,bar-;xvurdaar-e,1
عل؛ای ال رغمِ,((al;ii-al-ra;gm-e,1
نقشا,naqshaa,1
آہوفغاں,aah-o-fi;gaa;n,1
حلِ,;hall-e,1
کھینچے,khai;nche,1
ویرانی سی,viiraanii-sii,1
بے خروش,be-;xarosh,1
کھلنے,khulne,1
دل ستانی,dil-sitaanii,1
غلط بردار,;gala:t-bardaar,1
نا امّیدواری,naa-ummiidvaarii,1
عقوبت,((uquubat,1
بیدل,bedil,1
آئنہ خانے,aa))inah-;xaane,1
حمّام,;hammaam,1
واقعہ,vaaqi((ah,1
غم گساری,;gam-gusaarii,1
پئے ہم,pa))e-ham,1
لگنے,lagne,1
بے مزا,be-mazaa,1
سزاے,sazaa-e,1
پاشنہ,paashnah,1
رسمورہِ,rasm-o-rah-e,1
آبلہ,aablah,1
عتاب,((ataab,1
ذہن,;zahn,1
بیداد گر,bedaad-gar,1
خوں ریز,;xuu;n-rez,1
زعم,za((m,1
غضب,;ga.zab,1
حقِ,;haq-e,1
جاؤگے,jaa))oge,1
نوحہِ,nau;hah-e,1
سخنِ,su;xan-e,1
غریباں,;gariibaa;n,1
دست گاہِ,dast-gaah-e,1
وقتوں,vaqto;n,1
پریشانی,pareshaanii,1
لرزتا,laraztaa,1
نشیبوفراز,nasheb-o-faraaz,1
چڑھ,cha;rh,1
بے منّتِ,be-minnat-e,1
تہییہِ,tahiiyah-e,1
شیشہ باز,shiishah-baaz,1
گھبراۓگا,ghabraa))egaa,1
بے شیرازہ,be-shiiraazah,1
بقا,baqaa,1
بے خودیوہشیاری,be-;xvudii-o-hushyaarii,1
بجھائے,bujhaa))e,1
غفلتِ,;gaflat-e,1
ماریے,maariye,1
شعلہ بار,shu((lah-baar,1
ابروشبِ,abr-o-shab-e,1
اعمار,a((maar,1
شکایتِ,shikaayat-e,1
رہگزارِ,rahguzaar-e,1
فرشتوں,farishto;n,1
خلش,;xalish,1
حمزہ,;hamzah,1
ٹیڑھا,;te;rhaa,1
باوجودِ,baavujuud-e,1
نمک پاشِ,namak-paash-e,1
سادہ دل,saadah-dil,1
نوحہ گر,nau;hah-gar,1
کنگرِ,kungur-e,1
بے خونِ,be-;xuun-e,1
حکایاتِ,;hikaayaat-e,1
ادب,adab,1
برق خرام,barq-;xiraam,1
پرستش,parastish,1
بے خوابی,be-;xvaabii,1
صرصرِ,.sar.sar-e,1
بے حجابِ,be-;hijaab-e,1
چھیڑیں‌گے,chhe;re;nge,1
چیخوں,chii;xuu;n,1
بے خواب,be-;xvaab,1
محروم,ma;hruum,1
انگشتِ,angusht-e,1
چین,chain,1
پنہانی,pinhaanii,1
طراوت,:taraavat,1
آزردگیِ,aazurdagii-e,1
اٹھتے,u;thte,1
اگا,ugaa,1
نا یافت,naa-yaaft,1
نکمّا,nikammaa,1
رنگارنگ,rangaarang,1
بنیں‌گے,bane;nge,1
بودِ,buud-e,1
ایں,ii;n,1
ملیں,mile;n,1
فریادِ,faryaad-e,1
صیّاد,.saiyaad,1
لگاوے,lagaave,1
اٹھاتے,u;thaate,1
عبرت,((ibrat,1
بر سبیلِ,bar-sabiil-e,1
خوش حال,;xvush-;haal,1
انگلی,u;nglii,1
ستم ظریف,sitam-:zariif,1
بووے,bove,1
خالِ,;xaal-e,1
کائی,kaa))ii,1
ہنگامہ آرا,hangaamah-aaraa,1
جواہرِ,javaahir-e,1
سر منزلِ,sar-manzil-e,1
نور ال عینِ,nuur-ul-((ain-e,1
پڑتی,pa;rtii,1
پابندِ,paaband-e,1
تمنّائیں,tamannaa))e;n,1
معشوقیوبے حوصلگی,ma((shuuqii-o-be-;hau.salagii,1
کنارِ,kinaar-e,1
آب جو,aab-juu,1
ساقیوذوقِ,saaqii-o-;zauq-e,1
نا تمامیِ,naa-tamaamii-e,1
دردِ,durd-e,1
یک جہاں,yak-jahaa;n,1
موحّد,muva;h;hid,1
جتنی,jitnii,1
پری چہرہ,parii-chahrah,1
دلبر,dilbar,1
جنگل,jangal,1
صیقل,.saiqal,1
مریم,maryam,1
سمجھیو,samajhyo,1
شاعر,shaa((ir,1
بیباکیوگستاخی,bebaakii-o-gustaa;xii,1
ارم,iram,1
نو بہارِ,nau-bahaar-e,1
مے پرستاں,mai-parastaa;n,1
صاعقہوشعلہوسیماب,.saa((iqah-o-shu((lah-o-siimaab,1
بھاگا,bhaagaa,1
چرانا,churaanaa,1
ذلیل,;zaliil,1
ناگہانی,naagahaanii,1
جلتی,jaltii,1
شکن,shikan,1
قیاس,qiyaas,1
روشِ,ravish-e,1
طالعِ,:taali((-e,1
چیر,chiir,1
نیم شبی,niim-shabii,1
کوکبہِ,kaukabah-e,1
ز بسکہ,z-baskih,1
نمو,numuu,1
بے طلب,be-:talab,1
زلفیں,zulfe;n,1
چلتی,chaltii,1
چشموچراغِ,chashm-o-chiraa;g-e,1
پوچھنے,puuchhne,1
بے زباں,be-zabaa;n,1
نیستاں,naisitaa;n,1
ملاقات,mulaaqaat,1
دادوستد,daad-o-sitad,1
بد گمانیِ,bad-gumaanii-e,1
شدّت,shiddat,1
پائداری,paa))idaarii,1
ہم دیگر,ham-diigar,1
دیں دار,dii;n-daar,1
زانوے,zaanuu-e,1
خوں شدہِ,;xuu;n-shudah-e,1
دعوے,da((ve,1
تنک آبی,tunuk-aabii,1
ہم رہاں,ham-rahaa;n,1
اتنی,itnii,1
برش کال,barsh-kaal,1
چھٹی,chhu;tii,1
مقصدِ,maq.sad-e,1
نامہِ,naamah-e,1
جنازہ,janaazah,1
پیش دستی,pesh-dastii,1
ظلمت گستری,:zulmat-gustarii,1
شمارِ,shumaar-e,1
فارسی,faarsii,1
لباسِ,libaas-e,1
م آل,ma-aal,1
مدّعیٰ,mudda((;aa,1
چنگورباب,chang-o-rabaab,1
گل فشانی,gul-fishaanii,1
شرف,sharaf,1
پھونکا,phuu;nkaa,1
زبوں,zabuu;n,1
نکیریں,nakiire;n,1
لرزنے,larazne,1
جاموسبو,jaam-o-subuu,1
ڈوبی,;duubii,1
خطّہِ,;xi:t:tah-e,1
نجوم,nujuum,1
طرزوروش,:tarz-o-ravish,1
مرض,mara.z,1
دلہاے,dil'haa-e,1
نا سازیِ,naa-saazii-e,1
نالوں,naalo;n,1
چارہ گر,chaarah-gar,1
چکیں,chukii;n,1
دفعِ,daf((-e,1
بیاباں نورد,bayaabaa;n-navard,1
پائیں,paa))e;n,1
لڑ,la;r,1
قحطِ,qa;h:t-e,1
وفا داری,vafaa-daarii,1
گمان,gumaan,1
چنتا,chuntaa,1
خوش نوایانِ,;xvush-navaayaan-e,1
دردی کشِ,durdii-kash-e,1
بے اعتدالیوں,be-i((tidaaliyo;n,1
مشاہدہ,mushaahadah,1
فردوسِ,firdaus-e,1
کھنچ,khi;nch,1
افزائشِ,afzaa))ish-e,1
پیکانِ,paikaan-e,1
قدِّ,qadd-e,1
رہتے,rahte,1
گرانی,giraanii,1
پیغارہ جو,pai;gaarah-juu,1
ملیں‌گے,mile;nge,1
چھوٹوں,chhuu;tuu;n,1
مشکلیں,mushkile;n,1
چار موج,chaar-mauj,1
تتار,tataar,1
ز بس,z-bas,1
جگر داری,jigar-daarii,1
فشارِ,fishaar-e,1
دل کش,dil-kash,1
اجابت,ijaabat,1
شامت,shaamat,1
امّت,ummat,1
خوں نابہ فشاں,;xuu;n-naabah-fishaa;n,1
درخشاں,dara;xshaa;n,1
غرّہِ,;garrah-e,1
سادگی آموزِ,saadagii-aamoz-e,1
عنبریں,((anbarii;n,1
مفتِ,muft-e,1
بازو,baazuu,1
پیر زن,piir-zan,1
دریغا,dare;gaa,1
غارت گری,;gaarat-garii,1
کرشمہ,kirishmah,1
باختن,baa;xtan,1
مریضِ,marii.z-e,1
خوف,;xauf,1
بام,baam,1
چاہنے والا,chaahne-vaalaa,1
بے ہواے,be-havaa-e,1
نجات,nijaat,1
باگ,baag,1
بے پناہ,be-panaah,1
قاطعِ,qaa:ta((-e,1
کرشمہ,karishmah,1
نقشونگارِ,naqsh-o-nigaar-e,1
پیوستہ,paivastah,1
بیدرد,bedard,1
پیٹنے,pii;tne,1
نکالا,nikaalaa,1
غازہ,;gaazah,1
اختر شماری,a;xtar-shumaarii,1
دیوانگیِ,diivaanagii-e,1
شبوروز,shab-o-roz,1
باندھ,baa;ndh,1
نافہ,naafah,1
بے ربطیِ,be-rab:tii-e,1
کسوتِ,kisvat-e,1
بے بنیاد,be-bunyaad,1
کڑی,ka;rii,1
اہتزاز,ihtizaaz,1
گل دستہِ,gul-dastah-e,1
تسکینِ,taskiin-e,1
شور,shor,1
گلو,guluu,1
اوراقِ,auraaq-e,1
گنہ,gunah,1
گمانِ,gumaan-e,1
شرعوآئین,shar((-o-aa))iin,1
اشیا,ashyaa,1
شکایتہاے,shikaayat'haa-e,1
غم گسار,;gam-gusaar,1
خوں بار,;xuu;n-baar,1
پردا,pardaa,1
دلی,dillii,1
سرشک آلودہ,sirishk-aaluudah,1
کھلنے,khilne,1
مغفرت,ma;gfarat,1
پھنسایا,pha;nsaayaa,1
آہوے,aahuu-e,1
ولولے,valvale,1
تبسّمِ,tabassum-e,1
باعث,baa((i;s,1
شایانِ,shaayaan-e,1
لاغر,laa;gar,1
گنجائشِ,gunjaa))ish-e,1
ذاہر,;zaahir,1
قطرہوموجوحباب,qa:trah-o-mauj-o-;hubaab,1
تمکینوضبط,tamkiin-o-.zab:t,1
بادوبہ,baad-o-bah,1
دلودستِ,dil-o-dast-e,1
پرونے,paraune,1
مدّعاے,mudda((aa-e,1
فتیلہ,fatiilah,1
بت شکنی,but-shikanii,1
قہروغضب,qahr-o-;ga.zab,1
معمورے,ma((muure,1
پگھلا,pighlaa,1
رکھنے,rakhne,1
دامنوتارِ,daaman-o-taar-e,1
موجود,maujuud,1
رکھے,rakhe,1
مدام,mudaam,1
خار خارِ,;xaar-;xaar-e,1
قلزم آشامی,qulzum-aashaamii,1
نزدیک,nazdiik,1
عربدہ جو,((arbadah-juu,1
جیتا,jiitaa,1
ابھریں,ubhrii;n,1
دلوجگر,dil-o-jigar,1
صحراے,.sa;hraa-e,1
واژ گوں,vaazh-guu;n,1
بگڑنا,biga;rnaa,1
کھجاتا,khujaataa,1
سم,sam,1
مسائلِ,masaa))il-e,1
شوخِ,sho;x-e,1
بد خواہ,bad-;xvaah,1
سر گرم,sar-garm,1
مضمحل,mu.zma;hil,1
بوند,buu;nd,1
خاکستر نشینی,;xaakistar-nishiinii,1
صد گونہ,.sad-guunah,1
تاراجِ,taaraaj-e,1
معشوق فریبی,ma((shuuq-farebii,1
نقد,naqd,1
صد نظر,.sad-na:zar,1
خرمنِ,;xirman-e,1
تمکینوہوش,tamkiin-o-hosh,1
آس,aas,1
محابا,mu;haabaa,1
عقدے,((uqde,1
تپش,tapish,1
کافی,kaafii,1
پر فشانیِ,par-fishaanii-e,1
پہنچائیں,pahu;nchaa))e;n,1
محرم,ma;hram,1
پر شور,pur-shor,1
سیماب,siimaab,1
ہلاک,halaak,1
انسان,insaan,1
ریشِ,resh-e,1
بے کاریِ,be-kaarii-e,1
صدفِ,.sadaf-e,1
ڈالیے,;daaliye,1
دھوکے,dhoke,1
اترائے,itraa))e,1
الٹی,ul;tii,1
صور,.suvar,1
زوال,zavaal,1
سادہ,saadah,1
مہرومہ,mihr-o-mah,1
بھائی,bhaa))ii,1
بے داد,be-daad,1
حسرت سنج,;hasrat-sanj,1
عطرِ,((i:tr-e,1
افگار,afgaar,1
کس,kas,1
دکھلاوے,dikhlaave,1
سبق,sabaq,1
رفوے,rafuu-e,1
کیسی,kaisii,1
براتِ,baraat-e,1
سوالوجواب,savaal-o-javaab,1
سمجھوں,samjhuu;n,1
کفیلِ,kafiil-e,1
راگ,raag,1
عطر ساے,((i:tr-saa-e,1
صیقلِ,.saiqal-e,1
راس,raas,1
خدا پرست,;xudaa-parast,1
ٹوٹے,;tuu;te,1
تعلیم,ta((liim,1
استواری,ustuvaarii,1
خود داریِ,;xvud-daarii-e,1
طوافِ,:tavaaf-e,1
دلیلِ,daliil-e,1
سختی کشانِ,sa;xtii-kashaan-e,1
بے خودیِ,be-;xvudii-e,1
رخشندہ,ra;xshindah,1
رہرو,rahrau,1
دستار,dastaar,1
مسلماں,musalmaa;n,1
چلنے,chalne,1
گاڑھو,gaa;rho,1
بہانے,bahaane,1
اطفال,a:tfaal,1
نشاط آہنگ,nashaa:t-aahang,1
تقریبِ,taqriib-e,1
گہر بار,guhar-baar,1
غفلت شعاری,;gaflat-shi((aarii,1
نومیدی,naumiidii,1
باغ بانیِ,baa;g-baanii-e,1
جھوٹ,jhuu;t,1
بستانی,bustaanii,1
کار گر,kaar-gar,1
سکھاتا,sikhaataa,1
مضمر,mu.zmar,1
چشم نمائی,chashm-numaa))ii,1
عرصہ,((ar.sah,1
ورع,vara((,1
صحرا گرد,.sa;hraa-gard,1
فتنہوفساد,fitnah-o-fasaad,1
گیرائی,giiraa))ii,1
ثوابِ,;savaab-e,1
گرداب,girdaab,1
سرابِ,saraab-e,1
بندگیِ,bandagii-e,1
سر بر,sar-bar,1
لکھنئو,lakhna))uu,1
صرفہ,.sarfah,1
چکے,chuke,1
ہوگی,hogii,1
لال,laal,1
لام,laam,1
بے آبرو,be-aabruu,1
نغمہِ,na;gmah-e,1
گل فروشِ,gul-farosh-e,1
آب دار,aab-daar,1
ملنا,malnaa,1
دھول دھپّا,dhaul-dhappaa,1
چار دہم,chaar-duham,1
گریز پا,gurez-paa,1
بیگانگیِ,begaanagii-e,1
نورِ,nuur-e,1
نازاں,naazaa;n,1
سیہ مست,siyah-mast,1
سطوت,sa:tvat,1
ربطِ,rab:t-e,1
تیز سا,tez-saa,1
زوال آمادہ,zavaal-aamaadah,1
اٹھاتا,u;thaataa,1
قط,qa:t,1
نا مہرباں,naa-mihrbaa;n,1
آشفتہ نوا,aashuftah-navaa,1
برہنگی,barahnagii,1
گھسنے,ghisne,1
پرِ,par-e,1
مقام,maqaam,1
لکھا,likkhaa,1
ابروباد,abr-o-baad,1
سرشتہ داری,sarishtah-daarii,1
ہئوں,hu))o;n,1
از دست رفتہ,az-dast-raftah,1
بے حجابیاں,be-;hijaabiyaa;n,1
جاں دادہِ,jaa;n-daadah-e,1
سر ب سر,sar-ba-sar,1
ماجرا,maajraa,1
برجا ماندہ,barjaa-maa;ndah,1
جرم,jurm,1
بنات ال نعشِ,banaat-ul-na((sh-e,1
سنبھلنے,sa;nbhalne,1
تشنگیِ,tishnagii-e,1
اتراتا,itraataa,1
نیند,niind,1
بوتے,bote,1
ہتھکنڈے,hathka;n;de,1
لعلوگہر,la((l-o-guhar,1
بدلا,badlaa,1
گزشتہ,guzashtah,1
نالاں,naalaa;n,1
شیریں سخن,shiirii;n-su;xan,1
نیرنگ,nairang,1
وا ماندگیاں,vaa-maa;ndagiyaa;n,1
مے کدہِ,mai-kadah-e,1
سوزشِ,sozish-e,1
کروڑوں,karo;ro;n,1
خوں نابہ فشانی,;xuu;n-naabah-fishaanii,1
لاشِ,laash-e,1
گستاخی,gustaa;xii,1
کشاکشہاے,kashaakash'haa-e,1
ناچار,naachaar,1
روکے,roke,1
کم تر,kam-tar,1
حظِّ,;ha:z:z-e,1
تشنہ کام,tishnah-kaam,1
خونیں نواے,;xuunii;n-navaa-e,1
فرقِ,farq-e,1
رم,ram,1
شوریدگی,shoriidagii,1
کھینچو,khe;ncho,1
بحرِ,ba;hr-e,1
قفاے,qafaa-e,1
رنجوری,ranjuurii,1
شرمندہِ,sharmindah-e,1
گلستانِ,gulistaan-e,1
کلیجا,kalejaa,1
اہم,aham,1
طمعِ,:tama((-e,1
حیرت کدہِ,;hairat-kadah-e,1
شکارِ,shikaar-e,1
وا گردیدہ,vaa-gardiidah,1
لیالی,liyaalii,1
پیاس,pyaas,1
پچ,pach,1
ملی,milii,1
نصیب,na.siib,1
لگن,lagan,1
ابرو,abruu,1
منصبِ,man.sab-e,1
بے دستوپائی,be-dast-o-paa))ii,1
ابرام,ibraam,1
جھکا,jhukaa,1
مبتلاے,mubtalaa-e,1
گل فامِ,gul-faam-e,1
گفتہِ,guftah-e,1
رکنے,rukne,1
شکستن,shikastan,1
فریادیِ,faryaadii-e,1
غزل خواں,;gazal-;xvaa;n,1
زبونیِ,zabuunii-e,1
تیز رو,tez-rau,1
خطّوخال,;xa:t:t-o-;xaal,1
ستم زدہ,sitam-zadah,1
شق,shaq,1
عشقومزدوریِ,((ishq-o-mazduurii-e,1
کھائے,khaa))e,1
آہن,aahan,1
امن,amn,1
سمجھیے,samajhye,1
قد,qad,1
قمار خانہِ,qimaar-;xaanah-e,1
بیدارِ,bedaar-e,1
شرمائے,sharmaa))e,1
قے,qai,1
بادہ آشامی,baadah-aashaamii,1
گلفام,gulfaam,1
نکو نامیِ,niko-naamii-e,1
بے دوا,be-davaa,1
تحصیل,ta;h.siil,1
تند خو,tund-;xuu,1
لگایا,lagaayaa,1
نایونوش,naay-o-nosh,1
غزل سرا,;gazal-saraa,1
بے شمع,be-sham((a,1
نا کامیِ,naa-kaamii-e,1
دلا,dilaa,1
گل کتر,gul-katar,1
جولاں,jaulaa;n,1
بالینِ,baaliin-e,1
بھروں,bharuu;n,1
تمکیں آزما,tamkii;n-aazmaa,1
مہ رخوں,mah-ru;xo;n,1
مشکل پسند,mushkil-pasand,1
غمزہِ,;gamzah-e,1
بھلے,bhale,1
بے پرتوِ,be-partav-e,1
حسرت پرست,;hasrat-parast,1
آشیان,aashiyaan,1
خو گر,;xuu-gar,1
خرقہوسجّادہ,;xirqah-o-sajjaadah,1
ودیعت خانہِ,vadii((at-;xaanah-e,1
عنبر بارِ,((anbar-baar-e,1
خانہ خرابی,;xaanah-;xaraabii,1
ہم پیشہوہم مشربوہم راز,ham-peshah-o-ham-mashrab-o-ham-raaz,1
ناصیہ فرسا,naa.siyah-farsaa,1
حسود,;hasuud,1
جدائی,judaa))ii,1
شفق آلودہ,shafaq-aaluudah,1
لاتی,laatii,1
اقلیمِ,iqliim-e,1
چاہ,chaah,1
مصیبت,mu.siibat,1
سر سبز,sar-sabz,1
بک,bik,1
پر شکن,pur-shikan,1
آسمانی,aasmaanii,1
آتش بار,aatish-baar,1
رفتہِ,raftah-e,1
طلسم,:tilism,1
جانو,jaano,1
نسخہہاے,nus;xah'haa-e,1
پیدائی,paidaa))ii,1
رہوں,rahuu;n,1
رزقِ,rizq-e,1
خرد,;xirad,1
گورِ,gor-e,1
شش جہتِ,shash-jihat-e,1
مقابلودعواے,muqaabil-o-da((vaa-e,1
مہ طلعتوں,mah-:tal((ato;n,1
جائیں‌گے,jaa))e;nge,1
معشوقِ,ma((shuuq-e,1
جاگیرِ,jaagiir-e,1
آتش دیدہ,aatish-diidah,1
حبابِ,;habaab-e,1
اداس,udaas,1
سونپا,sau;npaa,1
ڈھانپا,;dhaa;npaa,1
خانقاہ,;xaanaqaah,1
لخّتہاے,la;z;zat'haa-e,1
فرماتی,farmaatii,1
کم آزار,kam-aazaar,1
خم کدہ,;xum-kadah,1
سطوتِ,sa:tvat-e,1
تالیفِ,taaliif-e,1
اعتقاد,i((tiqaad,1
لٹتا,lu;ttaa,1
دبا,dabaa,1
بعد,bu((d,1
سروش,sarosh,1
بھوں,bho;n,1
چارہ جوئی,chaarah-juu))ii,1
سودِ,suud-e,1
ارمغاں,armu;gaa;n,1
سر تا پا,sar-taa-paa,1
اندھیری,a;ndherii,1
گفتارِ,guftaar-e,1
بو,bo,1
توڑا,to;raa,1
مقطعِ,maq:ta((-e,1
نازکی,naazukii,1
روبکار,ruubkaar,1
پیشے,peshe,1
امّید,ummed,1
سبک دست,subuk-dast,1
عیدِ,((iid-e,1
دو عالم دشت,do-((aalam-dasht,1
شیخوبرہمن,shai;x-o-barhaman,1
قیمت,qiimat,1
مستانہ,mastaanah,1
نا خوش,naa-;xvush,1
لکھتے,likhte,1
خستہِ,;xastah-e,1
طعنِ,:ta((n-e,1
حاجت,;haajat,1
یادگارِ,yaadgaar-e,1
سود,suud,1
پکڑے,pak;re,1
شہودوشاہدومشہود,shuhuud-o-shaahid-o-mashhuud,1
تریاکیِ,tiryaakii-e,1
غالیہ مو,;gaaliyah-mo,1
نصیحت نیوش,na.sii;hat-niyosh,1
ذمّہ,;zimmah,1
بے زبانوں,be-zabaano;n,1
خسِ,;xas-e,1
وام,vaam,1
عشرت گہِ,((ishrat-gah-e,1
شاہنشاہ,shaahinshaah,1
ریزشِ,rezish-e,1
چنگ,chang,1
درد مند,dard-mand,1
ہم نفسوں,ham-nafaso;n,1
ناب,naab,1
حجابووداعِ,;hijaab-o-vidaa((-e,1
راہ گزر,raah-guzar,1
عالی گہر,((aalii-guhar,1
مٹاتا,mi;taataa,1
قبلے,qible,1
مزاج,mizaaj,1
کشتیِ,kishtii-e,1
احوال,a;hvaal,1
وحدت,va;hdat,1
خام,;xaam,1
ہونگی,ho;ngii,1
تماشا دوست,tamaashaa-dost,1
یک جنبشِ,yak-junbish-e,1
چھری,chhurii,1
صنم کدہ,.sanam-kadah,1
بے درودیوار,be-dar-o-diivaar,1
فتح,fat;h,1
اماں,amaa;n,1
زخمیوں,za;xmiyo;n,1
آرائش,aaraa))ish,1
بد خویاں,bad-;xuuyaa;n,1
سرو قد,sarv-qad,1
مراد,muraad,1
باور,baavar,1
اگ,ug,1
بے حس,be-;his,1
چڑھی,cha;rhii,1
روانیِ,ravaanii-e,1
بو تراب,buu-turaab,1
افسوس,afsuus,1
سر پنجہِ,sar-panjah-e,1
نبرد پیشہ,nabard-peshah,1
مردانہ,mardaanah,1
خاترِ,;xaatir-e,1
نیم روز,niim-roz,1
زعمِ,zu((m-e,1
رسواے,rusvaa-e,1
مشہور,mashhuur,1
نے,nai,1
ورق گردانیِ,varaq-gardaanii-e,1
ندامت,nadaamat,1
بت خانے,but-;xaane,1
صدمہِ,.sadmah-e,1
بیداے,baidaa-e,1
تماشائیِ,tamaashaa))ii-e,1
آغوش کشا,aa;gosh-kushaa,1
جوّالہ,javvaalah,1
مہروماہ,mihr-o-maah,1
خاشاک,;xaashaak,1
بے ایّامِ,be-ayyaam-e,1
مافات,maafaat,1
صلے,.sile,1
طرّہہاے,:turrah'haa-e,1
دور دراز,duur-daraaz,1
ترکش,tarkash,1
اڑیں‌گے,u;re;nge,1
انکار,inkaar,1
بر روے,bar-ruu-e,1
سادگیہاے,saadagiihaa-e,1
حوریں,;huure;n,1
مہر آسا,mihr-aasaa,1
صد جلوہِ,.sad-jalvah-e,1
یک شہر,yak-shahr,1
جواں مرگ,javaa;n-marg,1
اڑتی سی,u;rtii-sii,1
پاسخِ,paasu;x-e,1
سمجھاویں‌گے,samjhaave;nge,1
کشاکشِ,kashaakash-e,1
کشتِ,kisht-e,1
فکر,fikr,1
چہرہ,chahrah,1
وبال,vabaal,1
قدیم,qadiim,1
احتیاط,i;htiyaa:t,1
ردیفِ,radiif-e,1
کٹ,ka;t,1
کاسہ,kaasah,1
اقامت,iqaamat,1
کھلنا,khulnaa,1
آفتابِ,aaftaab-e,1
رسوائیِ,rusvaa))ii-e,1
شیر,shiir,1
گل باز,gul-baaz,1
ہم نامیِ,ham-naamii-e,1
جنوں علامت,junuu;n-((alaamat,1
داغوں,daa;go;n,1
شعروں,shi((ro;n,1
امتیازِ,imtiyaaz-e,1
باغ بان,baa;g-baan,1
بلاؤں,balaa))o;n,1
زکاتِ,zakaat-e,1
بد مست,bad-mast,1
گرد بادِ,gird-baad-e,1
جسم,jism,1
مجالِ,majaal-e,1
وحشت خرامیہاے,va;hshat-;xiraamiihaa-e,1
مار,maar,1
ماہ,maah,1
پردہ سنجِ,pardah-sanj-e,1
سپندِ,sipand-e,1
مسرّتِ,musarrat-e,1
صبرِ,.sabr-e,1
لکیریں,lakiire;n,1
زیست,ziist,1
فتراک,fitraak,1
جادادِ,jaadaad-e,1
ڈرتا,;dartaa,1
نسیہونقدِ,nisyah-o-naqd-e,1
گہوبے گہ,gah-o-be-gah,1
عہدِ,((ahd-e,1
زبانیِ,zabaanii-e,1
نازوادا,naaz-o-adaa,1
بعید,ba((iid,1
بانگِ,baa;ng-e,1
جاں گسل,jaa;n-gusil,1
قریب,qariib,1
وظیفہ خوار,va:ziifah-;xvaar,1
جرئت آزما,jur))at-aazmaa,1
چبھو,chubho,1
سمائی,samaa))ii,1
آہوفریاد,aah-o-faryaad,1
عقل,((aql,1
ہوا خواہی,havaa-;xvaahii,1
سوکھ,suukh,1
نغمہہاے,na;gmah'haa-e,1
تاریکیِ,taariikii-e,1
غرقہِ,;garqah-e,1
شکنِ,shikan-e,1
مہجورِ,mahjuur-e,1
بائث,baa))i;s,1
افسونِ,afsuun-e,1
شکر,shukr,1
عبرت نگاہ,((ibrat-nigaah,1
مہر وش,mihr-vash,1
آفاق,aafaaq,1
راحت طلبی,raa;hat-:talabii,1
پاداشِ,paadaash-e,1
پھرتا,phirtaa,1
رہا,rihaa,1
سبزہ زار,sabzah-zaar,1
خیمے,;xeme,1
بے داد فن,be-daad-fan,1
گھستا,ghistaa,1
لطمہِ,la:tmah-e,1
چھوڑیں‌گے,chho;re;nge,1
دابتے,daabte,1
چھپانا,chhupaanaa,1
بے مدّعا,be-mudda((aa,1
پرکار,purkaar,1
شجرِ,shajar-e,1
جنّت,jinnat,1
کاغذی,kaa;ga;zii,1
باغ بانوکفِ,baa;g-baan-o-kaf-e,1
گنوا,ga;nvaa,1
بوجھ,bojh,1
نہال,nihaal,1
تخم,tu;xm,1
شادمانی,shaadmaanii,1
طعنوں,:ta((no;n,1
جنازے,janaaze,1
نیم باز,niim-baaz,1
غسلِ,;gusl-e,1
اضطرابِ,i.z:tiraab-e,1
ادراکِ,idraak-e,1
آتش افشانی,aatish-afshaanii,1
سکندر,sikandar,1
ابناے,abnaa-e,1
موج زن,mauj-zan,1
چھوڑیں,chho;re;n,1
آرے,aare,1
چشمکہاے,chashmak'haa-e,1
عزمِ,((azm-e,1
خود رفتہِ,;xvud-raftah-e,1
رہتا,rahtaa,1
ٹپکتی,;tapaktii,1
چھدے,chhide,1
کوند,ko;nd,1
خوشتر,;xvushtar,1
کیفیّتِ,kaifiyyat-e,1
نشّہہا,nashshah'haa,1
افشردن,afshurdan,1
دروازہ,darvaazah,1
پھندے,phande,1
مرثیہ,mar;siyah,1
اوک,ok,1
آلودہ,aaluudah,1
چالاک,chaalaak,1
جاویں,jaave;n,1
سبز,sabz,1
ظہور,:zuhuur,1
دستوخنجرِ,dast-o-;xanjar-e,1
پا بستگیِ,paa-bastagii-e,1
چہرے,chahre,1
گوشت,gosht,1
مےونغمہ,mai-o-na;gmah,1
اختر,a;xtar,1
فرداودی,fardaa-o-dii,1
ستم ایجاد,sitam-iijaad,1
زندانِ,zindaan-e,1
گوشے,goshe,1
بے دستوپا,be-dast-o-paa,1
پاسبانی,paasbaanii,1
گیاہ,giyaah,1
صہباے,.sahbaa-e,1
خدا ساز,;xudaa-saaz,1
طبیعی,:tabii((ii,1
روئیں,ro))e;n,1
پرسشہاے,pursish'haa-e,1
فریادوآہوزاری,faryaad-o-aah-o-zaarii,1
قطع,qa:t((a,1
کمان,kamaan,1
پاؤں,paa))uu;n,1
نومید,naumiid,1
گنجفہ بازِ,ganjifah-baaz-e,1
دلالِ,dallaal-e,1
گداختہ,gudaa;xtah,1
شعاے,shu((aa-e,1
خاطرِ,;xaa:tir-e,1
پیا,piyaa,1
فرو,faro,1
روبکاری,ruubakaarii,1
فضاے,fa.zaa-e,1
عہدے,((uhde,1
پشیماں,pashemaa;n,1
بے در,be-dar,1
بتا,bataa,1
نقّاشِ,naqqaash-e,1
لے,lai,1
مژہہاے,mizhah'haa-e,1
بانی,baanii,1
ڈھونڈتا,;dhuu;n;dtaa,1
افتادہ,uftaadah,1
عیارِ,((ayaar-e,1
گریبانی,garebaanii,1
انجامِ,anjaam-e,1
مونس,muunis,1
آئینِ,aa))iin-e,1
دلوچشمِ,dil-o-chashm-e,1
عذر خواہِ,((u;zr-;xvaah-e,1
آفرینش,aafiriinish,1
صلاے,.salaa-e,1
پینے,piine,1
نا رسائی,naa-rasaa))ii,1
از بسکہ,az-baskih,1
قبلہ نما,qiblah-numaa,1
آئنہ پرداز,aa))inah-pardaaz,1
تیرِ,tiir-e,1
ٹپکانے,;tapkaane,1
طیور,:tayuur,1
کھیت,khet,1
کھائیو,khaa))iyo,1
زہرہ,zahrah,1
منحصر,mun;ha.sir,1
تلف,talaf,1
بلبلِ,bulbul-e,1
بے کراں,be-karaa;n,1
جاودانیِ,jaavidaanii-e,1
سپرد,supurd,1
لوحِ,lau;h-e,1
در ماندگی,dar-maa;ndagii,1
ستارہِ,sitaarah-e,1
مردہ,murdah,1
دب,dab,1
قلمِ,qalam-e,1
جبینِ,jabiin-e,1
شگاف,shigaaf,1
دے,dai,1
خارا,;xaaraa,1
شکستہ,shikastah,1
خسوخاشاکِ,;xas-o-;xaashaak-e,1
نوا سنجانِ,navaa-sanjaan-e,1
بیٹھیں,bai;the;n,1
بابِ,baab-e,1
کثرت آرائیِ,ka;srat-aaraa))ii-e,1
پھروں,phiruu;n,1
غارت,;gaarat,1
رو سیاہ,ruu-siyaah,1
طرب انشاے,:tarab-inshaa-e,1
خورشیدوماہ,;xvurshiid-o-maah,1
طاقت ربا,:taaqat-rubaa,1
مژگانی,mizhgaanii,1
ظہوری,:zuhuurii,1
لاویں‌گے,laave;nge,1
ہندوستان,hinduustaan,1
سخت جانیہاے,sa;xt-jaaniihaa-e,1
چوری,chorii,1
زہرِ,zahr-e,1
طوقِ,:tauq-e,1
بجھا,bujhaa,1
دینی,denii,1
اگتی,ugtii,1
احمقوں,a;hmaqo;n,1
سر نگونی,sar-niguunii,1
دکھاؤنگا,dikhaa))uu;ngaa,1
مدرسہ,madrasah,1
سویداے,suvaidaa-e,1
خراشِ,;xaraash-e,1
دیارِ,diyaar-e,1
نہنگ,nihang,1
غموشادی,;gam-o-shaadii,1
پندِ,pand-e,1
عکس,((aks,1
بندہ پرور,bandah-parvar,1
عادت,((aadat,1
حسرت زدہ,;hasrat-zadah,1
مہر,muhr,1
گرہ کشا,girah-kushaa,1
بیگانہِ,begaanah-e,1
کھرے,khare,1
لکھیے,likhiye,1
پہلو,pahluu,1
نمِ,nam-e,1
ورطہِ,var:tah-e,1
حضورِ,;hu.zuur-e,1
یاری,yaarii,1
بے پروبالی,be-par-o-baalii,1
داد خواہ,daad-;xvaah,1
طاعتوزہد,:taa((at-o-zuhd,1
عالم آرائی,((aalam-aaraa))ii,1
بندوبست,band-o-bast,1
بچتے,bachte,1
کیسے,kaise,1
ہدفِ,hadaf-e,1
ظلمت کدے,:zulmat-kade,1
سوختن,so;xtan,1
طول,:tuul,1
آتش نفس,aatish-nafas,1
زنانِ,zanaan-e,1
تپیدن,tapiidan,1
ناوک فگن,naavuk-figan,1
کھودیں,khode;n,1
طلبگارِ,:talabgaar-e,1
یقیں,yaqii;n,1
شیشہوقدحوکوزہوسبو,shiishah-o-qada;h-o-kuuzah-o-sabuu,1
عناں گیر,((inaa;n-giir,1
یک افغاں,yak-af;gaa;n,1
عشرت,((ishrat,1
تمہید,tamhiid,1
پستی,pastii,1
زود پشیماں,zuud-pashemaa;n,1
زیارت کدہ,ziyaarat-kadah,1
لاؤں,laa))uu;n,1
تعزیر,ta((ziir,1
نکلنے,nikalne,1
جانےگا,jaanegaa,1
مزے,maze,1
اسدِ,asad-e,1
گلیوں,galyo;n,1
ساقی گری,saaqii-garii,1
چاہنے,chaahne,1
تنک ظرفیِ,tunuk-:zarfii-e,1
کھینچی,khe;nchii,1
ہوشیاری,hoshyaarii,1
در کار,dar-kaar,1
تصوّرِ,ta.savvur-e,1
تیزِ,tez-e,1
اجارا,ijaaraa,1
شہ پر,shah-par,1
صید,.said,1
تحیّر,ta;haiyur,1
پانے,paane,1
کھینچیے,khe;nchiye,1
ن شنیدن,na-shuniidan,1
غزال,;gazaal,1
ہوا خواہ,havaa-;xvaah,1
آبوہوا,aab-o-havaa,1
ستائش,sataa))ish,1
سبحہوزنّار,sub;hah-o-zunnaar,1
بلغمی,bal;gamii,1
طاؤس,:taa))uus,1
مدفن,madfan,1
بیکسیِ,bekasii-e,1
انتقام,intiqaam,1
تلخ نوائی,tal;x-navaa))ii,1
پا بوس,paa-buus,1
عدالتِ,((adaalat-e,1
تراشا,taraashaa,1
مصلحت,ma.sla;hat,1
ناداں,naadaa;n,1
روح,ruu;h,1
رعونت,ra((uunat,1
زندگانیِ,zindagaanii-e,1
سبدِ,sabad-e,1
رنج آشنا,ranj-aashnaa,1
بکھر,bikhar,1
تیوری,tevarii,1
اڑتا,u;rtaa,1
آلاتِ,aalaat-e,1
مطربِ,mu:trib-e,1
مطلبِ,ma:tlab-e,1
صحّت,.si;h;hat,1
ثانی,;saanii,1
طفلانِ,:tiflaan-e,1
مرہونِ,marhuun-e,1
غم کدہ,;gam-kadah,1
فروزاں,furozaa;n,1
کریدتے,kuredte,1
سروبرگِ,sar-o-barg-e,1
خسوخاشاک,;xas-o-;xaashaak,1
سست رو,sust-ruu,1
شعار,shi((aar,1
عشقونا گزیرِ,((ishq-o-naa-guziir-e,1
جھگڑتے,jhaga;rte,1
عماری,((amaarii,1
خان ماں,;xaan-maa;n,1
دور,daur,1
نشّے,nashshe,1
ظرف,:zarf,1
چھڑکیں,chhi;rke;n,1
پئِ,pa))-e,1
اختراعِ,i;xtiraa((-e,1
پڑوں,pa;ruu;n,1
زمانہِ,zamaanah-e,1
خلوتِ,;xalvat-e,1
مطلوب,ma:tluub,1
سبک,subuk,1
سرووصنوبر,sarv-o-.sanobar,1
نیروے,niiruu-e,1
ستایش گر,sataayish-gar,1
دکھائیں,dikhaa))e;n,1
عاجزِ,((aajiz-e,1
سیاہی,siyaahii,1
لڑتا,la;rtaa,1
مصوّر,mu.savvir,1
مزار,mazaar,1
جنّت,jannat,1
باربدِ,baarbud-e,1
بے دماغ,be-dimaa;g,1
لخت لخت,la;xt-la;xt,1
شان,shaan,1
شمعیں,sham((e;n,1
رہوے,rahve,1
سنائے,sunaa))e,1
تغافل دوست,ta;gaaful-dost,1
مہر باں,mihr-baa;n,1
بوسِ,bos-e,1
توفیق,taufiiq,1
جلوہ نما,jalvah-numaa,1
اتنے,itne,1
ارزاں,arzaa;n,1
سر کش,sar-kash,1
پوچھی,puuchhii,1
لاوے,laave,1
ڈبو,;dubo,1
درازی,daraazii,1
نا توانیِ,naa-tavaanii-e,1
سلطنت,sul:tanat,1
فرماں رواے,farmaa;n-ravaa-e,1
غمزے,;gamze,1
اندازے,andaaze,1
جاوداں,jaavidaa;n,1
نشّہ,nashshah,1
پرواز,parvaaz,1
چھلے,chhalle,1
ضرور,.zaruur,1
قبا,qabaa,1
ہجر,hajr,1
شراب خانے,sharaab-;xaane,1
لرزے,larze,1
غلامِ,;gulaam-e,1
مہماں,mihmaa;n,1
نقدِ,naqd-e,1
بیکار,bekaar,1
اندوہ ربا,andoh-rubaa,1
حورانِ,;huuraan-e,1
تبسّمہاے,tabassumhaa-e,1
فسونِ,fusuun-e,1
بادبانِ,baadbaan-e,1
راتیں,raate;n,1
نو آموزِ,nau-aamoz-e,1
عالم تاب,((aalam-taab,1
گزرنا,guzarnaa,1
سخن ور,su;xan-var,1
تربت,turbat,1
زمزمہِ,zamzamah-e,1
شمار,shumaar,1
گلہاے,gul'haa-e,1
حرکت,;harakat,1
تشنہ لب,tishnah-lab,1
رہیو,rahyo,1
ڈبویا,;duboyaa,1
زرِ,zar-e,1
سرحدِ,sar;had-e,1
پیکان,paikaan,1
سنگ آمدہ,sang-aamadah,1
تغیّر,ta;gayyur,1
دروں,daruu;n,1
شیشہ,shiishah,1
غمّازی,;gammaazii,1
دھواں,dhuvaa;n,1
ہیچ مدانی,hech-madaanii,1
خلل,;xalal,1
کار گاہِ,kaar-gaah-e,1
خاکستروبلبل,;xaakistar-o-bulbul,1
خوبانِ,;xuubaan-e,1
ولیکن,valekin,1
طاعت,:taa((at,1
ہلال,hilaal,1
کھٹکے,kha;tke,1
عزّوناز,((izz-o-naaz,1
مصاحب,mu.saa;hib,1
جویاے,juuyaa-e,1
ڈھونڈھا,;dhuu;n;dhaa,1
مطلق,ma:tlaq,1
گلبانگِ,gulbaa;ng-e,1
دونا,duunaa,1
راہ زن,raah-zan,1
چھیڑوں,chhe;ruu;n,1
گرم بازارِ,garm-baazaar-e,1
دل کشا,dil-kushaa,1
محرومِ,ma;hruum-e,1
فرشتہ,farishtah,1
کوہِ,koh-e,1
حقِّ,;haqq-e,1
موتی,motii,1
ڈھونڈھے,;dhuu;n;dhe,1
مردن,murdan,1
ایّامِ,ayyaam-e,1
غلط انداز,;gala:t-andaaz,1
ال اماں,al-amaa;n,1
ورق,varaq,1
نیم کش,niim-kash,1
بد آموزیِ,bad-aamozii-e,1
مجروحِ,majruu;h-e,1
نا یاب,naa-yaab,1
الیٰہی,il;aahii,1
گل چیں,gul-chii;n,1
شبستانِ,shabistaan-e,1
رخسار,ru;xsaar,1
جہانِ,jahaan-e,1
روح ال قدس,ruu;h-ul-qudus,1
معرضِ,ma((ri.z-e,1
لافِ,laaf-e,1
چھیڑیے,chhe;riye,1
بود,buud,1
آشناے,aashnaa-e,1
نسیمِ,nasiim-e,1
چپک,chipak,1
مثال,mi;saal,1
ٹھانی,;thaanii,1
ثبات,;sabaat,1
پیچوتابِ,pech-o-taab-e,1
اپنا سا,apnaa-saa,1
سوزاں,sozaa;n,1
تعزیتِ,ta((ziyat-e,1
سر نامے,sar-naame,1
دوئی,duu))ii,1
کھائیں,khaa))e;n,1
مانگا,maa;ngaa,1
خانہ آرائی,;xaanah-aaraa))ii,1
چلیں,chale;n,1
کھینچتا,khai;nchtaa,1
مکتبِ,maktab-e,1
چاہیں,chaahe;n,1
غم خوارگی,;gam-;xvaaragii,1
حرف,;harf,1
رسوم,rusuum,1
ٹالیں‌گے,;taale;nge,1
دینودل,diin-o-dil,1
لاکھ,laakh,1
بجھتی,bujhtii,1
دیر,dair,1
بے دلی,be-dilii,1
مصیبتِ,mu.siibat-e,1
نا خدا,naa-;xudaa,1
سیاستِ,siyaasat-e,1
سبحہ,sub;hah,1
دست گرداں,dast-gardaa;n,1
ہم دمی,ham-damii,1
پشت خار,pusht-;xaar,1
شکیبِ,shakeb-e,1
شیفتگی,sheftagii,1
مشک بو,mushk-buu,1
نا حق,naa-;haq,1
یقینِ,yaqiin-e,1
سونپ,sau;np,1
عناں گیرِ,((inaa;n-giir-e,1
شغل,sha;gl,1
گنجہاے,ganj'haa-e,1
سر تا سر,sar-taa-sar,1
حیرانی,;hairaanii,1
بغل,ba;gal,1
حاجت مند,;haajat-mand,1
خود آرائی,;xvud-aaraa))ii,1
مشتمل,mushtamil,1
خامہ فرسا,;xaamah-farsaa,1
دوست دارِ,dost-daar-e,1
بننے,ban'ne,1
سراب,saraab,1
محال,mu;haal,1
ولی,valii,1
جلوہ گر,jalvah-gar,1
شنا,shinaa,1
معشوق,ma((shuuq,1
دراز دستیِ,daraaz-dastii-e,1
سرورِ,suruur-e,1
علم,((alam,1
دشوار پسند,dushvaar-pasand,1
پوجنا,puujnaa,1
شیر,sher,1
کوریِ,korii-e,1
کاوش,kaavish,1
ماتمِ,maatam-e,1
تصویر نما,ta.sviir-numaa,1
پا انداز,paa-andaaz,1
رندانِ,rindaan-e,1
رگوں,rago;n,1
چھوڑونگا,chho;ruu;ngaa,1
بے باک,be-baak,1
نقساں,nuqsaa;n,1
پوجتا,puujtaa,1
چارہ سازیِ,chaarah-saazii-e,1
نظرہاے,na:zar'haa-e,1
خجلتِ,;xajlat-e,1
کھلی,khulii,1
روشومستیِ,ravish-o-mastii-e,1
سفحہِ,saf;hah-e,1
بے گرہ,be-girah,1
رہائی,rihaa))ii,1
صلا,.salaa,1
زہر آب,zahr-aab,1
عربدہ میداں,((arbadah-maidaa;n,1
عذر خواہ,((u;zr-;xvaah,1
خمار,;xumaar,1
کتنا,kitnaa,1
غیور,;gayuur,1
ابھرا,ubhraa,1
آشتیِ,aashtii-e,1
بھرنے,bharne,1
کودکی,kuudakii,1
قدورخ,qad-o-ru;x,1
ستانا,sataanaa,1
جولانِ,jaulaan-e,1
حق شناس,;haq-shinaas,1
رازہاے,raaz'haa-e,1
بوریا,boriyaa,1
پارہہاے,paarah'haa-e,1
رنجشیں,ranjishe;n,1
مجبوریودعواے,majbuurii-o-da((vaa-e,1
کھائیے,khaa))iye,1
ہم نشیں,ham-nishii;n,1
ذات,;zaat,1
قباے,qabaa-e,1
سرشار,sarshaar,1
عیب,((aib,1
سفال,safaal,1
لالہوگل,laalah-o-gul,1
پری وش,parii-vash,1
تقلیدِ,taqliid-e,1
واجب,vaajib,1
گواہ,gavaah,1
خستہ جاں,;xastah-jaa;n,1
دو دم,do-dam,1
فقط,faqa:t,1
سینہ گداز,siinah-gudaaz,1
خلوتوجلوت,;xalvat-o-jalvat,1
نا ساز گاری,naa-saaz-gaarii,1
عناصر,((anaa.sir,1
مدحِ,mad;h-e,1
الٹے,ul;te,1
کپڑے,kap;re,1
تسبیحِ,tasbii;h-e,1
کھل,khil,1
مہر گیا,mihr-giyaa,1
کہوے,kahve,1
چارہ ساز,chaarah-saaz,1
ہل من مزید,hal-min-maziid,1
کنشت,kunisht,1
لطافت,la:taafat,1
باندھیے,baa;ndhiye,1
بردِ,bard-e,1
پہ,pih,1
من جملہِ,min-jumlah-e,1
تپاکِ,tapaak-e,1
خاتمِ,;xaatim-e,1
بہشت شمائل,bihisht-shamaa))il,1
انجمِ,anjum-e,1
محتاجِ,mu;htaaj-e,1
باطن,baa:tin,1
باطل,baa:til,1
حکم,;hukm,1
ہم سایہ,ham-saayah,1
خوں نابہ,;xuu;n-naabah,1
دگر,digar,1
سلکِ,silk-e,1
دل آزار,dil-aazaar,1
باز گشت,baaz-gasht,1
فروغ,furo;g,1
ہولِ,haul-e,1
سرشکِ,sirishk-e,1
ناسخ,naasi;x,1
تمثالِ,tim;saal-e,1
جرئتِ,jur))at-e,1
شیرازہِ,shiiraazah-e,1
زہد,zuhd,1
آئیں‌گے,aa))e;nge,1
ندیمِ,nadiim-e,1
شانہ کشِ,shaanah-kash-e,1
لئیم,la))iim,1
انگور,anguur,1
جزو,juzv,1
جلتے,jalte,1
دوشینہ,doshiinah,1
غرور,;guruur,1
سادہ دلی,saadah-dilii,1
دشنہوخنجر,dashnah-o-;xanjar,1
معزولیِ,ma((zuulii-e,1
فتنے,fitne,1
اصنامِ,a.snaam-e,1
نوا سنجِ,navaa-sanj-e,1
یگانہ,yagaanah,1
کرونگا,karuu;ngaa,1
پیغام,pai;gaam,1
نور,nuur,1
آوارگیہاے,aavaaragiihaa-e,1
وصفِ,va.sf-e,1
سمندِ,samand-e,1
معیّن,mu((ayyan,1
رسوموقیود,rusuum-o-quyuud,1
فقیروں,faqiiro;n,1
تجمّل,tajammul,1
چراغ,chiraa;g,1
مرغوبِ,mar;guub-e,1
جناب,janaab,1
